{"features":[{"geometry":{"coordinates":[1.89,56.796],"type":"Point"},"properties":{"assoc_gas_mmscfd":0.0,"condensate_mbd":0.0,"dry_gas_mmscfd":0.0,"field":"ABIGAIL","liquids_mboed":0.0,"location":"Offshore","natural_gas_mboed":0.0,"oil_mbd":0.0,"operator":"ITHACA ENERGY","period":"202607","region":"CNS","slug":"abigail","storage_unit_count":0,"total_mboed":0.0,"unit_count":1,"water_mbd":0.0},"type":"Feature"},{"geometry":{"coordinates":[2.733,56.416],"type":"Point"},"properties":{"assoc_gas_mmscfd":13.981,"condensate_mbd":0.0,"dry_gas_mmscfd":0.0,"field":"AFFLECK","liquids_mboed":4.176,"location":"Offshore","natural_gas_mboed":2.33,"oil_mbd":4.176,"operator":"NEO NEXT+ ENERGY","period":"202607","region":"CNS","slug":"affleck","storage_unit_count":0,"total_mboed":6.506,"unit_count":1,"water_mbd":1.271},"type":"Feature"},{"geometry":{"coordinates":[1.108,58.04],"type":"Point"},"properties":{"assoc_gas_mmscfd":0.016,"condensate_mbd":0.0,"dry_gas_mmscfd":0.0,"field":"ALBA","liquids_mboed":0.0,"location":"Offshore","natural_gas_mboed":0.003,"oil_mbd":0.0,"operator":"ITHACA ENERGY","period":"202607","region":"CNS","slug":"alba","storage_unit_count":0,"total_mboed":0.003,"unit_count":1,"water_mbd":0.0},"type":"Feature"},{"geometry":{"coordinates":[-4.221,60.382],"type":"Point"},"properties":{"assoc_gas_mmscfd":0.0,"condensate_mbd":0.0,"dry_gas_mmscfd":0.0,"field":"ALLIGIN","liquids_mboed":0.0,"location":"Offshore","natural_gas_mboed":0.0,"oil_mbd":0.0,"operator":"BP EXPLORATION","period":"202607","region":"WoS","slug":"alligin","storage_unit_count":0,"total_mboed":0.0,"unit_count":1,"water_mbd":0.0},"type":"Feature"},{"geometry":{"coordinates":[1.801,60.848],"type":"Point"},"properties":{"assoc_gas_mmscfd":0.0,"condensate_mbd":0.0,"dry_gas_mmscfd":0.0,"field":"ALWYN EAST","liquids_mboed":0.0,"location":"Offshore","natural_gas_mboed":0.0,"oil_mbd":0.0,"operator":"NEO NEXT+ ENERGY","period":"202607","region":"NNS","slug":"alwyn-east","storage_unit_count":0,"total_mboed":0.0,"unit_count":1,"water_mbd":0.0},"type":"Feature"},{"geometry":{"coordinates":[1.743,60.799],"type":"Point"},"properties":{"assoc_gas_mmscfd":35.203,"condensate_mbd":0.0,"dry_gas_mmscfd":0.0,"field":"ALWYN NORTH","liquids_mboed":2.338,"location":"Offshore","natural_gas_mboed":5.867,"oil_mbd":2.338,"operator":"NEO NEXT+ ENERGY","period":"202607","region":"NNS","slug":"alwyn-north","storage_unit_count":0,"total_mboed":8.206,"unit_count":1,"water_mbd":9.351},"type":"Feature"},{"geometry":{"coordinates":[1.411,58.04],"type":"Point"},"properties":{"assoc_gas_mmscfd":15.058,"condensate_mbd":0.0,"dry_gas_mmscfd":0.0,"field":"ANDREW","liquids_mboed":1.904,"location":"Offshore","natural_gas_mboed":2.51,"oil_mbd":1.904,"operator":"BP EXPLORATION","period":"202607","region":"CNS","slug":"andrew","storage_unit_count":0,"total_mboed":4.414,"unit_count":1,"water_mbd":38.928},"type":"Feature"},{"geometry":{"coordinates":[0.571,53.898],"type":"Point"},"properties":{"assoc_gas_mmscfd":0.0,"condensate_mbd":0.004,"dry_gas_mmscfd":1.695,"field":"APOLLO","liquids_mboed":0.004,"location":"Offshore","natural_gas_mboed":0.283,"oil_mbd":0.0,"operator":"PERENCO OIL & GAS","period":"202607","region":"SNS","slug":"apollo","storage_unit_count":0,"total_mboed":0.287,"unit_count":1,"water_mbd":0.014},"type":"Feature"},{"geometry":{"coordinates":[1.358,57.373],"type":"Point"},"properties":{"assoc_gas_mmscfd":0.743,"condensate_mbd":0.0,"dry_gas_mmscfd":0.0,"field":"ARBROATH","liquids_mboed":1.454,"location":"Offshore","natural_gas_mboed":0.124,"oil_mbd":1.454,"operator":"NEO NEXT+ ENERGY","period":"202607","region":"CNS","slug":"arbroath","storage_unit_count":0,"total_mboed":1.578,"unit_count":1,"water_mbd":9.526},"type":"Feature"},{"geometry":{"coordinates":[1.498,57.302],"type":"Point"},"properties":{"assoc_gas_mmscfd":0.179,"condensate_mbd":0.0,"dry_gas_mmscfd":0.0,"field":"ARKWRIGHT","liquids_mboed":0.267,"location":"Offshore","natural_gas_mboed":0.03,"oil_mbd":0.267,"operator":"NEO NEXT+ ENERGY","period":"202607","region":"CNS","slug":"arkwright","storage_unit_count":0,"total_mboed":0.297,"unit_count":1,"water_mbd":1.787},"type":"Feature"},{"geometry":{"coordinates":[2.098,57.482],"type":"Point"},"properties":{"assoc_gas_mmscfd":57.601,"condensate_mbd":0.0,"dry_gas_mmscfd":0.0,"field":"ARRAN","liquids_mboed":1.79,"location":"Offshore","natural_gas_mboed":9.6,"oil_mbd":1.79,"operator":"ADURA ENERGY","period":"202607","region":"CNS","slug":"arran","storage_unit_count":0,"total_mboed":11.39,"unit_count":1,"water_mbd":0.087},"type":"Feature"},{"geometry":{"coordinates":[1.424,58.195],"type":"Point"},"properties":{"assoc_gas_mmscfd":0.0,"condensate_mbd":0.0,"dry_gas_mmscfd":0.0,"field":"ARUNDEL","liquids_mboed":1.202,"location":"Offshore","natural_gas_mboed":0.0,"oil_mbd":1.202,"operator":"BP EXPLORATION","period":"202607","region":"CNS","slug":"arundel","storage_unit_count":0,"total_mboed":1.202,"unit_count":1,"water_mbd":4.605},"type":"Feature"},{"geometry":{"coordinates":[2.078,56.395],"type":"Point"},"properties":{"assoc_gas_mmscfd":0.0,"condensate_mbd":0.0,"dry_gas_mmscfd":0.0,"field":"AUK","liquids_mboed":0.0,"location":"Offshore","natural_gas_mboed":0.0,"oil_mbd":0.0,"operator":"NEO NEXT+ ENERGY","period":"202607","region":"CNS","slug":"auk","storage_unit_count":0,"total_mboed":0.0,"unit_count":1,"water_mbd":0.0},"type":"Feature"},{"geometry":{"coordinates":[1.26,57.694],"type":"Point"},"properties":{"assoc_gas_mmscfd":0.0,"condensate_mbd":0.0,"dry_gas_mmscfd":7.057,"field":"AVIAT","liquids_mboed":0.0,"location":"Offshore","natural_gas_mboed":1.176,"oil_mbd":0.0,"operator":"APACHE CORPORATION","period":"202607","region":"CNS","slug":"aviat","storage_unit_count":0,"total_mboed":1.176,"unit_count":1,"water_mbd":0.0},"type":"Feature"},{"geometry":{"coordinates":[1.261,53.949],"type":"Point"},"properties":{"assoc_gas_mmscfd":0.0,"condensate_mbd":0.0,"dry_gas_mmscfd":13.428,"field":"BABBAGE","liquids_mboed":0.0,"location":"Offshore","natural_gas_mboed":2.238,"oil_mbd":0.0,"operator":"NEO NEXT+ ENERGY","period":"202607","region":"SNS","slug":"babbage","storage_unit_count":0,"total_mboed":2.238,"unit_count":1,"water_mbd":0.024},"type":"Feature"},{"geometry":{"coordinates":[1.078,57.768],"type":"Point"},"properties":{"assoc_gas_mmscfd":0.57,"condensate_mbd":0.0,"dry_gas_mmscfd":0.0,"field":"BACCHUS","liquids_mboed":0.874,"location":"Offshore","natural_gas_mboed":0.095,"oil_mbd":0.874,"operator":"APACHE CORPORATION","period":"202607","region":"CNS","slug":"bacchus","storage_unit_count":0,"total_mboed":0.969,"unit_count":1,"water_mbd":0.387},"type":"Feature"},{"geometry":{"coordinates":[2.528,53.271],"type":"Point"},"properties":{"assoc_gas_mmscfd":0.0,"condensate_mbd":0.0,"dry_gas_mmscfd":0.054,"field":"BAIRD","liquids_mboed":0.0,"location":"Offshore","natural_gas_mboed":0.009,"oil_mbd":0.0,"operator":"PERENCO OIL & GAS","period":"202607","region":"SNS","slug":"baird","storage_unit_count":0,"total_mboed":0.009,"unit_count":1,"water_mbd":0.0},"type":"Feature"},{"geometry":{"coordinates":[0.885,58.379],"type":"Point"},"properties":{"assoc_gas_mmscfd":0.0,"condensate_mbd":0.0,"dry_gas_mmscfd":0.0,"field":"BALLOCH","liquids_mboed":0.0,"location":"Offshore","natural_gas_mboed":0.0,"oil_mbd":0.0,"operator":"NEO NEXT+ ENERGY","period":"202607","region":"CNS","slug":"balloch","storage_unit_count":0,"total_mboed":0.0,"unit_count":1,"water_mbd":0.0},"type":"Feature"},{"geometry":{"coordinates":[1.406,57.624],"type":"Point"},"properties":{"assoc_gas_mmscfd":0.0,"condensate_mbd":0.0,"dry_gas_mmscfd":0.0,"field":"BARDOLINO","liquids_mboed":0.0,"location":"Offshore","natural_gas_mboed":0.0,"oil_mbd":0.0,"operator":"BRIDGE PETROLEUM GROUP","period":"202607","region":"CNS","slug":"bardolino","storage_unit_count":0,"total_mboed":0.0,"unit_count":1,"water_mbd":0.0},"type":"Feature"},{"geometry":{"coordinates":[1.792,61.164],"type":"Point"},"properties":{"assoc_gas_mmscfd":0.652,"condensate_mbd":0.0,"dry_gas_mmscfd":0.0,"field":"BARNACLE","liquids_mboed":0.207,"location":"Offshore","natural_gas_mboed":0.109,"oil_mbd":0.207,"operator":"EQUINOR ASA","period":"202607","region":"NNS","slug":"barnacle","storage_unit_count":0,"total_mboed":0.316,"unit_count":1,"water_mbd":6.363},"type":"Feature"},{"geometry":{"coordinates":[1.574,53.592],"type":"Point"},"properties":{"assoc_gas_mmscfd":0.0,"condensate_mbd":0.044,"dry_gas_mmscfd":26.509,"field":"BARQUE","liquids_mboed":0.044,"location":"Offshore","natural_gas_mboed":4.418,"oil_mbd":0.0,"operator":"SHELL PLC","period":"202607","region":"SNS","slug":"barque","storage_unit_count":0,"total_mboed":4.463,"unit_count":1,"water_mbd":0.129},"type":"Feature"},{"geometry":{"coordinates":[1.509,53.602],"type":"Point"},"properties":{"assoc_gas_mmscfd":0.0,"condensate_mbd":0.001,"dry_gas_mmscfd":0.687,"field":"BARQUE SOUTH","liquids_mboed":0.001,"location":"Offshore","natural_gas_mboed":0.114,"oil_mbd":0.0,"operator":"SHELL PLC","period":"202607","region":"SNS","slug":"barque-south","storage_unit_count":0,"total_mboed":0.116,"unit_count":1,"water_mbd":0.0},"type":"Feature"},{"geometry":{"coordinates":[2.539,53.171],"type":"Point"},"properties":{"assoc_gas_mmscfd":0.0,"condensate_mbd":0.0,"dry_gas_mmscfd":0.0,"field":"BEAUFORT","liquids_mboed":0.0,"location":"Offshore","natural_gas_mboed":0.0,"oil_mbd":0.0,"operator":"PERENCO OIL & GAS","period":"202607","region":"SNS","slug":"beaufort","storage_unit_count":0,"total_mboed":0.0,"unit_count":1,"water_mbd":0.0},"type":"Feature"},{"geometry":{"coordinates":[0.951,57.04],"type":"Point"},"properties":{"assoc_gas_mmscfd":0.0,"condensate_mbd":0.0,"dry_gas_mmscfd":0.0,"field":"BELINDA","liquids_mboed":0.0,"location":"Offshore","natural_gas_mboed":0.0,"oil_mbd":0.0,"operator":"SERICA ENERGY","period":"202607","region":"CNS","slug":"belinda","storage_unit_count":0,"total_mboed":0.0,"unit_count":1,"water_mbd":0.0},"type":"Feature"},{"geometry":{"coordinates":[2.416,53.256],"type":"Point"},"properties":{"assoc_gas_mmscfd":0.0,"condensate_mbd":0.0,"dry_gas_mmscfd":4.095,"field":"BELL [PERENCO]","liquids_mboed":0.0,"location":"Offshore","natural_gas_mboed":0.683,"oil_mbd":0.0,"operator":"PERENCO OIL & GAS","period":"202607","region":"SNS","slug":"bell-perenco","storage_unit_count":0,"total_mboed":0.683,"unit_count":1,"water_mbd":0.008},"type":"Feature"},{"geometry":{"coordinates":[1.516,59.556],"type":"Point"},"properties":{"assoc_gas_mmscfd":17.159,"condensate_mbd":0.0,"dry_gas_mmscfd":0.0,"field":"BERYL","liquids_mboed":3.38,"location":"Offshore","natural_gas_mboed":2.86,"oil_mbd":3.38,"operator":"APACHE CORPORATION","period":"202607","region":"NNS","slug":"beryl","storage_unit_count":0,"total_mboed":6.24,"unit_count":1,"water_mbd":5.821},"type":"Feature"},{"geometry":{"coordinates":[2.463,53.202],"type":"Point"},"properties":{"assoc_gas_mmscfd":0.0,"condensate_mbd":0.0,"dry_gas_mmscfd":0.0,"field":"BESSEMER","liquids_mboed":0.0,"location":"Offshore","natural_gas_mboed":0.0,"oil_mbd":0.0,"operator":"PERENCO OIL & GAS","period":"202607","region":"SNS","slug":"bessemer","storage_unit_count":0,"total_mboed":0.0,"unit_count":1,"water_mbd":0.0},"type":"Feature"},{"geometry":{"coordinates":[1.029,56.909],"type":"Point"},"properties":{"assoc_gas_mmscfd":7.653,"condensate_mbd":0.0,"dry_gas_mmscfd":0.0,"field":"BITTERN","liquids_mboed":5.317,"location":"Offshore","natural_gas_mboed":1.276,"oil_mbd":5.317,"operator":"DANA PETROLEUM LIMITED","period":"202607","region":"CNS","slug":"bittern","storage_unit_count":0,"total_mboed":6.593,"unit_count":1,"water_mbd":13.961},"type":"Feature"},{"geometry":{"coordinates":[-1.314,58.205],"type":"Point"},"properties":{"assoc_gas_mmscfd":12.538,"condensate_mbd":0.0,"dry_gas_mmscfd":0.0,"field":"BLAKE","liquids_mboed":5.216,"location":"Offshore","natural_gas_mboed":2.09,"oil_mbd":5.216,"operator":"NEO NEXT+ ENERGY","period":"202607","region":"CNS","slug":"blake","storage_unit_count":0,"total_mboed":7.306,"unit_count":1,"water_mbd":23.968},"type":"Feature"},{"geometry":{"coordinates":[2.449,56.896],"type":"Point"},"properties":{"assoc_gas_mmscfd":0.04,"condensate_mbd":0.0,"dry_gas_mmscfd":0.0,"field":"BLANE","liquids_mboed":1.036,"location":"Offshore","natural_gas_mboed":0.007,"oil_mbd":1.036,"operator":"BRIDGE PETROLEUM GROUP","period":"202607","region":"CNS","slug":"blane","storage_unit_count":0,"total_mboed":1.043,"unit_count":1,"water_mbd":2.474},"type":"Feature"},{"geometry":{"coordinates":[1.415,53.241],"type":"Point"},"properties":{"assoc_gas_mmscfd":0.0,"condensate_mbd":0.03,"dry_gas_mmscfd":2.515,"field":"BLYTHE","liquids_mboed":0.03,"location":"Offshore","natural_gas_mboed":0.419,"oil_mbd":0.0,"operator":"PERENCO OIL & GAS","period":"202607","region":"SNS","slug":"blythe","storage_unit_count":0,"total_mboed":0.449,"unit_count":1,"water_mbd":0.002},"type":"Feature"},{"geometry":{"coordinates":[1.919,59.612],"type":"Point"},"properties":{"assoc_gas_mmscfd":0.428,"condensate_mbd":0.0,"dry_gas_mmscfd":0.0,"field":"BOA","liquids_mboed":0.379,"location":"Offshore","natural_gas_mboed":0.071,"oil_mbd":0.379,"operator":"NEO NEXT+ ENERGY","period":"202607","region":"NNS","slug":"boa","storage_unit_count":0,"total_mboed":0.45,"unit_count":1,"water_mbd":3.04},"type":"Feature"},{"geometry":{"coordinates":[2.894,53.025],"type":"Point"},"properties":{"assoc_gas_mmscfd":0.0,"condensate_mbd":0.0,"dry_gas_mmscfd":4.983,"field":"BOYLE","liquids_mboed":0.0,"location":"Offshore","natural_gas_mboed":0.83,"oil_mbd":0.0,"operator":"PERENCO OIL & GAS","period":"202607","region":"SNS","slug":"boyle","storage_unit_count":0,"total_mboed":0.83,"unit_count":1,"water_mbd":0.0},"type":"Feature"},{"geometry":{"coordinates":[1.322,58.736],"type":"Point"},"properties":{"assoc_gas_mmscfd":0.491,"condensate_mbd":0.0,"dry_gas_mmscfd":0.0,"field":"BRAE-CENTRAL [Part of BRAE]","liquids_mboed":0.216,"location":"Offshore","natural_gas_mboed":0.082,"oil_mbd":0.216,"operator":"TAQA EUROPA B.V.","period":"202607","region":"NNS","slug":"brae-central-part-of-brae","storage_unit_count":0,"total_mboed":0.298,"unit_count":1,"water_mbd":0.028},"type":"Feature"},{"geometry":{"coordinates":[1.322,58.736],"type":"Point"},"properties":{"assoc_gas_mmscfd":2.011,"condensate_mbd":0.0,"dry_gas_mmscfd":0.0,"field":"BRAE-SOUTH [Part of BRAE]","liquids_mboed":0.833,"location":"Offshore","natural_gas_mboed":0.335,"oil_mbd":0.833,"operator":"TAQA EUROPA B.V.","period":"202607","region":"NNS","slug":"brae-south-part-of-brae","storage_unit_count":0,"total_mboed":1.168,"unit_count":1,"water_mbd":5.579},"type":"Feature"},{"geometry":{"coordinates":[0.489,54.601],"type":"Point"},"properties":{"assoc_gas_mmscfd":0.0,"condensate_mbd":0.12,"dry_gas_mmscfd":46.636,"field":"BREAGH","liquids_mboed":0.12,"location":"Offshore","natural_gas_mboed":7.773,"oil_mbd":0.0,"operator":"INEOS INDUSTRIES","period":"202607","region":"SNS","slug":"breagh","storage_unit_count":0,"total_mboed":7.893,"unit_count":1,"water_mbd":0.079},"type":"Feature"},{"geometry":{"coordinates":[1.569,57.314],"type":"Point"},"properties":{"assoc_gas_mmscfd":0.537,"condensate_mbd":0.0,"dry_gas_mmscfd":0.0,"field":"BRECHIN","liquids_mboed":0.528,"location":"Offshore","natural_gas_mboed":0.089,"oil_mbd":0.528,"operator":"NEO NEXT+ ENERGY","period":"202607","region":"CNS","slug":"brechin","storage_unit_count":0,"total_mboed":0.618,"unit_count":1,"water_mbd":1.869},"type":"Feature"},{"geometry":{"coordinates":[1.726,61.067],"type":"Point"},"properties":{"assoc_gas_mmscfd":0.0,"condensate_mbd":0.0,"dry_gas_mmscfd":0.0,"field":"BRENT","liquids_mboed":0.0,"location":"Offshore","natural_gas_mboed":0.0,"oil_mbd":0.0,"operator":"SHELL PLC","period":"202607","region":"NNS","slug":"brent","storage_unit_count":0,"total_mboed":0.0,"unit_count":1,"water_mbd":0.0},"type":"Feature"},{"geometry":{"coordinates":[2.661,53.391],"type":"Point"},"properties":{"assoc_gas_mmscfd":0.0,"condensate_mbd":0.0,"dry_gas_mmscfd":0.0,"field":"BRIGANTINE A","liquids_mboed":0.0,"location":"Offshore","natural_gas_mboed":0.0,"oil_mbd":0.0,"operator":"SHELL PLC","period":"202607","region":"SNS","slug":"brigantine-a","storage_unit_count":0,"total_mboed":0.0,"unit_count":1,"water_mbd":0.0},"type":"Feature"},{"geometry":{"coordinates":[2.631,53.418],"type":"Point"},"properties":{"assoc_gas_mmscfd":0.0,"condensate_mbd":0.008,"dry_gas_mmscfd":1.097,"field":"BRIGANTINE B","liquids_mboed":0.008,"location":"Offshore","natural_gas_mboed":0.183,"oil_mbd":0.0,"operator":"SHELL PLC","period":"202607","region":"SNS","slug":"brigantine-b","storage_unit_count":0,"total_mboed":0.19,"unit_count":1,"water_mbd":0.062},"type":"Feature"},{"geometry":{"coordinates":[2.717,53.425],"type":"Point"},"properties":{"assoc_gas_mmscfd":0.0,"condensate_mbd":0.032,"dry_gas_mmscfd":5.481,"field":"BRIGANTINE C","liquids_mboed":0.032,"location":"Offshore","natural_gas_mboed":0.913,"oil_mbd":0.0,"operator":"SHELL PLC","period":"202607","region":"SNS","slug":"brigantine-c","storage_unit_count":0,"total_mboed":0.945,"unit_count":1,"water_mbd":0.079},"type":"Feature"},{"geometry":{"coordinates":[2.67,53.441],"type":"Point"},"properties":{"assoc_gas_mmscfd":0.0,"condensate_mbd":0.0,"dry_gas_mmscfd":0.0,"field":"BRIGANTINE D","liquids_mboed":0.0,"location":"Offshore","natural_gas_mboed":0.0,"oil_mbd":0.0,"operator":"SHELL PLC","period":"202607","region":"SNS","slug":"brigantine-d","storage_unit_count":0,"total_mboed":0.0,"unit_count":1,"water_mbd":0.0},"type":"Feature"},{"geometry":{"coordinates":[1.043,57.718],"type":"Point"},"properties":{"assoc_gas_mmscfd":0.0,"condensate_mbd":0.0,"dry_gas_mmscfd":0.0,"field":"BRIMMOND","liquids_mboed":0.0,"location":"Offshore","natural_gas_mboed":0.0,"oil_mbd":0.0,"operator":"APACHE CORPORATION","period":"202607","region":"CNS","slug":"brimmond","storage_unit_count":0,"total_mboed":0.0,"unit_count":1,"water_mbd":0.0},"type":"Feature"},{"geometry":{"coordinates":[0.945,58.063],"type":"Point"},"properties":{"assoc_gas_mmscfd":70.161,"condensate_mbd":0.0,"dry_gas_mmscfd":0.0,"field":"BRITANNIA","liquids_mboed":1.909,"location":"Offshore","natural_gas_mboed":11.693,"oil_mbd":1.909,"operator":"HARBOUR ENERGY PLC","period":"202607","region":"CNS","slug":"britannia","storage_unit_count":0,"total_mboed":13.603,"unit_count":1,"water_mbd":0.693},"type":"Feature"},{"geometry":{"coordinates":[0.495,57.923],"type":"Point"},"properties":{"assoc_gas_mmscfd":26.76,"condensate_mbd":0.0,"dry_gas_mmscfd":0.0,"field":"BRODGAR","liquids_mboed":1.346,"location":"Offshore","natural_gas_mboed":4.46,"oil_mbd":1.346,"operator":"HARBOUR ENERGY PLC","period":"202607","region":"CNS","slug":"brodgar","storage_unit_count":0,"total_mboed":5.806,"unit_count":1,"water_mbd":10.61},"type":"Feature"},{"geometry":{"coordinates":[2.927,53.026],"type":"Point"},"properties":{"assoc_gas_mmscfd":0.0,"condensate_mbd":0.0,"dry_gas_mmscfd":1.676,"field":"BROWN","liquids_mboed":0.0,"location":"Offshore","natural_gas_mboed":0.279,"oil_mbd":0.0,"operator":"PERENCO OIL & GAS","period":"202607","region":"SNS","slug":"brown","storage_unit_count":0,"total_mboed":0.279,"unit_count":1,"water_mbd":0.0},"type":"Feature"},{"geometry":{"coordinates":[1.654,59.744],"type":"Point"},"properties":{"assoc_gas_mmscfd":20.831,"condensate_mbd":0.0,"dry_gas_mmscfd":0.0,"field":"BRUCE","liquids_mboed":0.835,"location":"Offshore","natural_gas_mboed":3.472,"oil_mbd":0.835,"operator":"SERICA ENERGY","period":"202607","region":"NNS","slug":"bruce","storage_unit_count":0,"total_mboed":4.307,"unit_count":1,"water_mbd":0.433},"type":"Feature"},{"geometry":{"coordinates":[1.562,59.458],"type":"Point"},"properties":{"assoc_gas_mmscfd":1.714,"condensate_mbd":0.0,"dry_gas_mmscfd":0.0,"field":"BUCKLAND","liquids_mboed":1.347,"location":"Offshore","natural_gas_mboed":0.286,"oil_mbd":1.347,"operator":"APACHE CORPORATION","period":"202607","region":"NNS","slug":"buckland","storage_unit_count":0,"total_mboed":1.633,"unit_count":1,"water_mbd":1.633},"type":"Feature"},{"geometry":{"coordinates":[0.676,56.752],"type":"Point"},"properties":{"assoc_gas_mmscfd":3.91,"condensate_mbd":0.0,"dry_gas_mmscfd":0.0,"field":"BURGMAN","liquids_mboed":5.543,"location":"Offshore","natural_gas_mboed":0.652,"oil_mbd":5.543,"operator":"HARBOUR ENERGY PLC","period":"202607","region":"CNS","slug":"burgman","storage_unit_count":0,"total_mboed":6.194,"unit_count":1,"water_mbd":33.847},"type":"Feature"},{"geometry":{"coordinates":[-0.946,57.833],"type":"Point"},"properties":{"assoc_gas_mmscfd":11.474,"condensate_mbd":0.0,"dry_gas_mmscfd":0.0,"field":"BUZZARD","liquids_mboed":35.942,"location":"Offshore","natural_gas_mboed":1.912,"oil_mbd":35.942,"operator":"CNOOC INTERNATIONAL","period":"202607","region":"CNS","slug":"buzzard","storage_unit_count":0,"total_mboed":37.855,"unit_count":1,"water_mbd":245.501},"type":"Feature"},{"geometry":{"coordinates":[-3.666,53.806],"type":"Point"},"properties":{"assoc_gas_mmscfd":0.0,"condensate_mbd":0.0,"dry_gas_mmscfd":5.323,"field":"CALDER","liquids_mboed":0.0,"location":"Offshore","natural_gas_mboed":0.887,"oil_mbd":0.0,"operator":"HARBOUR ENERGY PLC","period":"202607","region":"IS","slug":"calder","storage_unit_count":0,"total_mboed":0.887,"unit_count":1,"water_mbd":0.0},"type":"Feature"},{"geometry":{"coordinates":[0.738,58.002],"type":"Point"},"properties":{"assoc_gas_mmscfd":4.15,"condensate_mbd":0.0,"dry_gas_mmscfd":0.0,"field":"CALLANISH","liquids_mboed":4.182,"location":"Offshore","natural_gas_mboed":0.692,"oil_mbd":4.182,"operator":"HARBOUR ENERGY PLC","period":"202607","region":"CNS","slug":"callanish","storage_unit_count":0,"total_mboed":4.874,"unit_count":1,"water_mbd":15.903},"type":"Feature"},{"geometry":{"coordinates":[1.629,59.455],"type":"Point"},"properties":{"assoc_gas_mmscfd":2.833,"condensate_mbd":0.0,"dry_gas_mmscfd":0.0,"field":"CALLATER","liquids_mboed":0.359,"location":"Offshore","natural_gas_mboed":0.472,"oil_mbd":0.359,"operator":"APACHE CORPORATION","period":"202607","region":"NNS","slug":"callater","storage_unit_count":0,"total_mboed":0.832,"unit_count":1,"water_mbd":0.013},"type":"Feature"},{"geometry":{"coordinates":[-1.703,58.308],"type":"Point"},"properties":{"assoc_gas_mmscfd":5.869,"condensate_mbd":0.0,"dry_gas_mmscfd":0.0,"field":"CAPTAIN","liquids_mboed":26.564,"location":"Offshore","natural_gas_mboed":0.978,"oil_mbd":26.564,"operator":"ITHACA ENERGY","period":"202607","region":"CNS","slug":"captain","storage_unit_count":0,"total_mboed":27.542,"unit_count":1,"water_mbd":221.884},"type":"Feature"},{"geometry":{"coordinates":[2.875,53.437],"type":"Point"},"properties":{"assoc_gas_mmscfd":0.0,"condensate_mbd":0.036,"dry_gas_mmscfd":4.742,"field":"CARAVEL","liquids_mboed":0.036,"location":"Offshore","natural_gas_mboed":0.79,"oil_mbd":0.0,"operator":"SHELL PLC","period":"202607","region":"SNS","slug":"caravel","storage_unit_count":0,"total_mboed":0.827,"unit_count":1,"water_mbd":0.388},"type":"Feature"},{"geometry":{"coordinates":[1.367,57.381],"type":"Point"},"properties":{"assoc_gas_mmscfd":0.013,"condensate_mbd":0.0,"dry_gas_mmscfd":0.0,"field":"CARNOUSTIE","liquids_mboed":0.024,"location":"Offshore","natural_gas_mboed":0.002,"oil_mbd":0.024,"operator":"NEO NEXT+ ENERGY","period":"202607","region":"CNS","slug":"carnoustie","storage_unit_count":0,"total_mboed":0.026,"unit_count":1,"water_mbd":0.234},"type":"Feature"},{"geometry":{"coordinates":[2.782,53.605],"type":"Point"},"properties":{"assoc_gas_mmscfd":0.0,"condensate_mbd":0.103,"dry_gas_mmscfd":14.927,"field":"CARRACK","liquids_mboed":0.103,"location":"Offshore","natural_gas_mboed":2.488,"oil_mbd":0.0,"operator":"SHELL PLC","period":"202607","region":"SNS","slug":"carrack","storage_unit_count":0,"total_mboed":2.591,"unit_count":1,"water_mbd":0.03},"type":"Feature"},{"geometry":{"coordinates":[0.766,56.802],"type":"Point"},"properties":{"assoc_gas_mmscfd":5.446,"condensate_mbd":0.0,"dry_gas_mmscfd":0.0,"field":"CATCHER","liquids_mboed":8.099,"location":"Offshore","natural_gas_mboed":0.908,"oil_mbd":8.099,"operator":"HARBOUR ENERGY PLC","period":"202607","region":"CNS","slug":"catcher","storage_unit_count":0,"total_mboed":9.007,"unit_count":1,"water_mbd":32.559},"type":"Feature"},{"geometry":{"coordinates":[1.226,57.421],"type":"Point"},"properties":{"assoc_gas_mmscfd":11.548,"condensate_mbd":0.0,"dry_gas_mmscfd":0.0,"field":"CAYLEY","liquids_mboed":0.415,"location":"Offshore","natural_gas_mboed":1.925,"oil_mbd":0.415,"operator":"NEO NEXT+ ENERGY","period":"202607","region":"CNS","slug":"cayley","storage_unit_count":0,"total_mboed":2.339,"unit_count":1,"water_mbd":0.0},"type":"Feature"},{"geometry":{"coordinates":[0.704,53.778],"type":"Point"},"properties":{"assoc_gas_mmscfd":0.0,"condensate_mbd":0.0,"dry_gas_mmscfd":0.0,"field":"CERES","liquids_mboed":0.0,"location":"Offshore","natural_gas_mboed":0.0,"oil_mbd":0.0,"operator":"SPIRIT ENERGY","period":"202607","region":"SNS","slug":"ceres","storage_unit_count":0,"total_mboed":0.0,"unit_count":1,"water_mbd":0.0},"type":"Feature"},{"geometry":{"coordinates":[0.369,58.389],"type":"Point"},"properties":{"assoc_gas_mmscfd":0.0,"condensate_mbd":0.0,"dry_gas_mmscfd":0.0,"field":"CHANTER","liquids_mboed":0.0,"location":"Offshore","natural_gas_mboed":0.0,"oil_mbd":0.0,"operator":"NEO NEXT+ ENERGY","period":"202607","region":"CNS","slug":"chanter","storage_unit_count":0,"total_mboed":0.0,"unit_count":1,"water_mbd":0.0},"type":"Feature"},{"geometry":{"coordinates":[2.725,53.941],"type":"Point"},"properties":{"assoc_gas_mmscfd":0.0,"condensate_mbd":0.118,"dry_gas_mmscfd":14.452,"field":"CHISWICK","liquids_mboed":0.118,"location":"Offshore","natural_gas_mboed":2.409,"oil_mbd":0.0,"operator":"SPIRIT ENERGY","period":"202607","region":"SNS","slug":"chiswick","storage_unit_count":0,"total_mboed":2.527,"unit_count":1,"water_mbd":0.112},"type":"Feature"},{"geometry":{"coordinates":[-2.559,60.676],"type":"Point"},"properties":{"assoc_gas_mmscfd":8.512,"condensate_mbd":0.0,"dry_gas_mmscfd":0.0,"field":"CLAIR-PHASE 1 [Part of CLAIR]","liquids_mboed":21.243,"location":"Offshore","natural_gas_mboed":1.419,"oil_mbd":21.243,"operator":"BP EXPLORATION","period":"202607","region":"WoS","slug":"clair-phase-1-part-of-clair","storage_unit_count":0,"total_mboed":22.662,"unit_count":1,"water_mbd":18.503},"type":"Feature"},{"geometry":{"coordinates":[-2.559,60.676],"type":"Point"},"properties":{"assoc_gas_mmscfd":32.369,"condensate_mbd":0.0,"dry_gas_mmscfd":0.0,"field":"CLAIR-RIDGE [Part of CLAIR]","liquids_mboed":33.979,"location":"Offshore","natural_gas_mboed":5.395,"oil_mbd":33.979,"operator":"BP EXPLORATION","period":"202607","region":"WoS","slug":"clair-ridge-part-of-clair","storage_unit_count":0,"total_mboed":39.373,"unit_count":1,"water_mbd":44.153},"type":"Feature"},{"geometry":{"coordinates":[0.644,57.231],"type":"Point"},"properties":{"assoc_gas_mmscfd":0.031,"condensate_mbd":0.0,"dry_gas_mmscfd":0.0,"field":"CLAPHAM","liquids_mboed":0.294,"location":"Offshore","natural_gas_mboed":0.005,"oil_mbd":0.294,"operator":"DANA PETROLEUM LIMITED","period":"202607","region":"CNS","slug":"clapham","storage_unit_count":0,"total_mboed":0.299,"unit_count":1,"water_mbd":2.151},"type":"Feature"},{"geometry":{"coordinates":[-0.255,58.461],"type":"Point"},"properties":{"assoc_gas_mmscfd":0.093,"condensate_mbd":0.0,"dry_gas_mmscfd":0.0,"field":"CLAYMORE","liquids_mboed":1.076,"location":"Offshore","natural_gas_mboed":0.016,"oil_mbd":1.076,"operator":"NEO NEXT+ ENERGY","period":"202607","region":"CNS","slug":"claymore","storage_unit_count":0,"total_mboed":1.092,"unit_count":1,"water_mbd":8.137},"type":"Feature"},{"geometry":{"coordinates":[0.719,54.037],"type":"Point"},"properties":{"assoc_gas_mmscfd":0.0,"condensate_mbd":0.0,"dry_gas_mmscfd":0.0,"field":"CLEETON","liquids_mboed":0.0,"location":"Offshore","natural_gas_mboed":0.0,"oil_mbd":0.0,"operator":"PERENCO OIL & GAS","period":"202607","region":"SNS","slug":"cleeton","storage_unit_count":0,"total_mboed":0.0,"unit_count":1,"water_mbd":0.0},"type":"Feature"},{"geometry":{"coordinates":[1.723,53.456],"type":"Point"},"properties":{"assoc_gas_mmscfd":0.0,"condensate_mbd":0.024,"dry_gas_mmscfd":9.112,"field":"CLIPPER NORTH","liquids_mboed":0.024,"location":"Offshore","natural_gas_mboed":1.519,"oil_mbd":0.0,"operator":"SHELL PLC","period":"202607","region":"SNS","slug":"clipper-north","storage_unit_count":0,"total_mboed":1.543,"unit_count":1,"water_mbd":0.012},"type":"Feature"},{"geometry":{"coordinates":[1.757,53.413],"type":"Point"},"properties":{"assoc_gas_mmscfd":0.0,"condensate_mbd":0.02,"dry_gas_mmscfd":22.581,"field":"CLIPPER SOUTH","liquids_mboed":0.02,"location":"Offshore","natural_gas_mboed":3.764,"oil_mbd":0.0,"operator":"INEOS INDUSTRIES","period":"202607","region":"SNS","slug":"clipper-south","storage_unit_count":0,"total_mboed":3.783,"unit_count":1,"water_mbd":1.966},"type":"Feature"},{"geometry":{"coordinates":[0.821,57.362],"type":"Point"},"properties":{"assoc_gas_mmscfd":0.0,"condensate_mbd":0.0,"dry_gas_mmscfd":0.0,"field":"COOK","liquids_mboed":0.0,"location":"Offshore","natural_gas_mboed":0.0,"oil_mbd":0.0,"operator":"ITHACA ENERGY","period":"202607","region":"CNS","slug":"cook","storage_unit_count":0,"total_mboed":0.0,"unit_count":1,"water_mbd":0.0},"type":"Feature"},{"geometry":{"coordinates":[2.62,53.235],"type":"Point"},"properties":{"assoc_gas_mmscfd":0.0,"condensate_mbd":0.0,"dry_gas_mmscfd":1.881,"field":"CORVETTE","liquids_mboed":0.0,"location":"Offshore","natural_gas_mboed":0.313,"oil_mbd":0.0,"operator":"SHELL PLC","period":"202607","region":"SNS","slug":"corvette","storage_unit_count":0,"total_mboed":0.314,"unit_count":1,"water_mbd":0.003},"type":"Feature"},{"geometry":{"coordinates":[0.394,57.583],"type":"Point"},"properties":{"assoc_gas_mmscfd":0.231,"condensate_mbd":0.0,"dry_gas_mmscfd":0.0,"field":"CRATHES","liquids_mboed":0.684,"location":"Offshore","natural_gas_mboed":0.039,"oil_mbd":0.684,"operator":"ENQUEST PLC","period":"202607","region":"CNS","slug":"crathes","storage_unit_count":0,"total_mboed":0.723,"unit_count":1,"water_mbd":6.448},"type":"Feature"},{"geometry":{"coordinates":[1.907,57.186],"type":"Point"},"properties":{"assoc_gas_mmscfd":332.188,"condensate_mbd":0.0,"dry_gas_mmscfd":0.0,"field":"CULZEAN","liquids_mboed":8.134,"location":"Offshore","natural_gas_mboed":55.365,"oil_mbd":8.134,"operator":"NEO NEXT+ ENERGY","period":"202607","region":"CNS","slug":"culzean","storage_unit_count":0,"total_mboed":63.499,"unit_count":1,"water_mbd":2.255},"type":"Feature"},{"geometry":{"coordinates":[2.633,53.705],"type":"Point"},"properties":{"assoc_gas_mmscfd":0.0,"condensate_mbd":0.055,"dry_gas_mmscfd":9.199,"field":"CUTTER","liquids_mboed":0.055,"location":"Offshore","natural_gas_mboed":1.533,"oil_mbd":0.0,"operator":"SHELL PLC","period":"202607","region":"SNS","slug":"cutter","storage_unit_count":0,"total_mboed":1.588,"unit_count":1,"water_mbd":0.012},"type":"Feature"},{"geometry":{"coordinates":[2.225,54.571],"type":"Point"},"properties":{"assoc_gas_mmscfd":0.0,"condensate_mbd":0.27,"dry_gas_mmscfd":151.538,"field":"CYGNUS","liquids_mboed":0.27,"location":"Offshore","natural_gas_mboed":25.256,"oil_mbd":0.0,"operator":"ITHACA ENERGY","period":"202607","region":"SNS","slug":"cygnus","storage_unit_count":0,"total_mboed":25.527,"unit_count":1,"water_mbd":0.217},"type":"Feature"},{"geometry":{"coordinates":[1.447,58.112],"type":"Point"},"properties":{"assoc_gas_mmscfd":0.816,"condensate_mbd":0.0,"dry_gas_mmscfd":0.0,"field":"CYRUS","liquids_mboed":0.795,"location":"Offshore","natural_gas_mboed":0.136,"oil_mbd":0.795,"operator":"BP EXPLORATION","period":"202607","region":"CNS","slug":"cyrus","storage_unit_count":0,"total_mboed":0.931,"unit_count":1,"water_mbd":9.148},"type":"Feature"},{"geometry":{"coordinates":[2.903,52.996],"type":"Point"},"properties":{"assoc_gas_mmscfd":0.0,"condensate_mbd":0.0,"dry_gas_mmscfd":1.881,"field":"DAVY","liquids_mboed":0.0,"location":"Offshore","natural_gas_mboed":0.313,"oil_mbd":0.0,"operator":"PERENCO OIL & GAS","period":"202607","region":"SNS","slug":"davy","storage_unit_count":0,"total_mboed":0.313,"unit_count":1,"water_mbd":0.0},"type":"Feature"},{"geometry":{"coordinates":[0.864,58.372],"type":"Point"},"properties":{"assoc_gas_mmscfd":0.0,"condensate_mbd":0.0,"dry_gas_mmscfd":0.0,"field":"DONAN [MAERSK]","liquids_mboed":0.0,"location":"Offshore","natural_gas_mboed":0.0,"oil_mbd":0.0,"operator":"NEO NEXT+ ENERGY","period":"202607","region":"CNS","slug":"donan-maersk","storage_unit_count":0,"total_mboed":0.0,"unit_count":1,"water_mbd":0.006},"type":"Feature"},{"geometry":{"coordinates":[1.858,57.923],"type":"Point"},"properties":{"assoc_gas_mmscfd":0.0,"condensate_mbd":0.0,"dry_gas_mmscfd":0.0,"field":"DRAKE","liquids_mboed":0.0,"location":"Offshore","natural_gas_mboed":0.0,"oil_mbd":0.0,"operator":"HARBOUR ENERGY PLC","period":"202607","region":"CNS","slug":"drake","storage_unit_count":0,"total_mboed":0.0,"unit_count":1,"water_mbd":0.0},"type":"Feature"},{"geometry":{"coordinates":[-0.068,58.363],"type":"Point"},"properties":{"assoc_gas_mmscfd":0.0,"condensate_mbd":0.0,"dry_gas_mmscfd":0.0,"field":"DUART","liquids_mboed":0.0,"location":"Offshore","natural_gas_mboed":0.0,"oil_mbd":0.0,"operator":"NEO NEXT+ ENERGY","period":"202607","region":"CNS","slug":"duart","storage_unit_count":0,"total_mboed":0.0,"unit_count":1,"water_mbd":0.0},"type":"Feature"},{"geometry":{"coordinates":[1.655,60.607],"type":"Point"},"properties":{"assoc_gas_mmscfd":20.148,"condensate_mbd":0.0,"dry_gas_mmscfd":0.0,"field":"DUNBAR","liquids_mboed":4.034,"location":"Offshore","natural_gas_mboed":3.358,"oil_mbd":4.034,"operator":"NEO NEXT+ ENERGY","period":"202607","region":"NNS","slug":"dunbar","storage_unit_count":0,"total_mboed":7.392,"unit_count":1,"water_mbd":11.647},"type":"Feature"},{"geometry":{"coordinates":[-2.232,60.938],"type":"Point"},"properties":{"assoc_gas_mmscfd":0.0,"condensate_mbd":0.0,"dry_gas_mmscfd":0.0,"field":"EDRADOUR","liquids_mboed":0.0,"location":"Offshore","natural_gas_mboed":0.0,"oil_mbd":0.0,"operator":"SERICA ENERGY","period":"202607","region":"WoS","slug":"edradour","storage_unit_count":0,"total_mboed":0.0,"unit_count":1,"water_mbd":0.0},"type":"Feature"},{"geometry":{"coordinates":[1.848,57.002],"type":"Point"},"properties":{"assoc_gas_mmscfd":81.059,"condensate_mbd":0.0,"dry_gas_mmscfd":0.0,"field":"ELGIN","liquids_mboed":10.401,"location":"Offshore","natural_gas_mboed":13.51,"oil_mbd":10.401,"operator":"NEO NEXT+ ENERGY","period":"202607","region":"CNS","slug":"elgin","storage_unit_count":0,"total_mboed":23.911,"unit_count":1,"water_mbd":1.145},"type":"Feature"},{"geometry":{"coordinates":[1.338,53.295],"type":"Point"},"properties":{"assoc_gas_mmscfd":0.0,"condensate_mbd":0.0,"dry_gas_mmscfd":0.0,"field":"ELGOOD","liquids_mboed":0.0,"location":"Offshore","natural_gas_mboed":0.0,"oil_mbd":0.0,"operator":"PERENCO OIL & GAS","period":"202607","region":"SNS","slug":"elgood","storage_unit_count":0,"total_mboed":0.0,"unit_count":1,"water_mbd":0.0},"type":"Feature"},{"geometry":{"coordinates":[1.816,60.608],"type":"Point"},"properties":{"assoc_gas_mmscfd":0.0,"condensate_mbd":0.0,"dry_gas_mmscfd":0.0,"field":"ELLON","liquids_mboed":0.0,"location":"Offshore","natural_gas_mboed":0.0,"oil_mbd":0.0,"operator":"NEO NEXT+ ENERGY","period":"202607","region":"NNS","slug":"ellon","storage_unit_count":0,"total_mboed":0.0,"unit_count":1,"water_mbd":0.0},"type":"Feature"},{"geometry":{"coordinates":[1.528,58.647],"type":"Point"},"properties":{"assoc_gas_mmscfd":0.614,"condensate_mbd":0.0,"dry_gas_mmscfd":0.0,"field":"ENOCH","liquids_mboed":0.436,"location":"Offshore","natural_gas_mboed":0.102,"oil_mbd":0.436,"operator":"BRIDGE PETROLEUM GROUP","period":"202607","region":"NNS","slug":"enoch","storage_unit_count":0,"total_mboed":0.539,"unit_count":1,"water_mbd":2.711},"type":"Feature"},{"geometry":{"coordinates":[0.861,57.978],"type":"Point"},"properties":{"assoc_gas_mmscfd":0.64,"condensate_mbd":0.0,"dry_gas_mmscfd":0.0,"field":"ENOCHDHU","liquids_mboed":0.667,"location":"Offshore","natural_gas_mboed":0.107,"oil_mbd":0.667,"operator":"HARBOUR ENERGY PLC","period":"202607","region":"CNS","slug":"enochdhu","storage_unit_count":0,"total_mboed":0.774,"unit_count":1,"water_mbd":4.93},"type":"Feature"},{"geometry":{"coordinates":[0.579,53.827],"type":"Point"},"properties":{"assoc_gas_mmscfd":0.0,"condensate_mbd":0.0,"dry_gas_mmscfd":0.0,"field":"ERIS","liquids_mboed":0.0,"location":"Offshore","natural_gas_mboed":0.0,"oil_mbd":0.0,"operator":"SPIRIT ENERGY","period":"202607","region":"SNS","slug":"eris","storage_unit_count":0,"total_mboed":0.0,"unit_count":1,"water_mbd":0.0},"type":"Feature"},{"geometry":{"coordinates":[2.055,57.034],"type":"Point"},"properties":{"assoc_gas_mmscfd":45.676,"condensate_mbd":0.0,"dry_gas_mmscfd":0.0,"field":"ERSKINE","liquids_mboed":4.393,"location":"Offshore","natural_gas_mboed":7.613,"oil_mbd":4.393,"operator":"ITHACA ENERGY","period":"202607","region":"CNS","slug":"erskine","storage_unit_count":0,"total_mboed":12.006,"unit_count":1,"water_mbd":4.04},"type":"Feature"},{"geometry":{"coordinates":[0.84,57.035],"type":"Point"},"properties":{"assoc_gas_mmscfd":13.264,"condensate_mbd":0.0,"dry_gas_mmscfd":0.0,"field":"EVELYN","liquids_mboed":1.617,"location":"Offshore","natural_gas_mboed":2.211,"oil_mbd":1.617,"operator":"SERICA ENERGY","period":"202607","region":"CNS","slug":"evelyn","storage_unit_count":0,"total_mboed":3.828,"unit_count":1,"water_mbd":2.129},"type":"Feature"},{"geometry":{"coordinates":[1.804,57.746],"type":"Point"},"properties":{"assoc_gas_mmscfd":44.386,"condensate_mbd":0.0,"dry_gas_mmscfd":0.0,"field":"EVEREST","liquids_mboed":1.15,"location":"Offshore","natural_gas_mboed":7.398,"oil_mbd":1.15,"operator":"HARBOUR ENERGY PLC","period":"202607","region":"CNS","slug":"everest","storage_unit_count":0,"total_mboed":8.548,"unit_count":1,"water_mbd":0.53},"type":"Feature"},{"geometry":{"coordinates":[1.352,53.469],"type":"Point"},"properties":{"assoc_gas_mmscfd":0.0,"condensate_mbd":0.006,"dry_gas_mmscfd":3.938,"field":"EXCALIBUR","liquids_mboed":0.006,"location":"Offshore","natural_gas_mboed":0.656,"oil_mbd":0.0,"operator":"PERENCO OIL & GAS","period":"202607","region":"SNS","slug":"excalibur","storage_unit_count":0,"total_mboed":0.663,"unit_count":1,"water_mbd":0.015},"type":"Feature"},{"geometry":{"coordinates":[1.519,58.16],"type":"Point"},"properties":{"assoc_gas_mmscfd":0.622,"condensate_mbd":0.0,"dry_gas_mmscfd":0.0,"field":"FARRAGON","liquids_mboed":0.596,"location":"Offshore","natural_gas_mboed":0.104,"oil_mbd":0.596,"operator":"BP EXPLORATION","period":"202607","region":"CNS","slug":"farragon","storage_unit_count":0,"total_mboed":0.699,"unit_count":1,"water_mbd":10.729},"type":"Feature"},{"geometry":{"coordinates":[0.87,57.965],"type":"Point"},"properties":{"assoc_gas_mmscfd":4.21,"condensate_mbd":0.0,"dry_gas_mmscfd":0.0,"field":"FINLAGGAN","liquids_mboed":0.123,"location":"Offshore","natural_gas_mboed":0.702,"oil_mbd":0.123,"operator":"NEO NEXT+ ENERGY","period":"202607","region":"CNS","slug":"finlaggan","storage_unit_count":0,"total_mboed":0.824,"unit_count":1,"water_mbd":0.059},"type":"Feature"},{"geometry":{"coordinates":[1.821,57.974],"type":"Point"},"properties":{"assoc_gas_mmscfd":7.592,"condensate_mbd":0.0,"dry_gas_mmscfd":0.0,"field":"FLEMING","liquids_mboed":0.222,"location":"Offshore","natural_gas_mboed":1.265,"oil_mbd":0.222,"operator":"HARBOUR ENERGY PLC","period":"202607","region":"CNS","slug":"fleming","storage_unit_count":0,"total_mboed":1.488,"unit_count":1,"water_mbd":0.463},"type":"Feature"},{"geometry":{"coordinates":[2.597,56.571],"type":"Point"},"properties":{"assoc_gas_mmscfd":0.0,"condensate_mbd":0.0,"dry_gas_mmscfd":0.0,"field":"FLYNDRE","liquids_mboed":0.0,"location":"Offshore","natural_gas_mboed":0.0,"oil_mbd":0.0,"operator":"NEO NEXT+ ENERGY","period":"202607","region":"CNS","slug":"flyndre","storage_unit_count":0,"total_mboed":0.0,"unit_count":1,"water_mbd":0.0},"type":"Feature"},{"geometry":{"coordinates":[0.922,57.737],"type":"Point"},"properties":{"assoc_gas_mmscfd":1.046,"condensate_mbd":0.0,"dry_gas_mmscfd":0.0,"field":"FORTIES","liquids_mboed":12.418,"location":"Offshore","natural_gas_mboed":0.174,"oil_mbd":12.418,"operator":"APACHE CORPORATION","period":"202607","region":"CNS","slug":"forties","storage_unit_count":0,"total_mboed":12.593,"unit_count":1,"water_mbd":272.777},"type":"Feature"},{"geometry":{"coordinates":[1.847,60.503],"type":"Point"},"properties":{"assoc_gas_mmscfd":0.0,"condensate_mbd":0.169,"dry_gas_mmscfd":7.975,"field":"FORVIE NORTH","liquids_mboed":0.169,"location":"Offshore","natural_gas_mboed":1.329,"oil_mbd":0.0,"operator":"NEO NEXT+ ENERGY","period":"202607","region":"NNS","slug":"forvie-north","storage_unit_count":0,"total_mboed":1.498,"unit_count":1,"water_mbd":0.0},"type":"Feature"},{"geometry":{"coordinates":[1.541,56.834],"type":"Point"},"properties":{"assoc_gas_mmscfd":18.529,"condensate_mbd":0.0,"dry_gas_mmscfd":0.0,"field":"FRAM","liquids_mboed":0.668,"location":"Offshore","natural_gas_mboed":3.088,"oil_mbd":0.668,"operator":"ADURA ENERGY","period":"202607","region":"CNS","slug":"fram","storage_unit_count":0,"total_mboed":3.756,"unit_count":1,"water_mbd":0.046},"type":"Feature"},{"geometry":{"coordinates":[1.861,56.947],"type":"Point"},"properties":{"assoc_gas_mmscfd":157.022,"condensate_mbd":0.0,"dry_gas_mmscfd":0.0,"field":"FRANKLIN","liquids_mboed":15.604,"location":"Offshore","natural_gas_mboed":26.17,"oil_mbd":15.604,"operator":"NEO NEXT+ ENERGY","period":"202607","region":"CNS","slug":"franklin","storage_unit_count":0,"total_mboed":41.774,"unit_count":1,"water_mbd":2.187},"type":"Feature"},{"geometry":{"coordinates":[0.711,57.43],"type":"Point"},"properties":{"assoc_gas_mmscfd":0.096,"condensate_mbd":0.0,"dry_gas_mmscfd":0.0,"field":"GADWALL","liquids_mboed":0.132,"location":"Offshore","natural_gas_mboed":0.016,"oil_mbd":0.132,"operator":"ENQUEST PLC","period":"202607","region":"CNS","slug":"gadwall","storage_unit_count":0,"total_mboed":0.148,"unit_count":1,"water_mbd":3.691},"type":"Feature"},{"geometry":{"coordinates":[1.385,53.538],"type":"Point"},"properties":{"assoc_gas_mmscfd":0.0,"condensate_mbd":0.0,"dry_gas_mmscfd":0.0,"field":"GALAHAD","liquids_mboed":0.0,"location":"Offshore","natural_gas_mboed":0.0,"oil_mbd":0.0,"operator":"PERENCO OIL & GAS","period":"202607","region":"SNS","slug":"galahad","storage_unit_count":0,"total_mboed":0.0,"unit_count":1,"water_mbd":0.0},"type":"Feature"},{"geometry":{"coordinates":[1.862,53.493],"type":"Point"},"properties":{"assoc_gas_mmscfd":0.0,"condensate_mbd":0.062,"dry_gas_mmscfd":24.159,"field":"GALLEON","liquids_mboed":0.062,"location":"Offshore","natural_gas_mboed":4.026,"oil_mbd":0.0,"operator":"SHELL PLC","period":"202607","region":"SNS","slug":"galleon","storage_unit_count":0,"total_mboed":4.089,"unit_count":1,"water_mbd":0.133},"type":"Feature"},{"geometry":{"coordinates":[0.474,58.283],"type":"Point"},"properties":{"assoc_gas_mmscfd":0.0,"condensate_mbd":0.0,"dry_gas_mmscfd":0.0,"field":"GALLEY","liquids_mboed":0.0,"location":"Offshore","natural_gas_mboed":0.0,"oil_mbd":0.0,"operator":"NEO NEXT+ ENERGY","period":"202607","region":"CNS","slug":"galley","storage_unit_count":0,"total_mboed":0.0,"unit_count":1,"water_mbd":0.0},"type":"Feature"},{"geometry":{"coordinates":[1.001,57.185],"type":"Point"},"properties":{"assoc_gas_mmscfd":0.848,"condensate_mbd":0.0,"dry_gas_mmscfd":0.0,"field":"GANNET A","liquids_mboed":2.305,"location":"Offshore","natural_gas_mboed":0.141,"oil_mbd":2.305,"operator":"ADURA ENERGY","period":"202607","region":"CNS","slug":"gannet-a","storage_unit_count":0,"total_mboed":2.446,"unit_count":1,"water_mbd":11.036},"type":"Feature"},{"geometry":{"coordinates":[0.913,57.189],"type":"Point"},"properties":{"assoc_gas_mmscfd":1.128,"condensate_mbd":0.0,"dry_gas_mmscfd":0.0,"field":"GANNET B","liquids_mboed":0.139,"location":"Offshore","natural_gas_mboed":0.188,"oil_mbd":0.139,"operator":"ADURA ENERGY","period":"202607","region":"CNS","slug":"gannet-b","storage_unit_count":0,"total_mboed":0.327,"unit_count":1,"water_mbd":0.002},"type":"Feature"},{"geometry":{"coordinates":[0.949,57.151],"type":"Point"},"properties":{"assoc_gas_mmscfd":17.712,"condensate_mbd":0.0,"dry_gas_mmscfd":0.0,"field":"GANNET C","liquids_mboed":0.139,"location":"Offshore","natural_gas_mboed":2.952,"oil_mbd":0.139,"operator":"ADURA ENERGY","period":"202607","region":"CNS","slug":"gannet-c","storage_unit_count":0,"total_mboed":3.091,"unit_count":1,"water_mbd":1.231},"type":"Feature"},{"geometry":{"coordinates":[1.085,57.314],"type":"Point"},"properties":{"assoc_gas_mmscfd":3.927,"condensate_mbd":0.0,"dry_gas_mmscfd":0.0,"field":"GANNET D","liquids_mboed":4.205,"location":"Offshore","natural_gas_mboed":0.654,"oil_mbd":4.205,"operator":"ADURA ENERGY","period":"202607","region":"CNS","slug":"gannet-d","storage_unit_count":0,"total_mboed":4.859,"unit_count":1,"water_mbd":3.051},"type":"Feature"},{"geometry":{"coordinates":[0.831,57.081],"type":"Point"},"properties":{"assoc_gas_mmscfd":0.698,"condensate_mbd":0.0,"dry_gas_mmscfd":0.0,"field":"GANNET E","liquids_mboed":4.292,"location":"Offshore","natural_gas_mboed":0.116,"oil_mbd":4.292,"operator":"SERICA ENERGY","period":"202607","region":"CNS","slug":"gannet-e","storage_unit_count":0,"total_mboed":4.409,"unit_count":1,"water_mbd":14.142},"type":"Feature"},{"geometry":{"coordinates":[0.967,57.079],"type":"Point"},"properties":{"assoc_gas_mmscfd":1.386,"condensate_mbd":0.0,"dry_gas_mmscfd":0.0,"field":"GANNET F","liquids_mboed":2.278,"location":"Offshore","natural_gas_mboed":0.231,"oil_mbd":2.278,"operator":"ADURA ENERGY","period":"202607","region":"CNS","slug":"gannet-f","storage_unit_count":0,"total_mboed":2.509,"unit_count":1,"water_mbd":13.502},"type":"Feature"},{"geometry":{"coordinates":[1.02,57.238],"type":"Point"},"properties":{"assoc_gas_mmscfd":0.632,"condensate_mbd":0.0,"dry_gas_mmscfd":0.0,"field":"GANNET G","liquids_mboed":0.989,"location":"Offshore","natural_gas_mboed":0.105,"oil_mbd":0.989,"operator":"ADURA ENERGY","period":"202607","region":"CNS","slug":"gannet-g","storage_unit_count":0,"total_mboed":1.094,"unit_count":1,"water_mbd":5.133},"type":"Feature"},{"geometry":{"coordinates":[1.571,59.49],"type":"Point"},"properties":{"assoc_gas_mmscfd":4.591,"condensate_mbd":0.0,"dry_gas_mmscfd":0.0,"field":"GARTEN","liquids_mboed":2.804,"location":"Offshore","natural_gas_mboed":0.765,"oil_mbd":2.804,"operator":"APACHE CORPORATION","period":"202607","region":"NNS","slug":"garten","storage_unit_count":0,"total_mboed":3.569,"unit_count":1,"water_mbd":0.006},"type":"Feature"},{"geometry":{"coordinates":[1.785,56.985],"type":"Point"},"properties":{"assoc_gas_mmscfd":0.0,"condensate_mbd":0.0,"dry_gas_mmscfd":0.0,"field":"GLENELG","liquids_mboed":0.0,"location":"Offshore","natural_gas_mboed":0.0,"oil_mbd":0.0,"operator":"NEO NEXT+ ENERGY","period":"202607","region":"CNS","slug":"glenelg","storage_unit_count":0,"total_mboed":0.0,"unit_count":1,"water_mbd":0.0},"type":"Feature"},{"geometry":{"coordinates":[-2.093,61.082],"type":"Point"},"properties":{"assoc_gas_mmscfd":6.315,"condensate_mbd":0.0,"dry_gas_mmscfd":0.0,"field":"GLENLIVET","liquids_mboed":0.033,"location":"Offshore","natural_gas_mboed":1.052,"oil_mbd":0.033,"operator":"SERICA ENERGY","period":"202607","region":"WoS","slug":"glenlivet","storage_unit_count":0,"total_mboed":1.085,"unit_count":1,"water_mbd":0.006},"type":"Feature"},{"geometry":{"coordinates":[1.328,57.418],"type":"Point"},"properties":{"assoc_gas_mmscfd":0.252,"condensate_mbd":0.0,"dry_gas_mmscfd":0.0,"field":"GODWIN","liquids_mboed":0.427,"location":"Offshore","natural_gas_mboed":0.042,"oil_mbd":0.427,"operator":"NEO NEXT+ ENERGY","period":"202607","region":"CNS","slug":"godwin","storage_unit_count":0,"total_mboed":0.469,"unit_count":1,"water_mbd":1.986},"type":"Feature"},{"geometry":{"coordinates":[-0.927,57.982],"type":"Point"},"properties":{"assoc_gas_mmscfd":0.13,"condensate_mbd":0.0,"dry_gas_mmscfd":0.0,"field":"GOLDEN EAGLE","liquids_mboed":0.566,"location":"Offshore","natural_gas_mboed":0.022,"oil_mbd":0.566,"operator":"CNOOC INTERNATIONAL","period":"202607","region":"CNS","slug":"golden-eagle","storage_unit_count":0,"total_mboed":0.587,"unit_count":1,"water_mbd":5.488},"type":"Feature"},{"geometry":{"coordinates":[0.325,57.506],"type":"Point"},"properties":{"assoc_gas_mmscfd":0.072,"condensate_mbd":0.0,"dry_gas_mmscfd":0.0,"field":"GOOSANDER","liquids_mboed":0.506,"location":"Offshore","natural_gas_mboed":0.012,"oil_mbd":0.506,"operator":"ENQUEST PLC","period":"202607","region":"CNS","slug":"goosander","storage_unit_count":0,"total_mboed":0.518,"unit_count":1,"water_mbd":5.674},"type":"Feature"},{"geometry":{"coordinates":[1.777,60.588],"type":"Point"},"properties":{"assoc_gas_mmscfd":18.054,"condensate_mbd":0.0,"dry_gas_mmscfd":0.0,"field":"GRANT","liquids_mboed":0.451,"location":"Offshore","natural_gas_mboed":3.009,"oil_mbd":0.451,"operator":"NEO NEXT+ ENERGY","period":"202607","region":"NNS","slug":"grant","storage_unit_count":0,"total_mboed":3.46,"unit_count":1,"water_mbd":0.087},"type":"Feature"},{"geometry":{"coordinates":[0.624,57.476],"type":"Point"},"properties":{"assoc_gas_mmscfd":0.278,"condensate_mbd":0.0,"dry_gas_mmscfd":0.0,"field":"GROUSE","liquids_mboed":0.61,"location":"Offshore","natural_gas_mboed":0.046,"oil_mbd":0.61,"operator":"ENQUEST PLC","period":"202607","region":"CNS","slug":"grouse","storage_unit_count":0,"total_mboed":0.657,"unit_count":1,"water_mbd":1.263},"type":"Feature"},{"geometry":{"coordinates":[2.844,53.721],"type":"Point"},"properties":{"assoc_gas_mmscfd":0.0,"condensate_mbd":0.055,"dry_gas_mmscfd":6.847,"field":"GROVE","liquids_mboed":0.055,"location":"Offshore","natural_gas_mboed":1.141,"oil_mbd":0.0,"operator":"SPIRIT ENERGY","period":"202607","region":"SNS","slug":"grove","storage_unit_count":0,"total_mboed":1.196,"unit_count":1,"water_mbd":0.033},"type":"Feature"},{"geometry":{"coordinates":[0.834,57.16],"type":"Point"},"properties":{"assoc_gas_mmscfd":0.657,"condensate_mbd":0.0,"dry_gas_mmscfd":0.0,"field":"GUILLEMOT A","liquids_mboed":1.652,"location":"Offshore","natural_gas_mboed":0.11,"oil_mbd":1.652,"operator":"ANASURIA OPERATING COMPANY LIMITED","period":"202607","region":"CNS","slug":"guillemot-a","storage_unit_count":0,"total_mboed":1.762,"unit_count":1,"water_mbd":4.588},"type":"Feature"},{"geometry":{"coordinates":[0.693,57.19],"type":"Point"},"properties":{"assoc_gas_mmscfd":2.044,"condensate_mbd":0.0,"dry_gas_mmscfd":0.0,"field":"GUILLEMOT NORTH WEST","liquids_mboed":1.387,"location":"Offshore","natural_gas_mboed":0.341,"oil_mbd":1.387,"operator":"DANA PETROLEUM LIMITED","period":"202607","region":"CNS","slug":"guillemot-north-west","storage_unit_count":0,"total_mboed":1.727,"unit_count":1,"water_mbd":5.558},"type":"Feature"},{"geometry":{"coordinates":[0.749,57.162],"type":"Point"},"properties":{"assoc_gas_mmscfd":0.0,"condensate_mbd":0.0,"dry_gas_mmscfd":0.0,"field":"GUILLEMOT WEST","liquids_mboed":0.0,"location":"Offshore","natural_gas_mboed":0.0,"oil_mbd":0.0,"operator":"DANA PETROLEUM LIMITED","period":"202607","region":"CNS","slug":"guillemot-west","storage_unit_count":0,"total_mboed":0.0,"unit_count":1,"water_mbd":0.0},"type":"Feature"},{"geometry":{"coordinates":[1.274,53.42],"type":"Point"},"properties":{"assoc_gas_mmscfd":0.0,"condensate_mbd":0.0,"dry_gas_mmscfd":0.0,"field":"GUINEVERE","liquids_mboed":0.0,"location":"Offshore","natural_gas_mboed":0.0,"oil_mbd":0.0,"operator":"PERENCO OIL & GAS","period":"202607","region":"SNS","slug":"guinevere","storage_unit_count":0,"total_mboed":0.0,"unit_count":1,"water_mbd":0.0},"type":"Feature"},{"geometry":{"coordinates":[1.533,59.289],"type":"Point"},"properties":{"assoc_gas_mmscfd":3.796,"condensate_mbd":0.0,"dry_gas_mmscfd":0.0,"field":"HARDING","liquids_mboed":3.996,"location":"Offshore","natural_gas_mboed":0.633,"oil_mbd":3.996,"operator":"TAQA EUROPA B.V.","period":"202607","region":"NNS","slug":"harding","storage_unit_count":0,"total_mboed":4.629,"unit_count":1,"water_mbd":94.027},"type":"Feature"},{"geometry":{"coordinates":[2.103,56.724],"type":"Point"},"properties":{"assoc_gas_mmscfd":0.0,"condensate_mbd":0.0,"dry_gas_mmscfd":0.0,"field":"HARRIER","liquids_mboed":0.0,"location":"Offshore","natural_gas_mboed":0.0,"oil_mbd":0.0,"operator":"ITHACA ENERGY","period":"202607","region":"CNS","slug":"harrier","storage_unit_count":0,"total_mboed":0.0,"unit_count":1,"water_mbd":0.0},"type":"Feature"},{"geometry":{"coordinates":[1.824,57.989],"type":"Point"},"properties":{"assoc_gas_mmscfd":2.961,"condensate_mbd":0.0,"dry_gas_mmscfd":0.0,"field":"HAWKINS","liquids_mboed":0.134,"location":"Offshore","natural_gas_mboed":0.493,"oil_mbd":0.134,"operator":"HARBOUR ENERGY PLC","period":"202607","region":"CNS","slug":"hawkins","storage_unit_count":0,"total_mboed":0.628,"unit_count":1,"water_mbd":0.428},"type":"Feature"},{"geometry":{"coordinates":[-0.139,58.401],"type":"Point"},"properties":{"assoc_gas_mmscfd":0.0,"condensate_mbd":0.0,"dry_gas_mmscfd":0.0,"field":"HIGHLANDER","liquids_mboed":0.0,"location":"Offshore","natural_gas_mboed":0.0,"oil_mbd":0.0,"operator":"NEO NEXT+ ENERGY","period":"202607","region":"CNS","slug":"highlander","storage_unit_count":0,"total_mboed":0.0,"unit_count":1,"water_mbd":0.0},"type":"Feature"},{"geometry":{"coordinates":[1.221,53.805],"type":"Point"},"properties":{"assoc_gas_mmscfd":0.0,"condensate_mbd":0.002,"dry_gas_mmscfd":14.642,"field":"HOTON","liquids_mboed":0.002,"location":"Offshore","natural_gas_mboed":2.44,"oil_mbd":0.0,"operator":"PERENCO OIL & GAS","period":"202607","region":"SNS","slug":"hoton","storage_unit_count":0,"total_mboed":2.443,"unit_count":1,"water_mbd":0.036},"type":"Feature"},{"geometry":{"coordinates":[1.335,57.637],"type":"Point"},"properties":{"assoc_gas_mmscfd":1.95,"condensate_mbd":0.0,"dry_gas_mmscfd":0.0,"field":"HOWE","liquids_mboed":0.543,"location":"Offshore","natural_gas_mboed":0.325,"oil_mbd":0.543,"operator":"SHELL PLC","period":"202607","region":"CNS","slug":"howe","storage_unit_count":0,"total_mboed":0.868,"unit_count":1,"water_mbd":0.903},"type":"Feature"},{"geometry":{"coordinates":[0.987,53.828],"type":"Point"},"properties":{"assoc_gas_mmscfd":0.0,"condensate_mbd":0.001,"dry_gas_mmscfd":2.856,"field":"HYDE","liquids_mboed":0.001,"location":"Offshore","natural_gas_mboed":0.476,"oil_mbd":0.0,"operator":"PERENCO OIL & GAS","period":"202607","region":"SNS","slug":"hyde","storage_unit_count":0,"total_mboed":0.477,"unit_count":1,"water_mbd":0.332},"type":"Feature"},{"geometry":{"coordinates":[2.601,53.34],"type":"Point"},"properties":{"assoc_gas_mmscfd":0.0,"condensate_mbd":0.003,"dry_gas_mmscfd":6.35,"field":"INDEFATIGABLE [PERENCO]","liquids_mboed":0.003,"location":"Offshore","natural_gas_mboed":1.058,"oil_mbd":0.0,"operator":"PERENCO OIL & GAS","period":"202607","region":"SNS","slug":"indefatigable-perenco","storage_unit_count":0,"total_mboed":1.061,"unit_count":1,"water_mbd":0.058},"type":"Feature"},{"geometry":{"coordinates":[2.456,53.295],"type":"Point"},"properties":{"assoc_gas_mmscfd":0.0,"condensate_mbd":0.0,"dry_gas_mmscfd":0.0,"field":"INDEFATIGABLE SOUTH WEST","liquids_mboed":0.0,"location":"Offshore","natural_gas_mboed":0.0,"oil_mbd":0.0,"operator":"PERENCO OIL & GAS","period":"202607","region":"SNS","slug":"indefatigable-south-west","storage_unit_count":0,"total_mboed":0.0,"unit_count":1,"water_mbd":0.0},"type":"Feature"},{"geometry":{"coordinates":[0.276,58.407],"type":"Point"},"properties":{"assoc_gas_mmscfd":0.0,"condensate_mbd":0.0,"dry_gas_mmscfd":0.0,"field":"IONA","liquids_mboed":0.0,"location":"Offshore","natural_gas_mboed":0.0,"oil_mbd":0.0,"operator":"NEO NEXT+ ENERGY","period":"202607","region":"CNS","slug":"iona","storage_unit_count":0,"total_mboed":0.0,"unit_count":1,"water_mbd":0.0},"type":"Feature"},{"geometry":{"coordinates":[1.93,60.551],"type":"Point"},"properties":{"assoc_gas_mmscfd":8.033,"condensate_mbd":0.0,"dry_gas_mmscfd":0.0,"field":"ISLAY","liquids_mboed":0.108,"location":"Offshore","natural_gas_mboed":1.339,"oil_mbd":0.108,"operator":"NEO NEXT+ ENERGY","period":"202607","region":"NNS","slug":"islay","storage_unit_count":0,"total_mboed":1.447,"unit_count":1,"water_mbd":0.002},"type":"Feature"},{"geometry":{"coordinates":[2.258,56.836],"type":"Point"},"properties":{"assoc_gas_mmscfd":42.059,"condensate_mbd":0.0,"dry_gas_mmscfd":0.0,"field":"JADE","liquids_mboed":3.929,"location":"Offshore","natural_gas_mboed":7.01,"oil_mbd":3.929,"operator":"HARBOUR ENERGY PLC","period":"202607","region":"CNS","slug":"jade","storage_unit_count":0,"total_mboed":10.939,"unit_count":1,"water_mbd":0.689},"type":"Feature"},{"geometry":{"coordinates":[2.178,56.757],"type":"Point"},"properties":{"assoc_gas_mmscfd":11.723,"condensate_mbd":0.0,"dry_gas_mmscfd":0.0,"field":"JASMINE","liquids_mboed":1.123,"location":"Offshore","natural_gas_mboed":1.954,"oil_mbd":1.123,"operator":"HARBOUR ENERGY PLC","period":"202607","region":"CNS","slug":"jasmine","storage_unit_count":0,"total_mboed":3.077,"unit_count":1,"water_mbd":0.295},"type":"Feature"},{"geometry":{"coordinates":[2.288,56.687],"type":"Point"},"properties":{"assoc_gas_mmscfd":12.986,"condensate_mbd":0.0,"dry_gas_mmscfd":0.0,"field":"JOANNE","liquids_mboed":3.458,"location":"Offshore","natural_gas_mboed":2.164,"oil_mbd":3.458,"operator":"HARBOUR ENERGY PLC","period":"202607","region":"CNS","slug":"joanne","storage_unit_count":0,"total_mboed":5.622,"unit_count":1,"water_mbd":1.015},"type":"Feature"},{"geometry":{"coordinates":[1.246,54.032],"type":"Point"},"properties":{"assoc_gas_mmscfd":0.0,"condensate_mbd":0.0,"dry_gas_mmscfd":3.498,"field":"JOHNSTON","liquids_mboed":0.0,"location":"Offshore","natural_gas_mboed":0.583,"oil_mbd":0.0,"operator":"HARBOUR ENERGY PLC","period":"202607","region":"SNS","slug":"johnston","storage_unit_count":0,"total_mboed":0.583,"unit_count":1,"water_mbd":0.204},"type":"Feature"},{"geometry":{"coordinates":[2.316,56.699],"type":"Point"},"properties":{"assoc_gas_mmscfd":49.563,"condensate_mbd":0.0,"dry_gas_mmscfd":0.0,"field":"JUDY","liquids_mboed":5.433,"location":"Offshore","natural_gas_mboed":8.26,"oil_mbd":5.433,"operator":"HARBOUR ENERGY PLC","period":"202607","region":"CNS","slug":"judy","storage_unit_count":0,"total_mboed":13.693,"unit_count":1,"water_mbd":2.726},"type":"Feature"},{"geometry":{"coordinates":[1.899,60.561],"type":"Point"},"properties":{"assoc_gas_mmscfd":18.628,"condensate_mbd":0.0,"dry_gas_mmscfd":0.0,"field":"JURA","liquids_mboed":0.291,"location":"Offshore","natural_gas_mboed":3.105,"oil_mbd":0.291,"operator":"NEO NEXT+ ENERGY","period":"202607","region":"NNS","slug":"jura","storage_unit_count":0,"total_mboed":3.396,"unit_count":1,"water_mbd":0.863},"type":"Feature"},{"geometry":{"coordinates":[1.563,59.683],"type":"Point"},"properties":{"assoc_gas_mmscfd":0.165,"condensate_mbd":0.0,"dry_gas_mmscfd":0.0,"field":"KEITH","liquids_mboed":0.168,"location":"Offshore","natural_gas_mboed":0.028,"oil_mbd":0.168,"operator":"SERICA ENERGY","period":"202607","region":"NNS","slug":"keith","storage_unit_count":0,"total_mboed":0.196,"unit_count":1,"water_mbd":0.041},"type":"Feature"},{"geometry":{"coordinates":[2.79,53.953],"type":"Point"},"properties":{"assoc_gas_mmscfd":0.0,"condensate_mbd":0.013,"dry_gas_mmscfd":1.552,"field":"KEW","liquids_mboed":0.013,"location":"Offshore","natural_gas_mboed":0.259,"oil_mbd":0.0,"operator":"SPIRIT ENERGY","period":"202607","region":"SNS","slug":"kew","storage_unit_count":0,"total_mboed":0.272,"unit_count":1,"water_mbd":0.118},"type":"Feature"},{"geometry":{"coordinates":[1.574,58.234],"type":"Point"},"properties":{"assoc_gas_mmscfd":0.0,"condensate_mbd":0.0,"dry_gas_mmscfd":0.0,"field":"KINNOULL","liquids_mboed":1.73,"location":"Offshore","natural_gas_mboed":0.0,"oil_mbd":1.73,"operator":"BP EXPLORATION","period":"202607","region":"CNS","slug":"kinnoull","storage_unit_count":0,"total_mboed":1.73,"unit_count":1,"water_mbd":4.727},"type":"Feature"},{"geometry":{"coordinates":[0.496,57.474],"type":"Point"},"properties":{"assoc_gas_mmscfd":0.0,"condensate_mbd":0.0,"dry_gas_mmscfd":0.0,"field":"KITTIWAKE","liquids_mboed":0.0,"location":"Offshore","natural_gas_mboed":0.0,"oil_mbd":0.0,"operator":"ENQUEST PLC","period":"202607","region":"CNS","slug":"kittiwake","storage_unit_count":0,"total_mboed":0.0,"unit_count":1,"water_mbd":0.0},"type":"Feature"},{"geometry":{"coordinates":[1.25,59.914],"type":"Point"},"properties":{"assoc_gas_mmscfd":2.375,"condensate_mbd":0.0,"dry_gas_mmscfd":0.0,"field":"KRAKEN","liquids_mboed":10.126,"location":"Offshore","natural_gas_mboed":0.396,"oil_mbd":10.126,"operator":"ENQUEST PLC","period":"202607","region":"NNS","slug":"kraken","storage_unit_count":0,"total_mboed":10.522,"unit_count":1,"water_mbd":163.718},"type":"Feature"},{"geometry":{"coordinates":[1.274,59.967],"type":"Point"},"properties":{"assoc_gas_mmscfd":0.336,"condensate_mbd":0.0,"dry_gas_mmscfd":0.0,"field":"KRAKEN NORTH","liquids_mboed":1.562,"location":"Offshore","natural_gas_mboed":0.056,"oil_mbd":1.562,"operator":"ENQUEST PLC","period":"202607","region":"NNS","slug":"kraken-north","storage_unit_count":0,"total_mboed":1.618,"unit_count":1,"water_mbd":31.635},"type":"Feature"},{"geometry":{"coordinates":[-2.929,60.946],"type":"Point"},"properties":{"assoc_gas_mmscfd":12.806,"condensate_mbd":0.0,"dry_gas_mmscfd":0.0,"field":"LAGGAN","liquids_mboed":0.147,"location":"Offshore","natural_gas_mboed":2.134,"oil_mbd":0.147,"operator":"SERICA ENERGY","period":"202607","region":"WoS","slug":"laggan","storage_unit_count":0,"total_mboed":2.281,"unit_count":1,"water_mbd":0.087},"type":"Feature"},{"geometry":{"coordinates":[1.37,53.409],"type":"Point"},"properties":{"assoc_gas_mmscfd":0.0,"condensate_mbd":0.014,"dry_gas_mmscfd":5.028,"field":"LANCELOT","liquids_mboed":0.014,"location":"Offshore","natural_gas_mboed":0.838,"oil_mbd":0.0,"operator":"PERENCO OIL & GAS","period":"202607","region":"SNS","slug":"lancelot","storage_unit_count":0,"total_mboed":0.852,"unit_count":1,"water_mbd":0.0},"type":"Feature"},{"geometry":{"coordinates":[2.216,53.072],"type":"Point"},"properties":{"assoc_gas_mmscfd":0.0,"condensate_mbd":0.0,"dry_gas_mmscfd":22.917,"field":"LEMAN [PERENCO][pt. of LEMAN]","liquids_mboed":0.0,"location":"Offshore","natural_gas_mboed":3.82,"oil_mbd":0.0,"operator":"PERENCO OIL & GAS","period":"202607","region":"SNS","slug":"leman-perenco-pt-of-leman","storage_unit_count":0,"total_mboed":3.82,"unit_count":1,"water_mbd":0.012},"type":"Feature"},{"geometry":{"coordinates":[2.216,53.072],"type":"Point"},"properties":{"assoc_gas_mmscfd":0.0,"condensate_mbd":0.066,"dry_gas_mmscfd":38.133,"field":"LEMAN [SHELL][pt. of LEMAN]","liquids_mboed":0.066,"location":"Offshore","natural_gas_mboed":6.356,"oil_mbd":0.0,"operator":"SHELL PLC","period":"202607","region":"SNS","slug":"leman-shell-pt-of-leman","storage_unit_count":0,"total_mboed":6.422,"unit_count":1,"water_mbd":0.131},"type":"Feature"},{"geometry":{"coordinates":[2.311,52.981],"type":"Point"},"properties":{"assoc_gas_mmscfd":0.0,"condensate_mbd":0.0,"dry_gas_mmscfd":0.009,"field":"LEMAN SOUTH","liquids_mboed":0.0,"location":"Offshore","natural_gas_mboed":0.002,"oil_mbd":0.0,"operator":"PERENCO OIL & GAS","period":"202607","region":"SNS","slug":"leman-south","storage_unit_count":0,"total_mboed":0.002,"unit_count":1,"water_mbd":0.0},"type":"Feature"},{"geometry":{"coordinates":[2.23,56.469],"type":"Point"},"properties":{"assoc_gas_mmscfd":0.0,"condensate_mbd":0.0,"dry_gas_mmscfd":0.0,"field":"LEVEN","liquids_mboed":0.0,"location":"Offshore","natural_gas_mboed":0.0,"oil_mbd":0.0,"operator":"NEO NEXT+ ENERGY","period":"202607","region":"CNS","slug":"leven","storage_unit_count":0,"total_mboed":0.0,"unit_count":1,"water_mbd":0.0},"type":"Feature"},{"geometry":{"coordinates":[0.964,58.366],"type":"Point"},"properties":{"assoc_gas_mmscfd":0.0,"condensate_mbd":0.0,"dry_gas_mmscfd":0.0,"field":"LOCHRANZA","liquids_mboed":0.0,"location":"Offshore","natural_gas_mboed":0.0,"oil_mbd":0.0,"operator":"NEO NEXT+ ENERGY","period":"202607","region":"CNS","slug":"lochranza","storage_unit_count":0,"total_mboed":0.0,"unit_count":1,"water_mbd":0.0},"type":"Feature"},{"geometry":{"coordinates":[1.455,59.576],"type":"Point"},"properties":{"assoc_gas_mmscfd":0.0,"condensate_mbd":0.0,"dry_gas_mmscfd":0.0,"field":"LOIRSTON","liquids_mboed":0.0,"location":"Offshore","natural_gas_mboed":0.0,"oil_mbd":0.0,"operator":"APACHE CORPORATION","period":"202607","region":"NNS","slug":"loirston","storage_unit_count":0,"total_mboed":0.0,"unit_count":1,"water_mbd":0.0},"type":"Feature"},{"geometry":{"coordinates":[2.131,57.32],"type":"Point"},"properties":{"assoc_gas_mmscfd":11.644,"condensate_mbd":0.0,"dry_gas_mmscfd":0.0,"field":"LOMOND","liquids_mboed":0.32,"location":"Offshore","natural_gas_mboed":1.941,"oil_mbd":0.32,"operator":"HARBOUR ENERGY PLC","period":"202607","region":"CNS","slug":"lomond","storage_unit_count":0,"total_mboed":2.261,"unit_count":1,"water_mbd":0.395},"type":"Feature"},{"geometry":{"coordinates":[2.131,57.32],"type":"Point"},"properties":{"assoc_gas_mmscfd":7.453,"condensate_mbd":0.0,"dry_gas_mmscfd":0.0,"field":"LOMOND (COLUMBUS)","liquids_mboed":0.157,"location":"Offshore","natural_gas_mboed":1.242,"oil_mbd":0.157,"operator":"SERICA ENERGY","period":"202607","region":"CNS","slug":"lomond-columbus","storage_unit_count":0,"total_mboed":1.399,"unit_count":1,"water_mbd":0.017},"type":"Feature"},{"geometry":{"coordinates":[-4.066,60.409],"type":"Point"},"properties":{"assoc_gas_mmscfd":0.0,"condensate_mbd":0.0,"dry_gas_mmscfd":0.0,"field":"LOYAL [Part of SCHIEHALLION]","liquids_mboed":0.0,"location":"Offshore","natural_gas_mboed":0.0,"oil_mbd":0.0,"operator":"BP EXPLORATION","period":"202607","region":"WoS","slug":"loyal-part-of-schiehallion","storage_unit_count":0,"total_mboed":0.0,"unit_count":1,"water_mbd":0.0},"type":"Feature"},{"geometry":{"coordinates":[-3.273,58.262],"type":"Point"},"properties":{"assoc_gas_mmscfd":0.0,"condensate_mbd":0.0,"dry_gas_mmscfd":0.0,"field":"LYBSTER","liquids_mboed":0.0,"location":"Offshore","natural_gas_mboed":0.0,"oil_mbd":0.0,"operator":"STAR ENERGY GROUP PLC","period":"202607","region":"CNS","slug":"lybster","storage_unit_count":0,"total_mboed":0.0,"unit_count":1,"water_mbd":0.0},"type":"Feature"},{"geometry":{"coordinates":[2.086,57.078],"type":"Point"},"properties":{"assoc_gas_mmscfd":8.251,"condensate_mbd":0.0,"dry_gas_mmscfd":0.0,"field":"MACHAR","liquids_mboed":1.62,"location":"Offshore","natural_gas_mboed":1.375,"oil_mbd":1.62,"operator":"BP EXPLORATION","period":"202607","region":"CNS","slug":"machar","storage_unit_count":0,"total_mboed":2.995,"unit_count":1,"water_mbd":3.549},"type":"Feature"},{"geometry":{"coordinates":[1.424,57.163],"type":"Point"},"properties":{"assoc_gas_mmscfd":1.213,"condensate_mbd":0.0,"dry_gas_mmscfd":0.0,"field":"MADOES","liquids_mboed":1.521,"location":"Offshore","natural_gas_mboed":0.202,"oil_mbd":1.521,"operator":"BP EXPLORATION","period":"202607","region":"CNS","slug":"madoes","storage_unit_count":0,"total_mboed":1.723,"unit_count":1,"water_mbd":7.503},"type":"Feature"},{"geometry":{"coordinates":[1.32,61.624],"type":"Point"},"properties":{"assoc_gas_mmscfd":12.424,"condensate_mbd":0.0,"dry_gas_mmscfd":0.0,"field":"MAGNUS","liquids_mboed":12.196,"location":"Offshore","natural_gas_mboed":2.071,"oil_mbd":12.196,"operator":"ENQUEST PLC","period":"202607","region":"NNS","slug":"magnus","storage_unit_count":0,"total_mboed":14.266,"unit_count":1,"water_mbd":132.508},"type":"Feature"},{"geometry":{"coordinates":[1.257,61.542],"type":"Point"},"properties":{"assoc_gas_mmscfd":0.0,"condensate_mbd":0.0,"dry_gas_mmscfd":0.0,"field":"MAGNUS SOUTH","liquids_mboed":0.0,"location":"Offshore","natural_gas_mboed":0.0,"oil_mbd":0.0,"operator":"ENQUEST PLC","period":"202607","region":"NNS","slug":"magnus-south","storage_unit_count":0,"total_mboed":0.0,"unit_count":1,"water_mbd":0.0},"type":"Feature"},{"geometry":{"coordinates":[0.766,57.416],"type":"Point"},"properties":{"assoc_gas_mmscfd":0.574,"condensate_mbd":0.0,"dry_gas_mmscfd":0.0,"field":"MALLARD","liquids_mboed":0.713,"location":"Offshore","natural_gas_mboed":0.096,"oil_mbd":0.713,"operator":"ENQUEST PLC","period":"202607","region":"CNS","slug":"mallard","storage_unit_count":0,"total_mboed":0.809,"unit_count":1,"water_mbd":5.287},"type":"Feature"},{"geometry":{"coordinates":[1.233,53.552],"type":"Point"},"properties":{"assoc_gas_mmscfd":0.0,"condensate_mbd":0.002,"dry_gas_mmscfd":5.213,"field":"MALORY","liquids_mboed":0.002,"location":"Offshore","natural_gas_mboed":0.869,"oil_mbd":0.0,"operator":"PERENCO OIL & GAS","period":"202607","region":"SNS","slug":"malory","storage_unit_count":0,"total_mboed":0.871,"unit_count":1,"water_mbd":0.0},"type":"Feature"},{"geometry":{"coordinates":[1.703,58.032],"type":"Point"},"properties":{"assoc_gas_mmscfd":1.321,"condensate_mbd":0.0,"dry_gas_mmscfd":0.0,"field":"MARIA","liquids_mboed":0.439,"location":"Offshore","natural_gas_mboed":0.22,"oil_mbd":0.439,"operator":"HARBOUR ENERGY PLC","period":"202607","region":"CNS","slug":"maria","storage_unit_count":0,"total_mboed":0.659,"unit_count":1,"water_mbd":0.103},"type":"Feature"},{"geometry":{"coordinates":[1.083,59.591],"type":"Point"},"properties":{"assoc_gas_mmscfd":9.525,"condensate_mbd":0.0,"dry_gas_mmscfd":0.0,"field":"MARINER","liquids_mboed":38.397,"location":"Offshore","natural_gas_mboed":1.587,"oil_mbd":38.397,"operator":"ADURA ENERGY","period":"202607","region":"NNS","slug":"mariner","storage_unit_count":0,"total_mboed":39.984,"unit_count":1,"water_mbd":253.545},"type":"Feature"},{"geometry":{"coordinates":[2.888,53.837],"type":"Point"},"properties":{"assoc_gas_mmscfd":0.0,"condensate_mbd":0.0,"dry_gas_mmscfd":0.0,"field":"MARKHAM","liquids_mboed":0.0,"location":"Offshore","natural_gas_mboed":0.0,"oil_mbd":0.0,"operator":"SPIRIT ENERGY","period":"202607","region":"SNS","slug":"markham","storage_unit_count":0,"total_mboed":0.0,"unit_count":1,"water_mbd":0.0},"type":"Feature"},{"geometry":{"coordinates":[1.64,57.227],"type":"Point"},"properties":{"assoc_gas_mmscfd":1.908,"condensate_mbd":0.0,"dry_gas_mmscfd":0.0,"field":"MARNOCK [pt. of MARNOCK-SKUA]","liquids_mboed":0.054,"location":"Offshore","natural_gas_mboed":0.318,"oil_mbd":0.054,"operator":"BP EXPLORATION","period":"202607","region":"CNS","slug":"marnock-pt-of-marnock-skua","storage_unit_count":0,"total_mboed":0.372,"unit_count":1,"water_mbd":0.005},"type":"Feature"},{"geometry":{"coordinates":[0.986,57.728],"type":"Point"},"properties":{"assoc_gas_mmscfd":0.06,"condensate_mbd":0.0,"dry_gas_mmscfd":0.0,"field":"MAULE","liquids_mboed":0.093,"location":"Offshore","natural_gas_mboed":0.01,"oil_mbd":0.093,"operator":"APACHE CORPORATION","period":"202607","region":"CNS","slug":"maule","storage_unit_count":0,"total_mboed":0.103,"unit_count":1,"water_mbd":13.193},"type":"Feature"},{"geometry":{"coordinates":[0.641,53.767],"type":"Point"},"properties":{"assoc_gas_mmscfd":0.0,"condensate_mbd":0.001,"dry_gas_mmscfd":0.539,"field":"MERCURY","liquids_mboed":0.001,"location":"Offshore","natural_gas_mboed":0.09,"oil_mbd":0.0,"operator":"PERENCO OIL & GAS","period":"202607","region":"SNS","slug":"mercury","storage_unit_count":0,"total_mboed":0.091,"unit_count":1,"water_mbd":0.002},"type":"Feature"},{"geometry":{"coordinates":[1.926,57.159],"type":"Point"},"properties":{"assoc_gas_mmscfd":0.0,"condensate_mbd":0.0,"dry_gas_mmscfd":0.0,"field":"MERGANSER","liquids_mboed":0.0,"location":"Offshore","natural_gas_mboed":0.0,"oil_mbd":0.0,"operator":"SHELL PLC","period":"202607","region":"CNS","slug":"merganser","storage_unit_count":0,"total_mboed":0.0,"unit_count":1,"water_mbd":0.0},"type":"Feature"},{"geometry":{"coordinates":[0.597,53.947],"type":"Point"},"properties":{"assoc_gas_mmscfd":0.0,"condensate_mbd":0.034,"dry_gas_mmscfd":13.416,"field":"MINERVA","liquids_mboed":0.034,"location":"Offshore","natural_gas_mboed":2.236,"oil_mbd":0.0,"operator":"PERENCO OIL & GAS","period":"202607","region":"SNS","slug":"minerva","storage_unit_count":0,"total_mboed":2.27,"unit_count":1,"water_mbd":0.047},"type":"Feature"},{"geometry":{"coordinates":[1.888,57.298],"type":"Point"},"properties":{"assoc_gas_mmscfd":0.0,"condensate_mbd":0.0,"dry_gas_mmscfd":0.0,"field":"MIRREN","liquids_mboed":0.0,"location":"Offshore","natural_gas_mboed":0.0,"oil_mbd":0.0,"operator":"BP EXPLORATION","period":"202607","region":"CNS","slug":"mirren","storage_unit_count":0,"total_mboed":0.0,"unit_count":1,"water_mbd":0.0},"type":"Feature"},{"geometry":{"coordinates":[1.892,57.356],"type":"Point"},"properties":{"assoc_gas_mmscfd":0.844,"condensate_mbd":0.0,"dry_gas_mmscfd":0.0,"field":"MONAN","liquids_mboed":0.379,"location":"Offshore","natural_gas_mboed":0.141,"oil_mbd":0.379,"operator":"BP EXPLORATION","period":"202607","region":"CNS","slug":"monan","storage_unit_count":0,"total_mboed":0.519,"unit_count":1,"water_mbd":0.109},"type":"Feature"},{"geometry":{"coordinates":[1.394,57.449],"type":"Point"},"properties":{"assoc_gas_mmscfd":0.191,"condensate_mbd":0.0,"dry_gas_mmscfd":0.0,"field":"MONTROSE","liquids_mboed":0.281,"location":"Offshore","natural_gas_mboed":0.032,"oil_mbd":0.281,"operator":"NEO NEXT+ ENERGY","period":"202607","region":"CNS","slug":"montrose","storage_unit_count":0,"total_mboed":0.313,"unit_count":1,"water_mbd":2.108},"type":"Feature"},{"geometry":{"coordinates":[1.352,53.521],"type":"Point"},"properties":{"assoc_gas_mmscfd":0.0,"condensate_mbd":0.0,"dry_gas_mmscfd":0.0,"field":"MORDRED","liquids_mboed":0.0,"location":"Offshore","natural_gas_mboed":0.0,"oil_mbd":0.0,"operator":"PERENCO OIL & GAS","period":"202607","region":"SNS","slug":"mordred","storage_unit_count":0,"total_mboed":0.0,"unit_count":1,"water_mbd":0.0},"type":"Feature"},{"geometry":{"coordinates":[1.999,57.38],"type":"Point"},"properties":{"assoc_gas_mmscfd":8.167,"condensate_mbd":0.0,"dry_gas_mmscfd":0.0,"field":"MUNGO","liquids_mboed":2.689,"location":"Offshore","natural_gas_mboed":1.361,"oil_mbd":2.689,"operator":"BP EXPLORATION","period":"202607","region":"CNS","slug":"mungo","storage_unit_count":0,"total_mboed":4.05,"unit_count":1,"water_mbd":5.316},"type":"Feature"},{"geometry":{"coordinates":[1.674,57.259],"type":"Point"},"properties":{"assoc_gas_mmscfd":8.474,"condensate_mbd":0.0,"dry_gas_mmscfd":0.0,"field":"MURLACH [pt of MARNOCK-SKUA]","liquids_mboed":11.034,"location":"Offshore","natural_gas_mboed":1.412,"oil_mbd":11.034,"operator":"BP EXPLORATION","period":"202607","region":"CNS","slug":"murlach-pt-of-marnock-skua","storage_unit_count":0,"total_mboed":12.446,"unit_count":1,"water_mbd":0.391},"type":"Feature"},{"geometry":{"coordinates":[1.151,57.651],"type":"Point"},"properties":{"assoc_gas_mmscfd":2.72,"condensate_mbd":0.0,"dry_gas_mmscfd":0.0,"field":"NELSON","liquids_mboed":3.965,"location":"Offshore","natural_gas_mboed":0.453,"oil_mbd":3.965,"operator":"ADURA ENERGY","period":"202607","region":"CNS","slug":"nelson","storage_unit_count":0,"total_mboed":4.419,"unit_count":1,"water_mbd":95.888},"type":"Feature"},{"geometry":{"coordinates":[0.789,53.983],"type":"Point"},"properties":{"assoc_gas_mmscfd":0.0,"condensate_mbd":0.003,"dry_gas_mmscfd":4.408,"field":"NEPTUNE","liquids_mboed":0.003,"location":"Offshore","natural_gas_mboed":0.735,"oil_mbd":0.0,"operator":"PERENCO OIL & GAS","period":"202607","region":"SNS","slug":"neptune","storage_unit_count":0,"total_mboed":0.738,"unit_count":1,"water_mbd":0.005},"type":"Feature"},{"geometry":{"coordinates":[1.437,59.546],"type":"Point"},"properties":{"assoc_gas_mmscfd":0.0,"condensate_mbd":0.0,"dry_gas_mmscfd":0.0,"field":"NESS","liquids_mboed":0.0,"location":"Offshore","natural_gas_mboed":0.0,"oil_mbd":0.0,"operator":"APACHE CORPORATION","period":"202607","region":"NNS","slug":"ness","storage_unit_count":0,"total_mboed":0.0,"unit_count":1,"water_mbd":0.0},"type":"Feature"},{"geometry":{"coordinates":[1.403,59.55],"type":"Point"},"properties":{"assoc_gas_mmscfd":7.237,"condensate_mbd":0.0,"dry_gas_mmscfd":0.0,"field":"NEVIS","liquids_mboed":0.618,"location":"Offshore","natural_gas_mboed":1.206,"oil_mbd":0.618,"operator":"APACHE CORPORATION","period":"202607","region":"NNS","slug":"nevis","storage_unit_count":0,"total_mboed":1.824,"unit_count":1,"water_mbd":3.675},"type":"Feature"},{"geometry":{"coordinates":[1.247,53.732],"type":"Point"},"properties":{"assoc_gas_mmscfd":0.0,"condensate_mbd":0.0,"dry_gas_mmscfd":2.004,"field":"NEWSHAM","liquids_mboed":0.0,"location":"Offshore","natural_gas_mboed":0.334,"oil_mbd":0.0,"operator":"PERENCO OIL & GAS","period":"202607","region":"SNS","slug":"newsham","storage_unit_count":0,"total_mboed":0.334,"unit_count":1,"water_mbd":0.026},"type":"Feature"},{"geometry":{"coordinates":[1.44,60.836],"type":"Point"},"properties":{"assoc_gas_mmscfd":1.695,"condensate_mbd":0.0,"dry_gas_mmscfd":0.0,"field":"NINIAN","liquids_mboed":2.695,"location":"Offshore","natural_gas_mboed":0.283,"oil_mbd":2.695,"operator":"CNR INTERNATIONAL","period":"202607","region":"NNS","slug":"ninian","storage_unit_count":0,"total_mboed":2.977,"unit_count":1,"water_mbd":61.208},"type":"Feature"},{"geometry":{"coordinates":[-3.676,53.962],"type":"Point"},"properties":{"assoc_gas_mmscfd":0.0,"condensate_mbd":0.003,"dry_gas_mmscfd":11.367,"field":"NORTH MORECAMBE","liquids_mboed":0.003,"location":"Offshore","natural_gas_mboed":1.894,"oil_mbd":0.0,"operator":"SPIRIT ENERGY","period":"202607","region":"IS","slug":"north-morecambe","storage_unit_count":0,"total_mboed":1.897,"unit_count":1,"water_mbd":0.0},"type":"Feature"},{"geometry":{"coordinates":[2.503,56.421],"type":"Point"},"properties":{"assoc_gas_mmscfd":0.0,"condensate_mbd":0.0,"dry_gas_mmscfd":0.0,"field":"ORION","liquids_mboed":0.0,"location":"Offshore","natural_gas_mboed":0.0,"oil_mbd":0.0,"operator":"NEO NEXT+ ENERGY","period":"202607","region":"CNS","slug":"orion","storage_unit_count":0,"total_mboed":0.0,"unit_count":1,"water_mbd":0.0},"type":"Feature"},{"geometry":{"coordinates":[1.539,60.957],"type":"Point"},"properties":{"assoc_gas_mmscfd":0.0,"condensate_mbd":0.0,"dry_gas_mmscfd":0.0,"field":"ORLANDO","liquids_mboed":0.0,"location":"Offshore","natural_gas_mboed":0.0,"oil_mbd":0.0,"operator":"SERICA ENERGY","period":"202607","region":"NNS","slug":"orlando","storage_unit_count":0,"total_mboed":0.0,"unit_count":1,"water_mbd":0.0},"type":"Feature"},{"geometry":{"coordinates":[1.114,61.05],"type":"Point"},"properties":{"assoc_gas_mmscfd":0.0,"condensate_mbd":0.0,"dry_gas_mmscfd":0.0,"field":"PELICAN","liquids_mboed":0.0,"location":"Offshore","natural_gas_mboed":0.0,"oil_mbd":0.0,"operator":"TAQA EUROPA B.V.","period":"202607","region":"NNS","slug":"pelican","storage_unit_count":0,"total_mboed":0.0,"unit_count":1,"water_mbd":0.0},"type":"Feature"},{"geometry":{"coordinates":[1.594,61.593],"type":"Point"},"properties":{"assoc_gas_mmscfd":54.095,"condensate_mbd":0.0,"dry_gas_mmscfd":0.0,"field":"PENGUIN EAST","liquids_mboed":6.848,"location":"Offshore","natural_gas_mboed":9.016,"oil_mbd":6.848,"operator":"ADURA ENERGY","period":"202607","region":"NNS","slug":"penguin-east","storage_unit_count":0,"total_mboed":15.864,"unit_count":1,"water_mbd":0.591},"type":"Feature"},{"geometry":{"coordinates":[1.492,61.652],"type":"Point"},"properties":{"assoc_gas_mmscfd":9.357,"condensate_mbd":0.0,"dry_gas_mmscfd":0.0,"field":"PENGUIN WEST","liquids_mboed":6.27,"location":"Offshore","natural_gas_mboed":1.56,"oil_mbd":6.27,"operator":"ADURA ENERGY","period":"202607","region":"NNS","slug":"penguin-west","storage_unit_count":0,"total_mboed":7.829,"unit_count":1,"water_mbd":0.159},"type":"Feature"},{"geometry":{"coordinates":[-0.898,57.914],"type":"Point"},"properties":{"assoc_gas_mmscfd":0.011,"condensate_mbd":0.0,"dry_gas_mmscfd":0.0,"field":"PEREGRINE","liquids_mboed":0.036,"location":"Offshore","natural_gas_mboed":0.002,"oil_mbd":0.036,"operator":"CNOOC INTERNATIONAL","period":"202607","region":"CNS","slug":"peregrine","storage_unit_count":0,"total_mboed":0.037,"unit_count":1,"water_mbd":0.347},"type":"Feature"},{"geometry":{"coordinates":[-0.106,58.339],"type":"Point"},"properties":{"assoc_gas_mmscfd":0.0,"condensate_mbd":0.0,"dry_gas_mmscfd":0.0,"field":"PETRONELLA","liquids_mboed":0.0,"location":"Offshore","natural_gas_mboed":0.0,"oil_mbd":0.0,"operator":"NEO NEXT+ ENERGY","period":"202607","region":"CNS","slug":"petronella","storage_unit_count":0,"total_mboed":0.0,"unit_count":1,"water_mbd":0.0},"type":"Feature"},{"geometry":{"coordinates":[0.497,57.292],"type":"Point"},"properties":{"assoc_gas_mmscfd":0.0,"condensate_mbd":0.0,"dry_gas_mmscfd":0.0,"field":"PICT","liquids_mboed":0.0,"location":"Offshore","natural_gas_mboed":0.0,"oil_mbd":0.0,"operator":"DANA PETROLEUM LIMITED","period":"202607","region":"CNS","slug":"pict","storage_unit_count":0,"total_mboed":0.0,"unit_count":1,"water_mbd":0.0},"type":"Feature"},{"geometry":{"coordinates":[2.267,57.163],"type":"Point"},"properties":{"assoc_gas_mmscfd":67.003,"condensate_mbd":0.0,"dry_gas_mmscfd":0.0,"field":"PIERCE","liquids_mboed":6.346,"location":"Offshore","natural_gas_mboed":11.167,"oil_mbd":6.346,"operator":"ADURA ENERGY","period":"202607","region":"CNS","slug":"pierce","storage_unit_count":0,"total_mboed":17.513,"unit_count":1,"water_mbd":1.32},"type":"Feature"},{"geometry":{"coordinates":[0.252,58.463],"type":"Point"},"properties":{"assoc_gas_mmscfd":0.0,"condensate_mbd":0.0,"dry_gas_mmscfd":0.0,"field":"PIPER","liquids_mboed":0.0,"location":"Offshore","natural_gas_mboed":0.0,"oil_mbd":0.0,"operator":"NEO NEXT+ ENERGY","period":"202607","region":"CNS","slug":"piper","storage_unit_count":0,"total_mboed":0.0,"unit_count":1,"water_mbd":0.0},"type":"Feature"},{"geometry":{"coordinates":[1.004,54.067],"type":"Point"},"properties":{"assoc_gas_mmscfd":0.0,"condensate_mbd":0.001,"dry_gas_mmscfd":22.24,"field":"RAVENSPURN N[pt.of RAVENSPURN]","liquids_mboed":0.001,"location":"Offshore","natural_gas_mboed":3.707,"oil_mbd":0.0,"operator":"PERENCO OIL & GAS","period":"202607","region":"SNS","slug":"ravenspurn-n-pt-of-ravenspurn","storage_unit_count":0,"total_mboed":3.708,"unit_count":1,"water_mbd":0.115},"type":"Feature"},{"geometry":{"coordinates":[0.885,54.06],"type":"Point"},"properties":{"assoc_gas_mmscfd":0.0,"condensate_mbd":0.005,"dry_gas_mmscfd":19.73,"field":"RAVENSPURN S[pt.of RAVENSPURN]","liquids_mboed":0.005,"location":"Offshore","natural_gas_mboed":3.288,"oil_mbd":0.0,"operator":"PERENCO OIL & GAS","period":"202607","region":"SNS","slug":"ravenspurn-s-pt-of-ravenspurn","storage_unit_count":0,"total_mboed":3.293,"unit_count":1,"water_mbd":0.16},"type":"Feature"},{"geometry":{"coordinates":[1.739,60.13],"type":"Point"},"properties":{"assoc_gas_mmscfd":121.645,"condensate_mbd":0.0,"dry_gas_mmscfd":0.0,"field":"RHUM","liquids_mboed":0.483,"location":"Offshore","natural_gas_mboed":20.274,"oil_mbd":0.483,"operator":"SERICA ENERGY","period":"202607","region":"NNS","slug":"rhum","storage_unit_count":0,"total_mboed":20.757,"unit_count":1,"water_mbd":0.633},"type":"Feature"},{"geometry":{"coordinates":[-3.691,54.067],"type":"Point"},"properties":{"assoc_gas_mmscfd":0.0,"condensate_mbd":0.001,"dry_gas_mmscfd":1.622,"field":"RHYL","liquids_mboed":0.001,"location":"Offshore","natural_gas_mboed":0.27,"oil_mbd":0.0,"operator":"SPIRIT ENERGY","period":"202607","region":"IS","slug":"rhyl","storage_unit_count":0,"total_mboed":0.271,"unit_count":1,"water_mbd":0.0},"type":"Feature"},{"geometry":{"coordinates":[-1.373,58.109],"type":"Point"},"properties":{"assoc_gas_mmscfd":0.0,"condensate_mbd":0.0,"dry_gas_mmscfd":0.0,"field":"ROSS","liquids_mboed":0.0,"location":"Offshore","natural_gas_mboed":0.0,"oil_mbd":0.0,"operator":"NEO NEXT+ ENERGY","period":"202607","region":"CNS","slug":"ross","storage_unit_count":0,"total_mboed":0.0,"unit_count":1,"water_mbd":0.0},"type":"Feature"},{"geometry":{"coordinates":[0.462,53.83],"type":"Point"},"properties":{"assoc_gas_mmscfd":0.0,"condensate_mbd":0.029,"dry_gas_mmscfd":13.929,"field":"ROUGH","liquids_mboed":0.029,"location":"Offshore","natural_gas_mboed":2.322,"oil_mbd":0.0,"operator":"CENTRICA STORAGE HOLDINGS","period":"202607","region":"SNS","slug":"rough","storage_unit_count":1,"total_mboed":2.351,"unit_count":1,"water_mbd":0.031},"type":"Feature"},{"geometry":{"coordinates":[0.337,58.415],"type":"Point"},"properties":{"assoc_gas_mmscfd":0.0,"condensate_mbd":0.0,"dry_gas_mmscfd":0.0,"field":"SALTIRE","liquids_mboed":0.0,"location":"Offshore","natural_gas_mboed":0.0,"oil_mbd":0.0,"operator":"NEO NEXT+ ENERGY","period":"202607","region":"CNS","slug":"saltire","storage_unit_count":0,"total_mboed":0.0,"unit_count":1,"water_mbd":0.0},"type":"Feature"},{"geometry":{"coordinates":[0.492,57.258],"type":"Point"},"properties":{"assoc_gas_mmscfd":0.0,"condensate_mbd":0.0,"dry_gas_mmscfd":0.0,"field":"SAXON","liquids_mboed":0.0,"location":"Offshore","natural_gas_mboed":0.0,"oil_mbd":0.0,"operator":"DANA PETROLEUM LIMITED","period":"202607","region":"CNS","slug":"saxon","storage_unit_count":0,"total_mboed":0.0,"unit_count":1,"water_mbd":0.0},"type":"Feature"},{"geometry":{"coordinates":[-0.332,58.426],"type":"Point"},"properties":{"assoc_gas_mmscfd":0.0,"condensate_mbd":0.0,"dry_gas_mmscfd":0.0,"field":"SCAPA","liquids_mboed":0.0,"location":"Offshore","natural_gas_mboed":0.0,"oil_mbd":0.0,"operator":"NEO NEXT+ ENERGY","period":"202607","region":"CNS","slug":"scapa","storage_unit_count":0,"total_mboed":0.0,"unit_count":1,"water_mbd":0.0},"type":"Feature"},{"geometry":{"coordinates":[-4.077,60.355],"type":"Point"},"properties":{"assoc_gas_mmscfd":0.129,"condensate_mbd":0.0,"dry_gas_mmscfd":0.0,"field":"SCHIEHALLION","liquids_mboed":0.759,"location":"Offshore","natural_gas_mboed":0.021,"oil_mbd":0.759,"operator":"BP EXPLORATION","period":"202607","region":"WoS","slug":"schiehallion","storage_unit_count":0,"total_mboed":0.781,"unit_count":1,"water_mbd":0.976},"type":"Feature"},{"geometry":{"coordinates":[0.413,57.675],"type":"Point"},"properties":{"assoc_gas_mmscfd":0.491,"condensate_mbd":0.0,"dry_gas_mmscfd":0.0,"field":"SCOLTY","liquids_mboed":1.381,"location":"Offshore","natural_gas_mboed":0.082,"oil_mbd":1.381,"operator":"ENQUEST PLC","period":"202607","region":"CNS","slug":"scolty","storage_unit_count":0,"total_mboed":1.463,"unit_count":1,"water_mbd":5.513},"type":"Feature"},{"geometry":{"coordinates":[1.984,57.133],"type":"Point"},"properties":{"assoc_gas_mmscfd":0.0,"condensate_mbd":0.0,"dry_gas_mmscfd":0.0,"field":"SCOTER","liquids_mboed":0.0,"location":"Offshore","natural_gas_mboed":0.0,"oil_mbd":0.0,"operator":"SHELL PLC","period":"202607","region":"CNS","slug":"scoter","storage_unit_count":0,"total_mboed":0.0,"unit_count":1,"water_mbd":0.0},"type":"Feature"},{"geometry":{"coordinates":[0.222,58.275],"type":"Point"},"properties":{"assoc_gas_mmscfd":0.836,"condensate_mbd":0.0,"dry_gas_mmscfd":0.0,"field":"SCOTT","liquids_mboed":1.433,"location":"Offshore","natural_gas_mboed":0.139,"oil_mbd":1.433,"operator":"CNOOC INTERNATIONAL","period":"202607","region":"CNS","slug":"scott","storage_unit_count":0,"total_mboed":1.573,"unit_count":1,"water_mbd":21.876},"type":"Feature"},{"geometry":{"coordinates":[1.66,57.15],"type":"Point"},"properties":{"assoc_gas_mmscfd":29.154,"condensate_mbd":0.0,"dry_gas_mmscfd":0.0,"field":"SEAGULL","liquids_mboed":23.201,"location":"Offshore","natural_gas_mboed":4.859,"oil_mbd":23.201,"operator":"BP EXPLORATION","period":"202607","region":"CNS","slug":"seagull","storage_unit_count":0,"total_mboed":28.06,"unit_count":1,"water_mbd":0.124},"type":"Feature"},{"geometry":{"coordinates":[1.876,57.963],"type":"Point"},"properties":{"assoc_gas_mmscfd":14.03,"condensate_mbd":0.0,"dry_gas_mmscfd":0.0,"field":"SEYMOUR","liquids_mboed":1.368,"location":"Offshore","natural_gas_mboed":2.338,"oil_mbd":1.368,"operator":"HARBOUR ENERGY PLC","period":"202607","region":"CNS","slug":"seymour","storage_unit_count":0,"total_mboed":3.707,"unit_count":1,"water_mbd":0.428},"type":"Feature"},{"geometry":{"coordinates":[2.949,53.461],"type":"Point"},"properties":{"assoc_gas_mmscfd":0.0,"condensate_mbd":0.008,"dry_gas_mmscfd":1.72,"field":"SHAMROCK","liquids_mboed":0.008,"location":"Offshore","natural_gas_mboed":0.287,"oil_mbd":0.0,"operator":"SHELL PLC","period":"202607","region":"SNS","slug":"shamrock","storage_unit_count":0,"total_mboed":0.295,"unit_count":1,"water_mbd":0.115},"type":"Feature"},{"geometry":{"coordinates":[1.365,57.295],"type":"Point"},"properties":{"assoc_gas_mmscfd":4.613,"condensate_mbd":0.0,"dry_gas_mmscfd":0.0,"field":"SHAW","liquids_mboed":4.786,"location":"Offshore","natural_gas_mboed":0.769,"oil_mbd":4.786,"operator":"NEO NEXT+ ENERGY","period":"202607","region":"CNS","slug":"shaw","storage_unit_count":0,"total_mboed":5.555,"unit_count":1,"water_mbd":5.676},"type":"Feature"},{"geometry":{"coordinates":[1.945,57.038],"type":"Point"},"properties":{"assoc_gas_mmscfd":92.665,"condensate_mbd":0.0,"dry_gas_mmscfd":0.0,"field":"SHEARWATER","liquids_mboed":6.855,"location":"Offshore","natural_gas_mboed":15.444,"oil_mbd":6.855,"operator":"ADURA ENERGY","period":"202607","region":"CNS","slug":"shearwater","storage_unit_count":0,"total_mboed":22.3,"unit_count":1,"water_mbd":0.63},"type":"Feature"},{"geometry":{"coordinates":[2.791,54.415],"type":"Point"},"properties":{"assoc_gas_mmscfd":0.0,"condensate_mbd":0.0,"dry_gas_mmscfd":0.0,"field":"SILLIMANITE","liquids_mboed":0.0,"location":"Offshore","natural_gas_mboed":0.0,"oil_mbd":0.0,"operator":"WINTERSHALL NOORDZEE","period":"202607","region":"SNS","slug":"sillimanite","storage_unit_count":0,"total_mboed":0.0,"unit_count":1,"water_mbd":0.002},"type":"Feature"},{"geometry":{"coordinates":[1.687,59.428],"type":"Point"},"properties":{"assoc_gas_mmscfd":2.096,"condensate_mbd":0.0,"dry_gas_mmscfd":0.0,"field":"SKENE","liquids_mboed":0.059,"location":"Offshore","natural_gas_mboed":0.349,"oil_mbd":0.059,"operator":"APACHE CORPORATION","period":"202607","region":"NNS","slug":"skene","storage_unit_count":0,"total_mboed":0.408,"unit_count":1,"water_mbd":0.007},"type":"Feature"},{"geometry":{"coordinates":[1.874,53.43],"type":"Point"},"properties":{"assoc_gas_mmscfd":0.0,"condensate_mbd":0.007,"dry_gas_mmscfd":7.211,"field":"SKIFF","liquids_mboed":0.007,"location":"Offshore","natural_gas_mboed":1.202,"oil_mbd":0.0,"operator":"SHELL PLC","period":"202607","region":"SNS","slug":"skiff","storage_unit_count":0,"total_mboed":1.209,"unit_count":1,"water_mbd":0.014},"type":"Feature"},{"geometry":{"coordinates":[-0.866,58.003],"type":"Point"},"properties":{"assoc_gas_mmscfd":0.003,"condensate_mbd":0.0,"dry_gas_mmscfd":0.0,"field":"SOLITAIRE","liquids_mboed":0.014,"location":"Offshore","natural_gas_mboed":0.001,"oil_mbd":0.014,"operator":"CNOOC INTERNATIONAL","period":"202607","region":"CNS","slug":"solitaire","storage_unit_count":0,"total_mboed":0.014,"unit_count":1,"water_mbd":0.148},"type":"Feature"},{"geometry":{"coordinates":[1.035,61.105],"type":"Point"},"properties":{"assoc_gas_mmscfd":0.0,"condensate_mbd":0.0,"dry_gas_mmscfd":0.0,"field":"SOUTH CORMORANT","liquids_mboed":0.0,"location":"Offshore","natural_gas_mboed":0.0,"oil_mbd":0.0,"operator":"TAQA EUROPA B.V.","period":"202607","region":"NNS","slug":"south-cormorant","storage_unit_count":0,"total_mboed":0.0,"unit_count":1,"water_mbd":0.0},"type":"Feature"},{"geometry":{"coordinates":[-3.605,53.864],"type":"Point"},"properties":{"assoc_gas_mmscfd":0.0,"condensate_mbd":0.1,"dry_gas_mmscfd":28.415,"field":"SOUTH MORECAMBE","liquids_mboed":0.1,"location":"Offshore","natural_gas_mboed":4.736,"oil_mbd":0.0,"operator":"SPIRIT ENERGY","period":"202607","region":"IS","slug":"south-morecambe","storage_unit_count":0,"total_mboed":4.835,"unit_count":1,"water_mbd":0.01},"type":"Feature"},{"geometry":{"coordinates":[2.101,53.178],"type":"Point"},"properties":{"assoc_gas_mmscfd":0.0,"condensate_mbd":0.0,"dry_gas_mmscfd":0.0,"field":"SOUTHWARK","liquids_mboed":0.0,"location":"Offshore","natural_gas_mboed":0.0,"oil_mbd":0.0,"operator":"IOG PLC","period":"202607","region":"SNS","slug":"southwark","storage_unit_count":0,"total_mboed":0.0,"unit_count":1,"water_mbd":0.0},"type":"Feature"},{"geometry":{"coordinates":[1.432,56.946],"type":"Point"},"properties":{"assoc_gas_mmscfd":17.789,"condensate_mbd":0.0,"dry_gas_mmscfd":0.0,"field":"STARLING","liquids_mboed":0.617,"location":"Offshore","natural_gas_mboed":2.965,"oil_mbd":0.617,"operator":"ADURA ENERGY","period":"202607","region":"CNS","slug":"starling","storage_unit_count":0,"total_mboed":3.582,"unit_count":1,"water_mbd":0.091},"type":"Feature"},{"geometry":{"coordinates":[1.88,61.273],"type":"Point"},"properties":{"assoc_gas_mmscfd":11.775,"condensate_mbd":0.0,"dry_gas_mmscfd":0.0,"field":"STATFJORD","liquids_mboed":2.059,"location":"Offshore","natural_gas_mboed":1.962,"oil_mbd":2.059,"operator":"EQUINOR ASA","period":"202607","region":"NNS","slug":"statfjord","storage_unit_count":0,"total_mboed":4.022,"unit_count":1,"water_mbd":40.757},"type":"Feature"},{"geometry":{"coordinates":[2.077,56.805],"type":"Point"},"properties":{"assoc_gas_mmscfd":0.0,"condensate_mbd":0.0,"dry_gas_mmscfd":0.0,"field":"STELLA","liquids_mboed":0.0,"location":"Offshore","natural_gas_mboed":0.0,"oil_mbd":0.0,"operator":"ITHACA ENERGY","period":"202607","region":"CNS","slug":"stella","storage_unit_count":0,"total_mboed":0.0,"unit_count":1,"water_mbd":0.0},"type":"Feature"},{"geometry":{"coordinates":[1.674,59.37],"type":"Point"},"properties":{"assoc_gas_mmscfd":19.328,"condensate_mbd":0.0,"dry_gas_mmscfd":0.0,"field":"STORR","liquids_mboed":0.547,"location":"Offshore","natural_gas_mboed":3.221,"oil_mbd":0.547,"operator":"APACHE CORPORATION","period":"202607","region":"NNS","slug":"storr","storage_unit_count":0,"total_mboed":3.768,"unit_count":1,"water_mbd":0.047},"type":"Feature"},{"geometry":{"coordinates":[2.463,56.586],"type":"Point"},"properties":{"assoc_gas_mmscfd":21.536,"condensate_mbd":0.0,"dry_gas_mmscfd":0.0,"field":"TALBOT","liquids_mboed":5.792,"location":"Offshore","natural_gas_mboed":3.589,"oil_mbd":5.792,"operator":"HARBOUR ENERGY PLC","period":"202607","region":"CNS","slug":"talbot","storage_unit_count":0,"total_mboed":9.381,"unit_count":1,"water_mbd":0.172},"type":"Feature"},{"geometry":{"coordinates":[0.069,58.373],"type":"Point"},"properties":{"assoc_gas_mmscfd":0.0,"condensate_mbd":0.0,"dry_gas_mmscfd":0.0,"field":"TARTAN","liquids_mboed":0.0,"location":"Offshore","natural_gas_mboed":0.0,"oil_mbd":0.0,"operator":"NEO NEXT+ ENERGY","period":"202607","region":"CNS","slug":"tartan","storage_unit_count":0,"total_mboed":0.0,"unit_count":1,"water_mbd":0.0},"type":"Feature"},{"geometry":{"coordinates":[0.831,57.295],"type":"Point"},"properties":{"assoc_gas_mmscfd":0.348,"condensate_mbd":0.0,"dry_gas_mmscfd":0.0,"field":"TEAL","liquids_mboed":0.305,"location":"Offshore","natural_gas_mboed":0.058,"oil_mbd":0.305,"operator":"ANASURIA OPERATING COMPANY LIMITED","period":"202607","region":"CNS","slug":"teal","storage_unit_count":0,"total_mboed":0.363,"unit_count":1,"water_mbd":12.356},"type":"Feature"},{"geometry":{"coordinates":[0.819,57.233],"type":"Point"},"properties":{"assoc_gas_mmscfd":0.0,"condensate_mbd":0.0,"dry_gas_mmscfd":0.0,"field":"TEAL SOUTH","liquids_mboed":0.0,"location":"Offshore","natural_gas_mboed":0.0,"oil_mbd":0.0,"operator":"ANASURIA OPERATING COMPANY LIMITED","period":"202607","region":"CNS","slug":"teal-south","storage_unit_count":0,"total_mboed":0.0,"unit_count":1,"water_mbd":0.0},"type":"Feature"},{"geometry":{"coordinates":[0.783,57.288],"type":"Point"},"properties":{"assoc_gas_mmscfd":0.972,"condensate_mbd":0.0,"dry_gas_mmscfd":0.0,"field":"TEAL WEST","liquids_mboed":4.777,"location":"Offshore","natural_gas_mboed":0.162,"oil_mbd":4.777,"operator":"HIBISCUS PETROLEUM","period":"202607","region":"CNS","slug":"teal-west","storage_unit_count":0,"total_mboed":4.939,"unit_count":1,"water_mbd":0.026},"type":"Feature"},{"geometry":{"coordinates":[0.26,58.221],"type":"Point"},"properties":{"assoc_gas_mmscfd":0.224,"condensate_mbd":0.0,"dry_gas_mmscfd":0.0,"field":"TELFORD","liquids_mboed":0.162,"location":"Offshore","natural_gas_mboed":0.037,"oil_mbd":0.162,"operator":"CNOOC INTERNATIONAL","period":"202607","region":"CNS","slug":"telford","storage_unit_count":0,"total_mboed":0.199,"unit_count":1,"water_mbd":0.959},"type":"Feature"},{"geometry":{"coordinates":[1.313,58.373],"type":"Point"},"properties":{"assoc_gas_mmscfd":3.999,"condensate_mbd":0.0,"dry_gas_mmscfd":0.0,"field":"THELMA","liquids_mboed":1.228,"location":"Offshore","natural_gas_mboed":0.666,"oil_mbd":1.228,"operator":"CNR INTERNATIONAL","period":"202607","region":"NNS","slug":"thelma","storage_unit_count":0,"total_mboed":1.894,"unit_count":1,"water_mbd":1.391},"type":"Feature"},{"geometry":{"coordinates":[1.272,58.482],"type":"Point"},"properties":{"assoc_gas_mmscfd":2.27,"condensate_mbd":0.0,"dry_gas_mmscfd":0.0,"field":"TIFFANY","liquids_mboed":0.868,"location":"Offshore","natural_gas_mboed":0.378,"oil_mbd":0.868,"operator":"CNR INTERNATIONAL","period":"202607","region":"NNS","slug":"tiffany","storage_unit_count":0,"total_mboed":1.246,"unit_count":1,"water_mbd":5.765},"type":"Feature"},{"geometry":{"coordinates":[0.454,54.047],"type":"Point"},"properties":{"assoc_gas_mmscfd":0.0,"condensate_mbd":0.485,"dry_gas_mmscfd":82.03,"field":"TOLMOUNT","liquids_mboed":0.485,"location":"Offshore","natural_gas_mboed":13.672,"oil_mbd":0.0,"operator":"HARBOUR ENERGY PLC","period":"202607","region":"SNS","slug":"tolmount","storage_unit_count":0,"total_mboed":14.157,"unit_count":1,"water_mbd":0.028},"type":"Feature"},{"geometry":{"coordinates":[2.874,56.4],"type":"Point"},"properties":{"assoc_gas_mmscfd":0.804,"condensate_mbd":0.0,"dry_gas_mmscfd":0.0,"field":"TOMMELITEN A","liquids_mboed":0.085,"location":"Offshore","natural_gas_mboed":0.134,"oil_mbd":0.085,"operator":"CONOCOPHILLIPS","period":"202607","region":"CNS","slug":"tommeliten-a","storage_unit_count":0,"total_mboed":0.219,"unit_count":1,"water_mbd":0.004},"type":"Feature"},{"geometry":{"coordinates":[1.296,58.429],"type":"Point"},"properties":{"assoc_gas_mmscfd":3.01,"condensate_mbd":0.0,"dry_gas_mmscfd":0.0,"field":"TONI","liquids_mboed":2.128,"location":"Offshore","natural_gas_mboed":0.502,"oil_mbd":2.128,"operator":"CNR INTERNATIONAL","period":"202607","region":"NNS","slug":"toni","storage_unit_count":0,"total_mboed":2.629,"unit_count":1,"water_mbd":1.513},"type":"Feature"},{"geometry":{"coordinates":[0.948,57.749],"type":"Point"},"properties":{"assoc_gas_mmscfd":0.37,"condensate_mbd":0.0,"dry_gas_mmscfd":0.0,"field":"TONTO","liquids_mboed":0.568,"location":"Offshore","natural_gas_mboed":0.062,"oil_mbd":0.568,"operator":"APACHE CORPORATION","period":"202607","region":"CNS","slug":"tonto","storage_unit_count":0,"total_mboed":0.629,"unit_count":1,"water_mbd":17.167},"type":"Feature"},{"geometry":{"coordinates":[-3.167,60.877],"type":"Point"},"properties":{"assoc_gas_mmscfd":9.79,"condensate_mbd":0.0,"dry_gas_mmscfd":0.0,"field":"TORMORE","liquids_mboed":0.187,"location":"Offshore","natural_gas_mboed":1.632,"oil_mbd":0.187,"operator":"SERICA ENERGY","period":"202607","region":"WoS","slug":"tormore","storage_unit_count":0,"total_mboed":1.819,"unit_count":1,"water_mbd":0.006},"type":"Feature"},{"geometry":{"coordinates":[0.173,57.986],"type":"Point"},"properties":{"assoc_gas_mmscfd":0.0,"condensate_mbd":0.0,"dry_gas_mmscfd":0.0,"field":"TWEEDSMUIR","liquids_mboed":0.0,"location":"Offshore","natural_gas_mboed":0.0,"oil_mbd":0.0,"operator":"NEO NEXT+ ENERGY","period":"202607","region":"CNS","slug":"tweedsmuir","storage_unit_count":0,"total_mboed":0.0,"unit_count":1,"water_mbd":0.0},"type":"Feature"},{"geometry":{"coordinates":[0.151,57.953],"type":"Point"},"properties":{"assoc_gas_mmscfd":0.0,"condensate_mbd":0.0,"dry_gas_mmscfd":0.0,"field":"TWEEDSMUIR SOUTH","liquids_mboed":0.0,"location":"Offshore","natural_gas_mboed":0.0,"oil_mbd":0.0,"operator":"NEO NEXT+ ENERGY","period":"202607","region":"CNS","slug":"tweedsmuir-south","storage_unit_count":0,"total_mboed":0.0,"unit_count":1,"water_mbd":0.0},"type":"Feature"},{"geometry":{"coordinates":[1.527,58.36],"type":"Point"},"properties":{"assoc_gas_mmscfd":2.356,"condensate_mbd":0.0,"dry_gas_mmscfd":0.0,"field":"UTGARD","liquids_mboed":0.381,"location":"Offshore","natural_gas_mboed":0.393,"oil_mbd":0.381,"operator":"EQUINOR ASA","period":"202607","region":"NNS","slug":"utgard","storage_unit_count":0,"total_mboed":0.773,"unit_count":1,"water_mbd":0.07},"type":"Feature"},{"geometry":{"coordinates":[0.7,56.789],"type":"Point"},"properties":{"assoc_gas_mmscfd":3.704,"condensate_mbd":0.0,"dry_gas_mmscfd":0.0,"field":"VARADERO","liquids_mboed":4.655,"location":"Offshore","natural_gas_mboed":0.617,"oil_mbd":4.655,"operator":"HARBOUR ENERGY PLC","period":"202607","region":"CNS","slug":"varadero","storage_unit_count":0,"total_mboed":5.272,"unit_count":1,"water_mbd":35.743},"type":"Feature"},{"geometry":{"coordinates":[-1.904,60.982],"type":"Point"},"properties":{"assoc_gas_mmscfd":0.0,"condensate_mbd":0.019,"dry_gas_mmscfd":145.268,"field":"VICTORY","liquids_mboed":0.019,"location":"Offshore","natural_gas_mboed":24.211,"oil_mbd":0.0,"operator":"ADURA ENERGY","period":"202607","region":"WoS","slug":"victory","storage_unit_count":0,"total_mboed":24.23,"unit_count":1,"water_mbd":0.029},"type":"Feature"},{"geometry":{"coordinates":[2.066,56.867],"type":"Point"},"properties":{"assoc_gas_mmscfd":0.0,"condensate_mbd":0.0,"dry_gas_mmscfd":0.0,"field":"VORLICH","liquids_mboed":0.0,"location":"Offshore","natural_gas_mboed":0.0,"oil_mbd":0.0,"operator":"ITHACA ENERGY","period":"202607","region":"CNS","slug":"vorlich","storage_unit_count":0,"total_mboed":0.0,"unit_count":1,"water_mbd":0.0},"type":"Feature"},{"geometry":{"coordinates":[1.294,53.355],"type":"Point"},"properties":{"assoc_gas_mmscfd":0.0,"condensate_mbd":0.016,"dry_gas_mmscfd":2.283,"field":"WAVENEY","liquids_mboed":0.016,"location":"Offshore","natural_gas_mboed":0.38,"oil_mbd":0.0,"operator":"PERENCO OIL & GAS","period":"202607","region":"SNS","slug":"waveney","storage_unit_count":0,"total_mboed":0.396,"unit_count":1,"water_mbd":0.004},"type":"Feature"},{"geometry":{"coordinates":[1.198,58.769],"type":"Point"},"properties":{"assoc_gas_mmscfd":2.321,"condensate_mbd":0.0,"dry_gas_mmscfd":0.0,"field":"WEST BRAE","liquids_mboed":2.802,"location":"Offshore","natural_gas_mboed":0.387,"oil_mbd":2.802,"operator":"TAQA EUROPA B.V.","period":"202607","region":"NNS","slug":"west-brae","storage_unit_count":0,"total_mboed":3.188,"unit_count":1,"water_mbd":28.179},"type":"Feature"},{"geometry":{"coordinates":[1.107,53.734],"type":"Point"},"properties":{"assoc_gas_mmscfd":0.0,"condensate_mbd":0.007,"dry_gas_mmscfd":28.224,"field":"WEST SOLE","liquids_mboed":0.007,"location":"Offshore","natural_gas_mboed":4.704,"oil_mbd":0.0,"operator":"PERENCO OIL & GAS","period":"202607","region":"SNS","slug":"west-sole","storage_unit_count":0,"total_mboed":4.711,"unit_count":1,"water_mbd":0.069},"type":"Feature"},{"geometry":{"coordinates":[0.541,54.107],"type":"Point"},"properties":{"assoc_gas_mmscfd":0.0,"condensate_mbd":0.001,"dry_gas_mmscfd":4.441,"field":"WHITTLE","liquids_mboed":0.001,"location":"Offshore","natural_gas_mboed":0.74,"oil_mbd":0.0,"operator":"PERENCO OIL & GAS","period":"202607","region":"SNS","slug":"whittle","storage_unit_count":0,"total_mboed":0.741,"unit_count":1,"water_mbd":0.489},"type":"Feature"},{"geometry":{"coordinates":[0.435,54.117],"type":"Point"},"properties":{"assoc_gas_mmscfd":0.0,"condensate_mbd":0.003,"dry_gas_mmscfd":4.447,"field":"WOLLASTON","liquids_mboed":0.003,"location":"Offshore","natural_gas_mboed":0.741,"oil_mbd":0.0,"operator":"PERENCO OIL & GAS","period":"202607","region":"SNS","slug":"wollaston","storage_unit_count":0,"total_mboed":0.745,"unit_count":1,"water_mbd":0.004},"type":"Feature"},{"geometry":{"coordinates":[1.461,57.373],"type":"Point"},"properties":{"assoc_gas_mmscfd":1.036,"condensate_mbd":0.0,"dry_gas_mmscfd":0.0,"field":"WOOD","liquids_mboed":0.332,"location":"Offshore","natural_gas_mboed":0.173,"oil_mbd":0.332,"operator":"NEO NEXT+ ENERGY","period":"202607","region":"CNS","slug":"wood","storage_unit_count":0,"total_mboed":0.504,"unit_count":1,"water_mbd":0.718},"type":"Feature"}],"type":"FeatureCollection"}
