{"features":[{"geometry":{"coordinates":[[[1.80680128600005,56.8118364690001],[1.94013814500005,56.811838058],[1.94013929700003,56.7826703520001],[1.80680244100006,56.7826687640001],[1.80680128600005,56.8118364690001]]],"type":"Polygon"},"properties":{"determination_status":"CURRENT","field_no":"607","match_method":"normalized","matched_pprs_field":"ABIGAIL","matched_pprs_slug":"abigail","polygon_field_name":"Abigail"},"type":"Feature"},{"geometry":{"coordinates":[[[2.75267376300008,56.4493347630001],[2.75267392100005,56.4451679490001],[2.76100747600003,56.445168046],[2.76100763400007,56.4410012330001],[2.76517441200002,56.4410012810001],[2.76517599500005,56.3993331400001],[2.78184310300003,56.3993333340001],[2.78184373500005,56.3826660780001],[2.72350885500003,56.382665398],[2.72350869700006,56.3868322120001],[2.71934191900004,56.3868321630001],[2.71934176100007,56.390998977],[2.71517498500003,56.390998929],[2.71517466800003,56.399332556],[2.70684111300005,56.399332459],[2.70684095500008,56.4034992730001],[2.69850740100003,56.4034991760001],[2.69850692600005,56.4159996180001],[2.68600659400005,56.4159994720001],[2.68600643600007,56.4201662850001],[2.68183965800006,56.420166237],[2.68183886500003,56.4410003080001],[2.68600564200005,56.4410003560001],[2.68600548400002,56.44516717],[2.69017226100004,56.445167219],[2.69017210200008,56.4493340330001],[2.75267376300008,56.4493347630001]]],"type":"Polygon"},"properties":{"determination_status":"CURRENT","field_no":"406","match_method":"normalized","matched_pprs_field":"AFFLECK","matched_pprs_slug":"affleck","polygon_field_name":"Affleck"},"type":"Feature"},{"geometry":{"coordinates":[[[1.13450982500007,58.046595133],[1.13451006700006,58.0410393750001],[1.15395503700006,58.0410396130001],[1.15395564000005,58.0271502160001],[1.16228919800005,58.0271503180001],[1.16229028300006,58.0021494040001],[1.09284396600003,58.002148554],[1.09284263800004,58.0327052260001],[1.08728693400008,58.0327051580001],[1.08728681300005,58.0354830380001],[1.07617540200005,58.0354829020001],[1.07617516000005,58.0410386610001],[1.07061945500004,58.0410385930001],[1.07061933400007,58.0438164710001],[1.06506362900006,58.0438164030001],[1.06506338700007,58.049372163],[1.03172915400006,58.049371754],[1.03172891200006,58.0549275130001],[1.02339535400006,58.0549274110001],[1.02339511200006,58.0604831690001],[1.01506155400006,58.0604830670001],[1.01506070500005,58.0799282240001],[1.08728487600007,58.079929109],[1.08728548200003,58.066039711],[1.09839689300003,58.0660398470001],[1.09839725600006,58.0577062090001],[1.10673081400006,58.0577063110001],[1.10673105600006,58.0521505520001],[1.12339817300006,58.0521507560001],[1.12339841400006,58.0465949970001],[1.13450982500007,58.046595133]]],"type":"Polygon"},"properties":{"determination_status":"CURRENT","field_no":"126","match_method":"normalized","matched_pprs_field":"ALBA","matched_pprs_slug":"alba","polygon_field_name":"Alba"},"type":"Feature"},{"geometry":{"coordinates":[[[0.623382291000041,58.107702197],[0.798386988000061,58.1077043550001],[0.79838795400002,58.0857035500001],[0.748386620000076,58.0855029270001],[0.748386377000031,58.0910364630001],[0.623383025000066,58.0910349210001],[0.623382291000041,58.107702197]]],"type":"Polygon"},"properties":{"determination_status":"CURRENT","field_no":"510","match_method":"normalized","matched_pprs_field":"ALDER","matched_pprs_slug":"alder","polygon_field_name":"Alder"},"type":"Feature"},{"geometry":{"coordinates":[[[-4.26436061099997,60.3952237550001],[-4.24352673499993,60.3952240400001],[-4.24352650299994,60.391057216],[-4.23102617699993,60.3910573860001],[-4.23102602199998,60.388279503],[-4.22269247099996,60.3882796170001],[-4.22269239399998,60.3868906750001],[-4.21435884399995,60.3868907890001],[-4.21435876599998,60.385501848],[-4.20185843999997,60.3855020180001],[-4.20185797699997,60.37716837],[-4.17685732499996,60.37716871],[-4.17685670799995,60.3660571790001],[-4.19352380899994,60.3660569520001],[-4.19352288399995,60.349389655],[-4.25185773499993,60.34938886],[-4.25185796699998,60.3535556840001],[-4.26435829199994,60.353555514],[-4.26436061099997,60.3952237550001]]],"type":"Polygon"},"properties":{"determination_status":"CURRENT","field_no":"591","match_method":"normalized","matched_pprs_field":"ALLIGIN","matched_pprs_slug":"alligin","polygon_field_name":"Alligin"},"type":"Feature"},{"geometry":{"coordinates":[[[2.76518322300007,56.2076597120001],[2.78185032900006,56.2076599060001],[2.78185012100005,56.213215657],[2.81518433600007,56.2132160450001],[2.81518516800003,56.1909930410001],[2.80685161400004,56.1909929440001],[2.80685192500005,56.1826593170001],[2.79574052100003,56.1826591880001],[2.79574083300002,56.174325562],[2.79018513100004,56.174325497],[2.79018528700004,56.1701586840001],[2.78185173300005,56.1701585870001],[2.78185188800006,56.1659917740001],[2.74851767600006,56.165991386],[2.74851674000007,56.190992265],[2.75685029300007,56.190992362],[2.75684998100007,56.199325989],[2.76518353500006,56.199326086],[2.76518322300007,56.2076597120001]]],"type":"Polygon"},"properties":{"determination_status":"CURRENT","field_no":"520","match_method":"normalized","matched_pprs_field":"ALMA","matched_pprs_slug":"alma","polygon_field_name":"Alma"},"type":"Feature"},{"geometry":{"coordinates":[[[1.79828162900003,60.8911553140001],[1.83994953400003,60.891155833],[1.83995214900006,60.8411538840001],[1.78161708400006,60.8411531580001],[1.78161664900006,60.8494868160001],[1.76494948900006,60.8494866080001],[1.76494774300005,60.8828212400001],[1.79828206600007,60.882821655],[1.79828162900003,60.8911553140001]]],"type":"Polygon"},"properties":{"determination_status":"CURRENT","field_no":"612","match_method":"normalized","matched_pprs_field":"ALWYN EAST","matched_pprs_slug":"alwyn-east","polygon_field_name":"Alwyn East"},"type":"Feature"},{"geometry":{"coordinates":[[[1.68161128100007,60.8953206890001],[1.75244671700005,60.8953215720001],[1.75244824600003,60.8661537690001],[1.76494861700007,60.866153925],[1.76494948900006,60.8494866080001],[1.78161664900006,60.8494868160001],[1.78161708400006,60.8411531580001],[1.81495140700002,60.841153573],[1.81495617800005,60.7494833370001],[1.76495470000003,60.749482716],[1.76495556400005,60.732815401],[1.71495408800007,60.7328147790001],[1.71495322200002,60.749482094],[1.69828606300007,60.7494818860001],[1.69828432900005,60.7828165160001],[1.68161716900005,60.7828163080001],[1.68161455800004,60.8328182540001],[1.66494739900003,60.8328180460001],[1.66494565300007,60.866152679],[1.68161281200003,60.8661528860001],[1.68161128100007,60.8953206890001]]],"type":"Polygon"},"properties":{"determination_status":"CURRENT","field_no":"36","match_method":"normalized","matched_pprs_field":"ALWYN NORTH","matched_pprs_slug":"alwyn-north","polygon_field_name":"Alwyn North"},"type":"Feature"},{"geometry":{"coordinates":[[[1.38007121700002,58.0652099230001],[1.41896116100003,58.065210397],[1.41896140200004,58.059654638],[1.42173925500003,58.0596546720001],[1.42173937500007,58.0568767920001],[1.43007293500006,58.056876894],[1.43007305500004,58.054099014],[1.43840661500008,58.054099115],[1.43840673500006,58.051321236],[1.44674029400005,58.051321337],[1.44674137500004,58.0263204220001],[1.43840781600005,58.0263203200001],[1.43840805700006,58.0207645620001],[1.43007449800007,58.0207644610001],[1.43007473800003,58.0152087010001],[1.41896332500005,58.0152085660001],[1.41896320500007,58.0179864460001],[1.39674038000004,58.017986175],[1.39674026000006,58.020764055],[1.37729528900007,58.020763818],[1.37729504900005,58.026319576],[1.37173934200007,58.0263195090001],[1.37173886100004,58.0374310270001],[1.36340530200005,58.0374309260001],[1.36340446000003,58.056876082],[1.37451587200007,58.0568762170001],[1.37451563100007,58.0624319770001],[1.38007133800005,58.062432044],[1.38007121700002,58.0652099230001]]],"type":"Polygon"},"properties":{"determination_status":"CURRENT","field_no":"154","match_method":"normalized","matched_pprs_field":"ANDREW","matched_pprs_slug":"andrew","polygon_field_name":"Andrew"},"type":"Feature"},{"geometry":{"coordinates":[[[0.59021051700006,53.8992224450001],[0.619377883000027,53.899222788],[0.619378164000068,53.8908891820001],[0.627711699000031,53.8908892800001],[0.627711979000026,53.8825556730001],[0.640212280000071,53.8825558200001],[0.640212560000066,53.874222214],[0.661046394000039,53.8742224590001],[0.661046674000033,53.8658888530001],[0.577711340000064,53.8658878730001],[0.577711200000067,53.8700546760001],[0.556877366000037,53.870054431],[0.556876945000056,53.8825548400001],[0.540209879000031,53.882554644],[0.540209598000047,53.890888251],[0.531876064000073,53.890888153],[0.531875782000043,53.8992217590001],[0.511041950000049,53.899221513],[0.511041668000075,53.9075551190001],[0.498541368000076,53.9075549720001],[0.498540381000055,53.936722595],[0.506873914000039,53.936722693],[0.506874196000069,53.928389087],[0.519374496000069,53.9283892340001],[0.519374778000042,53.9200556270001],[0.524930468000036,53.9200556920001],[0.524930609000023,53.9158888900001],[0.530486297000039,53.9158889550001],[0.530486391000068,53.9131110860001],[0.531875313000057,53.9131111030001],[0.531875360000072,53.911722168],[0.534653205000041,53.911722201],[0.534653233000029,53.910888841],[0.536042155000075,53.910888857],[0.536042174000045,53.9103332830001],[0.544375707000029,53.910333381],[0.544375801000058,53.907555512],[0.552709335000031,53.90755561],[0.552709476000075,53.9033888070001],[0.590210376000073,53.903389249],[0.59021051700006,53.8992224450001]]],"type":"Polygon"},"properties":{"determination_status":"CURRENT","field_no":"324","match_method":"normalized","matched_pprs_field":"APOLLO","matched_pprs_slug":"apollo","polygon_field_name":"Apollo"},"type":"Feature"},{"geometry":{"coordinates":[[[1.36648719100003,57.4187973730001],[1.37898752400002,57.4187975240001],[1.37898763900006,57.416019647],[1.38454334200003,57.4160197140001],[1.38454340000004,57.414630775],[1.38732125200005,57.414630808],[1.38732131000006,57.413241869],[1.39148808800007,57.4132419200001],[1.39148814500004,57.411852981],[1.40259955200003,57.411853115],[1.40259989800006,57.403519482],[1.41093345300004,57.4035195820001],[1.41093362600003,57.3993527650001],[1.42343395900002,57.3993529160001],[1.42343603000006,57.3493511140001],[1.40260214200003,57.349350863],[1.40260265900002,57.336850412],[1.39843588100007,57.3368503620001],[1.39843622600006,57.3285167290001],[1.37343556100006,57.3285164270001],[1.37343487200008,57.3451836930001],[1.36510131700004,57.3451835920001],[1.36510097300004,57.3535172260001],[1.33732245600004,57.35351689],[1.33732280100003,57.345183256],[1.34426743000006,57.3451833400001],[1.34426794700005,57.3326828900001],[1.31926728300004,57.3326825880001],[1.31926711000006,57.3368494050001],[1.31093355600007,57.3368493040001],[1.31093321100002,57.3451829370001],[1.30259965700003,57.345182836],[1.30259844800003,57.3743505530001],[1.29426489200006,57.374350452],[1.29426420000004,57.39101772],[1.29009742300002,57.3910176690001],[1.29009690400005,57.4035181200001],[1.34843178900007,57.403518826],[1.34843144300004,57.41185246],[1.36232070100004,57.4118526280001],[1.36232052800005,57.4160194450001],[1.36648730600007,57.416019496],[1.36648719100003,57.4187973730001]]],"type":"Polygon"},"properties":{"determination_status":"CURRENT","field_no":"078","match_method":"normalized","matched_pprs_field":"ARBROATH","matched_pprs_slug":"arbroath","polygon_field_name":"Arbroath"},"type":"Feature"},{"geometry":{"coordinates":[[[1.46510518200006,57.3160170840001],[1.49843940200003,57.3160174860001],[1.49843905800003,57.324351119],[1.52343972400007,57.3243514210001],[1.52344092500005,57.2951837040001],[1.52760770300006,57.295183754],[1.52760821700002,57.282683304],[1.50677432800006,57.282683053],[1.50677415700005,57.2868498700001],[1.50260738000003,57.28684982],[1.50260720900008,57.291016637],[1.49427365300005,57.291016536],[1.49427348200004,57.295183352],[1.48593992700006,57.2951832520001],[1.48593975500006,57.2993500690001],[1.48177297800004,57.299350018],[1.48177280600004,57.303516835],[1.47343925100006,57.3035167350001],[1.47343908000005,57.3076835510001],[1.46510552500007,57.3076834500001],[1.46510518200006,57.3160170840001]]],"type":"Polygon"},"properties":{"determination_status":"CURRENT","field_no":"224","match_method":"normalized","matched_pprs_field":"ARKWRIGHT","matched_pprs_slug":"arkwright","polygon_field_name":"Arkwright"},"type":"Feature"},{"geometry":{"coordinates":[[[2.00677742000005,57.5326980900001],[2.04844521300004,57.5326985890001],[2.04844590200003,57.516031318],[2.06511302000007,57.516031518],[2.06511370800007,57.4993642470001],[2.09844794200006,57.4993646460001],[2.09844817100003,57.493808888],[2.11511528900007,57.493809087],[2.11511574700006,57.482697574],[2.13178286300007,57.482697773],[2.13178320700007,57.4743641380001],[2.14845032400007,57.4743643370001],[2.14845066700002,57.4660307030001],[2.17067349000007,57.466030968],[2.17067383200003,57.4576973320001],[2.18178524400003,57.4576974650001],[2.18178547200006,57.4521417080001],[2.19289688300006,57.4521418410001],[2.20234238200004,57.432696805],[2.11511780300003,57.4326957640001],[2.11511746100007,57.4410293990001],[2.09011678600007,57.441029101],[2.09011644400005,57.4493627350001],[2.07344932700005,57.4493625360001],[2.07344898400004,57.4576961710001],[2.06511542600003,57.457696071],[2.06511508300002,57.4660297070001],[2.04844796600003,57.466029507],[2.04844762200003,57.4743631420001],[2.01233553700007,57.47436271],[2.01233519300007,57.4826963450001],[1.99844592900007,57.4826961780001],[1.99844432200007,57.521586476],[2.00677788000007,57.5215865760001],[2.00677742000005,57.5326980900001]]],"type":"Polygon"},"properties":{"determination_status":"CURRENT","field_no":"493","match_method":"normalized","matched_pprs_field":"ARRAN","matched_pprs_slug":"arran","polygon_field_name":"Arran"},"type":"Feature"},{"geometry":{"coordinates":[[[1.41506522900005,58.2243828580001],[1.46506659300007,58.224383468],[1.46506914200006,58.166047991],[1.39840066000005,58.166047178],[1.39839847300004,58.2160490150001],[1.41506559400005,58.2160492190001],[1.41506522900005,58.2243828580001]]],"type":"Polygon"},"properties":{"determination_status":"CURRENT","field_no":"575","match_method":"normalized","matched_pprs_field":"ARUNDEL","matched_pprs_slug":"arundel","polygon_field_name":"Arundel"},"type":"Feature"},{"geometry":{"coordinates":[[[2.03737735600004,56.4423816670001],[2.04293305700003,56.442381733],[2.04293332500004,56.435437043],[2.04848902700007,56.435437108],[2.04848924100003,56.4298813570001],[2.05404494300006,56.429881423],[2.05404505000007,56.4271035470001],[2.08182355600007,56.4271038750001],[2.08182334200006,56.432659626],[2.11099077500006,56.4326599710001],[2.11099120300003,56.4215484680001],[2.12349153100007,56.4215486150001],[2.12349174500002,56.415992864],[2.12765852100006,56.4159929130001],[2.12765884100003,56.4076592850001],[2.14432594500005,56.407659482],[2.14432626500007,56.399325855],[2.16099337000003,56.399326052],[2.16099369000005,56.390992425],[2.16516046600003,56.390992474],[2.16516094500003,56.378492033],[2.15682739200003,56.3784919350001],[2.15682803000004,56.36182468],[2.14849447900002,56.3618245820001],[2.14849479800006,56.353490955],[2.14016124600005,56.3534908570001],[2.14016156500003,56.3451572290001],[2.09849380500003,56.3451567380001],[2.09849348600005,56.353490365],[2.09015993500003,56.353490267],[2.09015945600004,56.365990707],[2.06099202400003,56.365990363],[2.06099170400006,56.3743239900001],[2.04849137700006,56.3743238420001],[2.04849105700004,56.382657469],[2.03182395300007,56.3826572720001],[2.03182331200003,56.399324526],[2.02348976100006,56.3993244280001],[2.02348944000005,56.4076580550001],[2.01515588900003,56.407657956],[2.01515556800007,56.415991584],[1.99848846400005,56.4159913870001],[1.99848760700007,56.4382143930001],[2.01098793500006,56.438214541],[2.01098782800005,56.4409924170001],[2.01515460500002,56.4409924660001],[2.01515471200003,56.43821459],[2.03182181500006,56.438214787],[2.03182170800005,56.440992663],[2.03737741000003,56.4409927290001],[2.03737735600004,56.4423816670001]]],"type":"Polygon"},"properties":{"determination_status":"CURRENT","field_no":"009","match_method":"normalized","matched_pprs_field":"AUK","matched_pprs_slug":"auk","polygon_field_name":"Auk"},"type":"Feature"},{"geometry":{"coordinates":[[[2.01515315700004,56.4784937900001],[2.04432058900005,56.4784941360001],[2.04432075000005,56.474327321],[2.05682107900003,56.4743274690001],[2.05682123900004,56.470160655],[2.07348834500004,56.470160852],[2.07348866600006,56.461827225],[2.08182221800007,56.4618273230001],[2.08182270000003,56.449326882],[2.09015625300003,56.4493269800001],[2.09015657400005,56.4409933530001],[2.09849012600006,56.4409934510001],[2.09849044700007,56.4326598230001],[2.08182334200006,56.432659626],[2.08182355600007,56.4271038750001],[2.05404505000007,56.4271035470001],[2.05404494300006,56.429881423],[2.04848924100003,56.4298813570001],[2.04848902700007,56.435437108],[2.04293332500004,56.435437043],[2.04293305700003,56.442381733],[2.03737735600004,56.4423816670001],[2.03737741000003,56.4409927290001],[2.03182170800005,56.440992663],[2.03182181500006,56.438214787],[2.01515471200003,56.43821459],[2.01515460500002,56.4409924660001],[2.01098782800005,56.4409924170001],[2.01098670200003,56.4701601130001],[2.01515347900005,56.4701601620001],[2.01515315700004,56.4784937900001]]],"type":"Polygon"},"properties":{"determination_status":"CURRENT","field_no":"471","match_method":"normalized","matched_pprs_field":"AUK NORTH","matched_pprs_slug":"auk-north","polygon_field_name":"Auk North"},"type":"Feature"},{"geometry":{"coordinates":[[[1.26508275000003,57.724362758],[1.26508239500004,57.7326963940001],[1.28174950900006,57.732696597],[1.28174880000006,57.749363869],[1.39841860100006,57.749365287],[1.39842072100004,57.69936347],[1.34841937900006,57.699362863],[1.34841973200002,57.691029228],[1.29841839100004,57.6910286200001],[1.29841874400006,57.6826949840001],[1.25675096100002,57.682694477],[1.25675131400004,57.6743608420001],[1.23175064400004,57.674360538],[1.23175099700006,57.666026903],[1.19841677300002,57.6660264970001],[1.19841747900006,57.6493592260001],[1.17341681100004,57.649358922],[1.17341716400006,57.641025287],[1.14841649600004,57.641024982],[1.14841684900006,57.6326913460001],[1.11508262600006,57.63269094],[1.11508121300005,57.6660254820001],[1.14008188100007,57.6660257870001],[1.14008152700006,57.6743594220001],[1.15674863900006,57.6743596250001],[1.15674828500005,57.6826932600001],[1.18174895300007,57.6826935650001],[1.18174860000005,57.6910272010001],[1.19841571300003,57.6910274040001],[1.19841500500007,57.707694675],[1.22341567400002,57.7076949790001],[1.22341532000007,57.7160286160001],[1.24008243400004,57.716028819],[1.24008207900005,57.7243624540001],[1.26508275000003,57.724362758]]],"type":"Polygon"},"properties":{"determination_status":"CURRENT","field_no":"541","match_method":"normalized","matched_pprs_field":"AVIAT","matched_pprs_slug":"aviat","polygon_field_name":"Aviat"},"type":"Feature"},{"geometry":{"coordinates":[[[1.19855575100007,53.9825656410001],[1.21244497800006,53.9825658030001],[1.21244507100005,53.9797879340001],[1.22077860700006,53.9797880310001],[1.22077870000004,53.9770101620001],[1.22633439100002,53.9770102260001],[1.22633457800003,53.9714544870001],[1.23744595900007,53.9714546170001],[1.23744614500004,53.9658988790001],[1.24577968100004,53.9658989760001],[1.24577986700007,53.9603432370001],[1.25689124800004,53.9603433660001],[1.25689143400007,53.9547876290001],[1.26522497100007,53.9547877260001],[1.26522515700003,53.9492319870001],[1.27633653900006,53.9492321160001],[1.27633672400003,53.943676377],[1.28467026000004,53.943676474],[1.28467044600006,53.938120736],[1.29578182700004,53.938120865],[1.29578201300006,53.932565127],[1.30411555000006,53.932565224],[1.30411573500004,53.927009486],[1.31244927100005,53.927009583],[1.31244936400003,53.924231713],[1.31800505400003,53.924231778],[1.31800514700006,53.921453908],[1.32356083800005,53.921453973],[1.32356102300002,53.915898235],[1.27633765200005,53.9158976860001],[1.27633746700008,53.921453424],[1.25967039400007,53.9214532300001],[1.25967020900003,53.927008969],[1.25133667300003,53.927008872],[1.25133658000004,53.929786741],[1.24300304400003,53.929786644],[1.24300285800007,53.935342382],[1.23466932200006,53.935342285],[1.23466904400004,53.943675892],[1.21244628100004,53.9436756330001],[1.21244609500008,53.949231372],[1.19855686900007,53.9492312100001],[1.19855575100007,53.9825656410001]]],"type":"Polygon"},"properties":{"determination_status":"CURRENT","field_no":"463","match_method":"normalized","matched_pprs_field":"BABBAGE","matched_pprs_slug":"babbage","polygon_field_name":"Babbage"},"type":"Feature"},{"geometry":{"coordinates":[[[1.03173996400005,57.799362639],[1.04440697000007,57.7993627930001],[1.04440732700004,57.7910291570001],[1.05262976900002,57.791029258],[1.05262994700007,57.7868624390001],[1.06520806200007,57.7868625930001],[1.06520895300002,57.766028503],[1.12757729000003,57.7660292640001],[1.12757800100007,57.749361992],[1.12341122300006,57.7493619410001],[1.12341140000007,57.745195123],[1.10257751000006,57.7451948680001],[1.10257768800005,57.7410280510001],[1.08174379700006,57.7410277970001],[1.08174361900006,57.7451946140001],[1.06924328400004,57.745194462],[1.06924310700003,57.7493612800001],[1.04840921600004,57.749361026],[1.04840886000005,57.7576946610001],[1.03174174800006,57.7576944580001],[1.03173996400005,57.799362639]]],"type":"Polygon"},"properties":{"determination_status":"CURRENT","field_no":"491","match_method":"normalized","matched_pprs_field":"BACCHUS","matched_pprs_slug":"bacchus","polygon_field_name":"Bacchus"},"type":"Feature"},{"geometry":{"coordinates":[[[-3.46265949199994,53.8575051490001],[-3.47377084899995,53.8575050100001],[-3.47377104899994,53.8630607440001],[-3.48210456799995,53.8630606390001],[-3.48210496699994,53.874172107],[-3.49321632399995,53.874171968],[-3.49321692399997,53.89083917],[-3.45154933099997,53.890839693],[-3.45154793499995,53.851949555],[-3.46265929299994,53.8519494160001],[-3.46265949199994,53.8575051490001]]],"type":"Polygon"},"properties":{"determination_status":"CURRENT","field_no":"344","match_method":"normalized","matched_pprs_field":"BAINS","matched_pprs_slug":"bains","polygon_field_name":"Bains"},"type":"Feature"},{"geometry":{"coordinates":[[[2.53194483700003,53.267279769],[2.51944453100003,53.267279628],[2.51944444400004,53.2700574950001],[2.51249983000002,53.270057416],[2.51249978600003,53.2714463510001],[2.50555517100003,53.271446272],[2.50555490900007,53.2797798770001],[2.51527737000004,53.2797799860001],[2.52916659900006,53.279780143],[2.52916668700004,53.277002275],[2.54027807000006,53.2770024000001],[2.54027820000005,53.272835598],[2.54444496800005,53.272835645],[2.54444509900003,53.2686688430001],[2.55000079100006,53.268668905],[2.55000087800005,53.2658910380001],[2.55000100900003,53.2617242360001],[2.53750070300003,53.261724095],[2.53750057200006,53.2658908970001],[2.53194488000003,53.2658908350001],[2.53194483700003,53.267279769]]],"type":"Polygon"},"properties":{"determination_status":"CURRENT","field_no":"190","match_method":"normalized","matched_pprs_field":"BAIRD","matched_pprs_slug":"baird","polygon_field_name":"Baird"},"type":"Feature"},{"geometry":{"coordinates":[[[1.59418571700007,59.349426964],[1.60668607000002,59.3494271170001],[1.60668626700004,59.3452602930001],[1.61085305200004,59.3452603440001],[1.61085324800007,59.3410935210001],[1.61502003300006,59.3410935730001],[1.61502042500007,59.3327599240001],[1.60668685600007,59.3327598220001],[1.60668705200004,59.328592998],[1.59835348400003,59.328592896],[1.59835354900002,59.3272039550001],[1.59001998100007,59.3272038520001],[1.59001971900005,59.3327596170001],[1.58168615000005,59.332759514],[1.58168575700006,59.341093163],[1.59001932700005,59.341093265],[1.59001913000003,59.345260088],[1.59418591400004,59.3452601390001],[1.59418571700007,59.349426964]]],"type":"Polygon"},"properties":{"determination_status":"CURRENT","field_no":"592","match_method":"normalized","matched_pprs_field":"BALLINDALLOCH","matched_pprs_slug":"ballindalloch","polygon_field_name":"Ballindalloch"},"type":"Feature"},{"geometry":{"coordinates":[[[0.892821671000036,58.3854934940001],[0.892821795000032,58.3827156140001],[0.909488914000065,58.38271582],[0.909489163000046,58.3771600600001],[0.926156282000022,58.377160265],[0.926156530000071,58.3716045050001],[0.887266586000067,58.3716040250001],[0.887266459000045,58.3744319080001],[0.853932225000051,58.3743814950001],[0.853932101000055,58.3771593750001],[0.84837639400007,58.3771593060001],[0.848376021000036,58.3854929460001],[0.892821671000036,58.3854934940001]]],"type":"Polygon"},"properties":{"determination_status":"CURRENT","field_no":"531","match_method":"normalized","matched_pprs_field":"BALLOCH","matched_pprs_slug":"balloch","polygon_field_name":"Balloch"},"type":"Feature"},{"geometry":{"coordinates":[[[1.09839032000002,58.216045346],[1.06505608400005,58.216044937],[1.06505590000006,58.2202117560001],[1.05672234000002,58.2202116540001],[1.05672215700002,58.224378474],[1.04838859800003,58.2243783710001],[1.04838786200003,58.241045651],[1.03172074400004,58.241045446],[1.03171988400004,58.260490604],[1.04283129700002,58.2604907410001],[1.04283105100006,58.2660465010001],[1.08172099500007,58.2660469780001],[1.08172173100007,58.249379699],[1.14839020700003,58.2493805170001],[1.14839094200005,58.232713237],[1.16505806100002,58.232713441],[1.16505842800007,58.224379802],[1.19839266600007,58.22438021],[1.19839376500005,58.1993792920001],[1.16505952800003,58.1993788840001],[1.16505916100004,58.2077125230001],[1.09839068700006,58.2077117060001],[1.09839032000002,58.216045346]]],"type":"Polygon"},"properties":{"determination_status":"CURRENT","field_no":"037","match_method":"normalized","matched_pprs_field":"BALMORAL","matched_pprs_slug":"balmoral","polygon_field_name":"Balmoral"},"type":"Feature"},{"geometry":{"coordinates":[[[1.29844788500003,56.97850298],[1.29844771700004,56.9826697940001],[1.28178061100004,56.9826695930001],[1.28178027400003,56.991003225],[1.27344672200007,56.991003124],[1.27344638500006,56.9993367550001],[1.26511283200006,56.999336654],[1.26511215700003,57.016003916],[1.32344702500006,57.01600462],[1.32344719400004,57.011837804],[1.34011430000004,57.0118380050001],[1.34011446800002,57.0076711890001],[1.35678157300003,57.00767139],[1.35678191000005,56.9993377590001],[1.36511546400004,56.9993378600001],[1.36511630600006,56.9785037830001],[1.34844920000006,56.978503582],[1.34844936900004,56.9743367670001],[1.31511515900007,56.9743363650001],[1.31511499000004,56.9785031810001],[1.29844788500003,56.97850298]]],"type":"Polygon"},"properties":{"determination_status":"CURRENT","field_no":"223","match_method":"normalized","matched_pprs_field":"BANFF","matched_pprs_slug":"banff","polygon_field_name":"Banff"},"type":"Feature"},{"geometry":{"coordinates":[[[1.38731212800008,57.6326942490001],[1.39842353700004,57.632694384],[1.39842341900004,57.6354722630001],[1.40120127200004,57.635472296],[1.40120138900005,57.632694417],[1.41786850200003,57.6326946190001],[1.41786873600006,57.627138863],[1.42342444100007,57.6271389300001],[1.42342490900006,57.6160274170001],[1.39286853400006,57.6160270460001],[1.39286830000003,57.6215828030001],[1.38731259600007,57.6215827350001],[1.38731212800008,57.6326942490001]]],"type":"Polygon"},"properties":{"determination_status":"CURRENT","field_no":"453","match_method":"normalized","matched_pprs_field":"BARDOLINO","matched_pprs_slug":"bardolino","polygon_field_name":"Bardolino"},"type":"Feature"},{"geometry":{"coordinates":[[[1.60691276100005,53.5658900510001],[1.57357862000003,53.5658896670001],[1.57357848500004,53.5700564690001],[1.56524495000002,53.5700563730001],[1.56524467800006,53.5783899790001],[1.54024407200006,53.578389691],[1.54024375600005,53.58811223],[1.54024353000005,53.5950569],[1.53607676200005,53.595056852],[1.53607667100005,53.597834721],[1.53329882600002,53.5978346890001],[1.53329878000005,53.5992236230001],[1.53052093500003,53.5992235910001],[1.53052089000005,53.600612525],[1.52913196800006,53.600612509],[1.52913192300002,53.6020014440001],[1.52635407800005,53.602001412],[1.52635403200003,53.603390346],[1.52357618700006,53.6033903140001],[1.52357614200002,53.6047792480001],[1.51802045100004,53.6047791840001],[1.51802040600006,53.606168117],[1.51524256100004,53.606168085],[1.51524251600006,53.6075570200001],[1.51107574800005,53.6075569720001],[1.51107570300007,53.608945906],[1.50690893500007,53.608945858],[1.50690888900004,53.6103347920001],[1.50413104500007,53.6103347600001],[1.50413100000003,53.611723694],[1.49440854100004,53.6117235820001],[1.49440849600006,53.6131125160001],[1.47496358000006,53.613112292],[1.47357465800008,53.613112276],[1.47357456700007,53.615890145],[1.46524103200005,53.615890048],[1.46524089600007,53.62005685],[1.44857382500004,53.6200566580001],[1.44857355300007,53.6283902640001],[1.43190648200004,53.6283900710001],[1.43190607300005,53.6408904790001],[1.42357253800003,53.6408903830001],[1.42357199200006,53.657557593],[1.46523966900003,53.6575580750001],[1.46523994200004,53.64922447],[1.47357347700006,53.649224566],[1.47357375000007,53.6408909610001],[1.54024203400007,53.6408917300001],[1.54024135300006,53.6617257440001],[1.58190903100007,53.6617262250001],[1.58190916800004,53.657559421],[1.59857624000006,53.657559614],[1.59857651200002,53.649226008],[1.61524358400004,53.6492262],[1.61524372000002,53.6450593970001],[1.63191079100005,53.645059589],[1.63191092700004,53.640892787],[1.64024446400003,53.640892883],[1.64024500700003,53.624225671],[1.66524561500006,53.6242259590001],[1.66524588600004,53.615892354],[1.67357942200005,53.61589245],[1.67357969300002,53.607558844],[1.68191322900003,53.60755894],[1.68191336400002,53.6033921380001],[1.69858043600004,53.603392329],[1.69858057200003,53.5992255260001],[1.70691410700005,53.5992256220001],[1.70691519000007,53.5658912010001],[1.69858165400007,53.565891106],[1.69858219400004,53.5492238950001],[1.70274896300003,53.5492239430001],[1.70274909800003,53.54505714],[1.70691586500004,53.545057188],[1.70691600000004,53.5408903860001],[1.71108276800004,53.5408904340001],[1.71108281300008,53.5395015],[1.71524958100002,53.539501548],[1.71524967100004,53.536723679],[1.72358320600006,53.536723775],[1.72358334100005,53.5325569720001],[1.72775010900006,53.5325570200001],[1.72775024400005,53.528390218],[1.72913916700003,53.528390234],[1.72913925700004,53.5256123660001],[1.73191710100002,53.525612397],[1.73191741600004,53.515889859],[1.70691680900006,53.515889572],[1.70691653900008,53.5242231760001],[1.69858300400006,53.5242230800001],[1.69858286900006,53.528389883],[1.68191579700004,53.5283896920001],[1.68191566300004,53.5325564930001],[1.65691505600006,53.532556206],[1.65691478600007,53.540889812],[1.64858125100005,53.540889716],[1.64858098000002,53.5492233200001],[1.62358037400003,53.549223033],[1.62358010300005,53.5575566370001],[1.60691303200002,53.557556445],[1.60691276100005,53.5658900510001]]],"type":"Polygon"},"properties":{"determination_status":"CURRENT","field_no":"100","match_method":"normalized","matched_pprs_field":"BARQUE","matched_pprs_slug":"barque","polygon_field_name":"Barque"},"type":"Feature"},{"geometry":{"coordinates":[[[1.53052093500003,53.5992235910001],[1.53329878000005,53.5992236230001],[1.53329882600002,53.5978346890001],[1.53607667100005,53.597834721],[1.53607676200005,53.595056852],[1.54024353000005,53.5950569],[1.54024375600005,53.58811223],[1.51940991700008,53.588111989],[1.51940982600007,53.5908898580001],[1.51107629100005,53.5908897620001],[1.51107620100004,53.593667629],[1.50274266600007,53.593667533],[1.50274262100004,53.5950564680001],[1.49857585300003,53.59505642],[1.49857571700005,53.599223222],[1.49024218200003,53.599223126],[1.49024209100003,53.602000995],[1.48607532300002,53.6020009470001],[1.48607527800004,53.6033898810001],[1.48190851000004,53.6033898330001],[1.48190841900004,53.6061677010001],[1.47774165200002,53.6061676520001],[1.47774156200006,53.6089455210001],[1.47496371600005,53.6089454890001],[1.47496358000006,53.613112292],[1.49440849600006,53.6131125160001],[1.49440854100004,53.6117235820001],[1.50413100000003,53.611723694],[1.50413104500007,53.6103347600001],[1.50690888900004,53.6103347920001],[1.50690893500007,53.608945858],[1.51107570300007,53.608945906],[1.51107574800005,53.6075569720001],[1.51524251600006,53.6075570200001],[1.51524256100004,53.606168085],[1.51802040600006,53.606168117],[1.51802045100004,53.6047791840001],[1.52357614200002,53.6047792480001],[1.52357618700006,53.6033903140001],[1.52635403200003,53.603390346],[1.52635407800005,53.602001412],[1.52913192300002,53.6020014440001],[1.52913196800006,53.600612509],[1.53052089000005,53.600612525],[1.53052093500003,53.5992235910001]]],"type":"Polygon"},"properties":{"determination_status":"CURRENT","field_no":"182","match_method":"normalized","matched_pprs_field":"BARQUE SOUTH","matched_pprs_slug":"barque-south","polygon_field_name":"Barque South"},"type":"Feature"},{"geometry":{"coordinates":[[[0.731566007000026,61.216154589],[0.748233165000045,61.2161548010001],[0.748235666000028,61.170319674],[0.723234931000036,61.170319356],[0.723233795000056,61.191153505],[0.731567373000075,61.1911536110001],[0.731566007000026,61.216154589]]],"type":"Polygon"},"properties":{"determination_status":"CURRENT","field_no":"514","match_method":"normalized","matched_pprs_field":"BARRA","matched_pprs_slug":"barra","polygon_field_name":"Barra"},"type":"Feature"},{"geometry":{"coordinates":[[[-1.80807636099996,50.679649908],[-1.72918578499997,50.679650832],[-1.72918558399994,50.672706184],[-1.72085207199996,50.672706281],[-1.72085203199993,50.6713173520001],[-1.70974068299995,50.6713174820001],[-1.70974040099998,50.6615949750001],[-1.79724227099996,50.661593951],[-1.79724243299995,50.667149669],[-1.81057605099994,50.667149513],[-1.81057620399997,50.672427444],[-1.81363182499996,50.6724274090001],[-1.81363194599993,50.676594197],[-1.80807627199994,50.676594263],[-1.80807636099996,50.679649908]]],"type":"Polygon"},"properties":{"determination_status":"CURRENT","field_no":"464","match_method":null,"matched_pprs_field":null,"matched_pprs_slug":null,"polygon_field_name":"Beacon"},"type":"Feature"},{"geometry":{"coordinates":[[[1.16783872100007,58.168822241],[1.15950516200007,58.1688221380001],[1.15950479700007,58.177155778],[1.15672694400007,58.1771557440001],[1.15672651700004,58.186878323],[1.18172719500006,58.186878629],[1.18172737800006,58.1827118090001],[1.18728308400006,58.182711877],[1.18728332800003,58.177156118],[1.19839474000003,58.1771562540001],[1.19839522700005,58.1660447360001],[1.16783884300003,58.166044362],[1.16783872100007,58.168822241]]],"type":"Polygon"},"properties":{"determination_status":"CURRENT","field_no":"306","match_method":"normalized","matched_pprs_field":"BEAULY","matched_pprs_slug":"beauly","polygon_field_name":"Beauly"},"type":"Feature"},{"geometry":{"coordinates":[[[1.38031666800003,58.7924590110001],[1.34698241200005,58.7924586020001],[1.34698266500004,58.786902839],[1.33587124700006,58.7869027020001],[1.33587156300007,58.7799580000001],[1.27475876300002,58.7799572490001],[1.27475711400007,58.816069704],[1.29836887800008,58.8160699950001],[1.29836830600004,58.828570461],[1.31920221600006,58.828570717],[1.31920208900004,58.831348597],[1.33170243500007,58.8313487510001],[1.33170237200005,58.8327376920001],[1.38170375700003,58.8327383060001],[1.39837088600007,58.8327385110001],[1.39837202700005,58.807737579],[1.38031597100007,58.8077373570001],[1.38031666800003,58.7924590110001]]],"type":"Polygon"},"properties":{"determination_status":"CURRENT","field_no":"179","match_method":"normalized","matched_pprs_field":"BEINN","matched_pprs_slug":"beinn","polygon_field_name":"Beinn"},"type":"Feature"},{"geometry":{"coordinates":[[[0.923434827000051,57.0576679330001],[0.948435482000036,57.057668236],[0.948435823000068,57.0493346060001],[0.973436477000064,57.049334909],[0.973437158000024,57.032667647],[0.96510360700006,57.032667546],[0.965103947000046,57.024333916],[0.923436190000075,57.0243334100001],[0.923434827000051,57.0576679330001]]],"type":"Polygon"},"properties":{"determination_status":"CURRENT","field_no":"619","match_method":"normalized","matched_pprs_field":"BELINDA","matched_pprs_slug":"belinda","polygon_field_name":"Belinda"},"type":"Feature"},{"geometry":{"coordinates":[[[2.41666476500006,53.250611259],[2.41666472200006,53.2520001930001],[2.41388687600005,53.2520001620001],[2.41388683200006,53.253389096],[2.41110898600004,53.2533890650001],[2.41110894300004,53.2547779990001],[2.40833109700003,53.2547779670001],[2.40833105300004,53.2561669],[2.40555320700003,53.256166869],[2.40555316400003,53.2575558030001],[2.40416424200004,53.2575557870001],[2.40416419800005,53.258944721],[2.40277527500007,53.2589447060001],[2.40277523200007,53.2603336400001],[2.39999738600005,53.2603336080001],[2.39999734200006,53.261722542],[2.39860841900003,53.2617225270001],[2.39860833200004,53.264500395],[2.39583048600002,53.2645003630001],[2.39583044200003,53.2658892970001],[2.39027475200004,53.265889234],[2.39027466400006,53.2686671020001],[2.38471897300002,53.268667039],[2.38471888500004,53.271444907],[2.37916319500005,53.271444844],[2.37916302000002,53.27700058],[2.37499625100003,53.277000533],[2.37499598800002,53.2853341360001],[2.37777383400004,53.2853341680001],[2.37777379000005,53.2867231020001],[2.37916271300003,53.2867231180001],[2.37916267000003,53.288112052],[2.39027405200005,53.2881121770001],[2.39027422700002,53.2825564410001],[2.39860776400008,53.282556535],[2.39860793800005,53.2770008000001],[2.42083070300004,53.2770010510001],[2.42083096500005,53.268667447],[2.42916450300004,53.2686675410001],[2.42916467800006,53.263111806],[2.43472036800006,53.2631118690001],[2.43472063000007,53.2547782660001],[2.45138770400007,53.2547784540001],[2.45138787900004,53.2492227180001],[2.45972141500005,53.249222812],[2.45972224300004,53.2228330670001],[2.44444409200003,53.2228328950001],[2.44444400500004,53.2256107630001],[2.44027723700003,53.2256107160001],[2.44027715000004,53.2283885840001],[2.43472145900006,53.2283885210001],[2.43472137200007,53.2311663880001],[2.42777675800005,53.23116631],[2.42777667100006,53.2339441780001],[2.42638774800002,53.2339441620001],[2.42638766100004,53.2367220300001],[2.42499873800006,53.2367220140001],[2.42499847600004,53.245055617],[2.42360955300006,53.245055602],[2.42360951000006,53.2464445360001],[2.41944274100007,53.2464444890001],[2.41944261000003,53.250611291],[2.41666476500006,53.250611259]]],"type":"Polygon"},"properties":{"determination_status":"CURRENT","field_no":"282","match_method":null,"matched_pprs_field":null,"matched_pprs_slug":null,"polygon_field_name":"Bell"},"type":"Feature"},{"geometry":{"coordinates":[[[1.49833495400003,59.6577707870001],[1.56500351900007,59.6577716100001],[1.56500472400006,59.6327706610001],[1.59833900600006,59.6327710720001],[1.59834479400007,59.511933158],[1.58167765400003,59.5119329520001],[1.58167785300003,59.5077661280001],[1.57751106900002,59.5077660760001],[1.57751146600003,59.499432428],[1.56501111200004,59.4994322740001],[1.56501131000005,59.495265449],[1.56084452500005,59.4952653980001],[1.56084472400005,59.491098574],[1.55251115500005,59.491098471],[1.55251135300006,59.4869316460001],[1.54834456800006,59.486931595],[1.54834476700006,59.4827647700001],[1.51501048900008,59.482764359],[1.51500969400007,59.4994316570001],[1.49000898600002,59.4994313490001],[1.49000779100004,59.5244322950001],[1.48167422100005,59.5244321920001],[1.48167382200006,59.5327658410001],[1.47334025300006,59.5327657380001],[1.47333825600003,59.5744339830001],[1.47056039900002,59.5744339490001],[1.47055986500004,59.5855454810001],[1.45667058200007,59.5855453090001],[1.45666871000003,59.6244356730001],[1.46500228100007,59.624435776],[1.46500187900006,59.632769426],[1.49833616000006,59.6327698380001],[1.49833495400003,59.6577707870001]]],"type":"Polygon"},"properties":{"determination_status":"CURRENT","field_no":"010","match_method":"normalized","matched_pprs_field":"BERYL","matched_pprs_slug":"beryl","polygon_field_name":"Beryl"},"type":"Feature"},{"geometry":{"coordinates":[[[2.46527884800003,53.193665518],[2.45972315700004,53.1936654560001],[2.45972307000005,53.196443324],[2.45416737900007,53.1964432610001],[2.45416720500003,53.201998997],[2.45138935900007,53.201998965],[2.45138927200003,53.204776833],[2.44583358100004,53.2047767710001],[2.44583349400006,53.207554638],[2.44305564800004,53.207554606],[2.44305556100005,53.210332474],[2.44027771600003,53.210332443],[2.44027762900004,53.213110311],[2.43472193800005,53.2131102480001],[2.43472185100006,53.215888116],[2.42916616000002,53.2158880530001],[2.42916607300003,53.21866592],[2.41805469000008,53.218665795],[2.41805460300003,53.2214436630001],[2.41249891200005,53.2214436],[2.41249882500006,53.2242214680001],[2.40972097900004,53.224221437],[2.40972080500006,53.2297771730001],[2.42083218700003,53.229777298],[2.42083227400002,53.22699943],[2.43194365600004,53.2269995560001],[2.43194374400002,53.2242216880001],[2.44027728100002,53.224221782],[2.44027736800007,53.2214439140001],[2.44583305900005,53.221443977],[2.44583314600004,53.218666109],[2.45416668300004,53.2186662030001],[2.45416677000003,53.215888336],[2.45972246100007,53.2158883980001],[2.45972254800006,53.2131105300001],[2.47083393000003,53.213110656],[2.47083401700007,53.2103327880001],[2.47638970900005,53.210332851],[2.47638979600003,53.2075549830001],[2.48194548600003,53.207555045],[2.48194557300008,53.204777178],[2.48750126500005,53.204777241],[2.48750135200004,53.201999373],[2.49305704300002,53.2019994360001],[2.49305712900002,53.199221568],[2.49583497500004,53.1992215990001],[2.49583506200003,53.196443731],[2.49861290800004,53.1964437620001],[2.49861299500003,53.193665894],[2.50139084100005,53.1936659260001],[2.50139092800003,53.190888059],[2.50416877300006,53.19088809],[2.50416894700004,53.1853323540001],[2.50972463800002,53.185332417],[2.50972481100007,53.1797766820001],[2.51250265700003,53.1797767130001],[2.51250274400007,53.1769988450001],[2.51528059000003,53.1769988770001],[2.51528067600003,53.1742210090001],[2.49861360200003,53.1742208210001],[2.49861342900005,53.1797765570001],[2.48194635500005,53.1797763690001],[2.48194626800006,53.182554236],[2.47639057800006,53.182554173],[2.47639049100007,53.185332041],[2.47083479900004,53.1853319780001],[2.47083471300004,53.188109846],[2.46805686700003,53.1881098150001],[2.46805678000004,53.190887683],[2.46527893500007,53.1908876510001],[2.46527884800003,53.193665518]]],"type":"Polygon"},"properties":{"determination_status":"CURRENT","field_no":"138","match_method":"normalized","matched_pprs_field":"BESSEMER","matched_pprs_slug":"bessemer","polygon_field_name":"Bessemer"},"type":"Feature"},{"geometry":{"coordinates":[[[1.23587830400004,58.5702267610001],[1.23171152300006,58.57022671],[1.23171077300003,58.586893994],[1.23587755400007,58.5868940450001],[1.23587730400004,58.592449807],[1.24004408500002,58.5924498580001],[1.26921155200006,58.5924502170001],[1.26921180200003,58.586894455],[1.27337858400006,58.5868945060001],[1.27337877100007,58.5827276840001],[1.27754555300004,58.582727736],[1.27754574000005,58.5785609150001],[1.28171252100003,58.5785609660001],[1.28171333300003,58.560504741],[1.27754655200005,58.5605046900001],[1.24004552300005,58.56050423],[1.23587874200007,58.5605041790001],[1.23587830400004,58.5702267610001]]],"type":"Polygon"},"properties":{"determination_status":"CURRENT","field_no":"107","match_method":"normalized","matched_pprs_field":"BIRCH","matched_pprs_slug":"birch","polygon_field_name":"Birch"},"type":"Feature"},{"geometry":{"coordinates":[[[1.00677677800007,56.8993299690001],[0.998443228000042,56.8993298680001],[0.998442385000033,56.920163942],[1.00260916100007,56.920163992],[1.00260899200003,56.924330808],[1.01094254300006,56.924330909],[1.01094237400002,56.9284977240001],[1.03594302700003,56.928498027],[1.03594319600006,56.924331211],[1.04844352200007,56.9243313630001],[1.04844369100005,56.9201645470001],[1.05677724200007,56.9201646480001],[1.05677741000005,56.9159978340001],[1.06094418600003,56.915997884],[1.06094435500006,56.9118310690001],[1.06511113100004,56.9118311190001],[1.06511180400003,56.895163859],[1.06094502800005,56.8951638090001],[1.06094519600003,56.8909969950001],[1.01927744100004,56.8909964910001],[1.01927727300006,56.895163305],[1.00677694700005,56.895163154],[1.00677677800007,56.8993299690001]]],"type":"Polygon"},"properties":{"determination_status":"CURRENT","field_no":"268","match_method":"normalized","matched_pprs_field":"BITTERN","matched_pprs_slug":"bittern","polygon_field_name":"Bittern"},"type":"Feature"},{"geometry":{"coordinates":[[[1.03450177900004,58.1688206060001],[1.03450141200005,58.177154246],[1.03866819200005,58.1771542970001],[1.03866782600005,58.1854879360001],[1.03450104600006,58.185487885],[1.03450067900008,58.1938215230001],[1.06505708000003,58.1938225630001],[1.06505718400007,58.1910440190001],[1.06505755100005,58.1827103800001],[1.07616896600007,58.182711483],[1.07616902400002,58.1813215760001],[1.08172472900003,58.181321644],[1.08172533900006,58.1674322470001],[1.06505822200006,58.167432042],[1.06505816100002,58.1688209810001],[1.03450177900004,58.1688206060001]]],"type":"Polygon"},"properties":{"determination_status":"CURRENT","field_no":"112","match_method":"normalized","matched_pprs_field":"BLAIR","matched_pprs_slug":"blair","polygon_field_name":"Blair"},"type":"Feature"},{"geometry":{"coordinates":[[[-1.37389539799995,58.171568328],[-1.38500679599997,58.1715681860001],[-1.38500704999996,58.1771239440001],[-1.40167414799993,58.1771237310001],[-1.40167567599997,58.2104582760001],[-1.38223072899996,58.210458525],[-1.38223123899996,58.2215700400001],[-1.39056478799995,58.2215699340001],[-1.39056504299992,58.2271256920001],[-1.40167644099995,58.22712555],[-1.40167784599993,58.2576822170001],[-1.34612084999998,58.2576829270001],[-1.34612046699993,58.249349291],[-1.32389766799997,58.2493495750001],[-1.32389690299993,58.2326823010001],[-1.30722980399997,58.232682514],[-1.30722814899997,58.196570088],[-1.28500534999995,58.1965703720001],[-1.28500509599996,58.191014615],[-1.26833799799994,58.1910148270001],[-1.26833787099997,58.1882369480001],[-1.25167077199995,58.18823716],[-1.25167051799997,58.1826814020001],[-1.23778126899992,58.1826815790001],[-1.23778088799997,58.174347943],[-1.22389163899993,58.17434812],[-1.22389100499993,58.1604587260001],[-1.28500369999995,58.1604579470001],[-1.28500395399993,58.1660137050001],[-1.31833815099998,58.1660132800001],[-1.31833751699997,58.152123886],[-1.35167171199993,58.152123461],[-1.35167196599997,58.1576792180001],[-1.36556121399997,58.1576790410001],[-1.36556159499997,58.1660126770001],[-1.37389514399996,58.1660125710001],[-1.37389539799995,58.171568328]]],"type":"Polygon"},"properties":{"determination_status":"CURRENT","field_no":"301","match_method":"normalized","matched_pprs_field":"BLAKE","matched_pprs_slug":"blake","polygon_field_name":"Blake"},"type":"Feature"},{"geometry":{"coordinates":[[[2.46040000900007,56.9090683050001],[2.46676190900007,56.8959584040001],[2.47311930900003,56.8828481040001],[2.47947230900007,56.869737404],[2.48060584800004,56.867396441],[2.42625999300003,56.8673958000001],[2.42625873500003,56.8993469420001],[2.42070303000003,56.899346876],[2.42070220800002,56.920180954],[2.43736932100006,56.9201811510001],[2.43736869700007,56.9257374170001],[2.45230368800003,56.9257375930001],[2.45403361000007,56.9221779040001],[2.46040000900007,56.9090683050001]]],"type":"Polygon"},"properties":{"determination_status":"CURRENT","field_no":"398","match_method":"normalized","matched_pprs_field":"BLANE","matched_pprs_slug":"blane","polygon_field_name":"Blane"},"type":"Feature"},{"geometry":{"coordinates":[[[1.36802787700003,53.2630997000001],[1.39858416700002,53.263100051],[1.39858434400003,53.2575443160001],[1.42358494500007,53.257544604],[1.42358503300005,53.2547667370001],[1.43191856600004,53.2547668330001],[1.43191874400003,53.249211098],[1.44858581100004,53.2492112890001],[1.44858607800006,53.2408776870001],[1.46525314500002,53.240877879],[1.46525341100005,53.2325442760001],[1.47358694400003,53.2325443720001],[1.47358729900003,53.2214329020001],[1.44025316500006,53.2214325190001],[1.44025325400003,53.2186546520001],[1.42358618700007,53.21865446],[1.42358609900003,53.2214323270001],[1.41525256600005,53.221432232],[1.41525221100005,53.2325437010001],[1.39858514400004,53.232543509],[1.39858505500007,53.235321377],[1.39025152200003,53.235321281],[1.39025134500002,53.2408770160001],[1.36802858900006,53.24087676],[1.36802787700003,53.2630997000001]]],"type":"Polygon"},"properties":{"determination_status":"CURRENT","field_no":"596","match_method":"normalized","matched_pprs_field":"BLYTHE","matched_pprs_slug":"blythe","polygon_field_name":"Blythe"},"type":"Feature"},{"geometry":{"coordinates":[[[1.83168099200003,59.591105697],[1.88986355400004,59.5911064110001],[1.86981217900006,59.557771566],[1.83168258300003,59.557771098],[1.83168099200003,59.591105697]]],"type":"Polygon"},"properties":{"determination_status":"CURRENT","field_no":"387","match_method":"normalized","matched_pprs_field":"BOA","matched_pprs_slug":"boa","polygon_field_name":"Boa"},"type":"Feature"},{"geometry":{"coordinates":[[[2.88751690000004,53.015886736],[2.88751677200003,53.020053536],[2.87779431200005,53.020053428],[2.87779418400004,53.024220229],[2.87779375700006,53.0381095660001],[2.89862760000005,53.038109799],[2.89862768600005,53.035331931],[2.90418337800003,53.035331994],[2.90418363400005,53.0269983910001],[2.90973932500003,53.0269984540001],[2.90973979400007,53.011720182],[2.90279518000006,53.0117201050001],[2.89446164200007,53.0117200120001],[2.89446151400006,53.0158868130001],[2.88751690000004,53.015886736]]],"type":"Polygon"},"properties":{"determination_status":"CURRENT","field_no":"359","match_method":"normalized","matched_pprs_field":"BOYLE","matched_pprs_slug":"boyle","polygon_field_name":"Boyle"},"type":"Feature"},{"geometry":{"coordinates":[[[1.24837091700005,58.7410665880001],[1.25670448000005,58.7410666910001],[1.25670105800003,58.816069482],[1.26503462300002,58.816069585],[1.26503386000007,58.8327368720001],[1.39837088600007,58.8327385110001],[1.39837392500004,58.7660693610001],[1.34837254100006,58.7660687470001],[1.34837330000005,58.7494014600001],[1.32420596500003,58.7494011630001],[1.32420785700003,58.7077329470001],[1.34837519100006,58.7077332440001],[1.34837556900004,58.699399601],[1.35670913200005,58.699399703],[1.35671064000007,58.666065132],[1.33170995100005,58.666064825],[1.33171032700005,58.6577311820001],[1.28170895000005,58.657730568],[1.28170857300006,58.666064212],[1.24837432200007,58.6660638020001],[1.24837091700005,58.7410665880001]]],"type":"Polygon"},"properties":{"determination_status":"CURRENT","field_no":"033","match_method":null,"matched_pprs_field":null,"matched_pprs_slug":null,"polygon_field_name":"Brae"},"type":"Feature"},{"geometry":{"coordinates":[[[1.44836462300003,58.9994120170001],[1.51503315100007,58.999412836],[1.51503468600004,58.9660782560001],[1.44836616000003,58.9660774370001],[1.44836462300003,58.9994120170001]]],"type":"Polygon"},"properties":{"determination_status":"CURRENT","field_no":"310","match_method":"normalized","matched_pprs_field":"BRAEMAR","matched_pprs_slug":"braemar","polygon_field_name":"Braemar"},"type":"Feature"},{"geometry":{"coordinates":[[[0.398511505000045,54.6992466780001],[0.43184565200005,54.6992470760001],[0.431846835000044,54.6659126270001],[0.498515130000044,54.66591342],[0.498515720000057,54.649246196],[0.548516941000059,54.6492467900001],[0.548517530000026,54.6325795650001],[0.615185827000062,54.6325803570001],[0.61518671400006,54.6073961820001],[0.598519640000063,54.607395984],[0.598519927000041,54.599245712],[0.581852853000044,54.5992455140001],[0.581853146000071,54.5909119020001],[0.565186073000064,54.5909117050001],[0.56518783100006,54.5409100350001],[0.548520757000063,54.5409098370001],[0.548521050000033,54.5325762250001],[0.39851739900007,54.532574443],[0.398516225000037,54.5659088880001],[0.390182690000074,54.565908789],[0.390182396000057,54.5742424000001],[0.381848859000058,54.574242301],[0.381848565000041,54.582575912],[0.373626143000024,54.5825758140001],[0.373625849000064,54.5909094260001],[0.365181199000062,54.590909326],[0.365179135000062,54.6492446080001],[0.398513280000032,54.6492450050001],[0.398511505000045,54.6992466780001]]],"type":"Polygon"},"properties":{"determination_status":"CURRENT","field_no":"496","match_method":"normalized","matched_pprs_field":"BREAGH","matched_pprs_slug":"breagh","polygon_field_name":"Breagh"},"type":"Feature"},{"geometry":{"coordinates":[[[1.55677360300007,57.332685456],[1.56927393600006,57.332685606],[1.56927410700007,57.32851879],[1.57760766400003,57.3285188900001],[1.57760783500004,57.3243520730001],[1.58177461200006,57.324352124],[1.58177495500007,57.31601849],[1.58594173300003,57.3160185410001],[1.58594224700005,57.3035180910001],[1.58177546900004,57.30351804],[1.58177564000005,57.299351223],[1.56510853000003,57.299351023],[1.56510870200003,57.295184206],[1.55260836900004,57.295184055],[1.55260785500008,57.3076845050001],[1.55677463200004,57.307684555],[1.55677360300007,57.332685456]]],"type":"Polygon"},"properties":{"determination_status":"CURRENT","field_no":"392","match_method":"normalized","matched_pprs_field":"BRECHIN","matched_pprs_slug":"brechin","polygon_field_name":"Brechin"},"type":"Feature"},{"geometry":{"coordinates":[[[0.93171914200002,58.216043299],[0.998375255000042,58.216045238],[0.998388347000059,58.1993768400001],[1.02338902300005,58.1993771470001],[1.02338021300005,58.1938225210001],[1.03449289800005,58.1938215230001],[1.03449399800007,58.1688206060001],[0.965048748000072,58.168819813],[0.965048137000053,58.182710426],[0.931720613000039,58.182708742],[0.93171914200002,58.216043299]]],"type":"Polygon"},"properties":{"determination_status":"CURRENT","field_no":"407","match_method":"normalized","matched_pprs_field":"BRENDA","matched_pprs_slug":"brenda","polygon_field_name":"Brenda"},"type":"Feature"},{"geometry":{"coordinates":[[[1.68160578700002,60.9994914220001],[1.66493862500005,60.999491214],[1.66493152900006,61.1328297630001],[1.68159869300007,61.132829971],[1.68159735500006,61.1578309510001],[1.76493318200005,61.1578319920001],[1.76493362700006,61.1494983330001],[1.78160079200006,61.1494985410001],[1.78160390300008,61.0911629220001],[1.76493673900006,61.0911627140001],[1.76494292200005,60.974491485],[1.68160710900003,60.9744904450001],[1.68160578700002,60.9994914220001]]],"type":"Polygon"},"properties":{"determination_status":"CURRENT","field_no":"015","match_method":"normalized","matched_pprs_field":"BRENT","matched_pprs_slug":"brent","polygon_field_name":"Brent"},"type":"Feature"},{"geometry":{"coordinates":[[[2.69861196900007,53.3825631730001],[2.70972335300007,53.382563299],[2.70972344100005,53.3797854310001],[2.71527913300002,53.379785494],[2.71527957100005,53.3658961520001],[2.69027895600004,53.3658958710001],[2.69027886800006,53.368673738],[2.67916748400006,53.3686736130001],[2.67916730900004,53.3742293500001],[2.66805592400004,53.3742292250001],[2.66805574900008,53.379784962],[2.66250005700005,53.3797848990001],[2.66249996900007,53.3825627670001],[2.65138858500006,53.382562641],[2.65138849700003,53.38534051],[2.61249865300005,53.385340071],[2.61249830200006,53.3964515440001],[2.60694260900004,53.396451482],[2.60694208200005,53.4131186920001],[2.61249777500007,53.413118755],[2.62916485200003,53.413118943],[2.62916494000007,53.410341074],[2.63472063100005,53.410341137],[2.63472071900003,53.407563268],[2.64583210300003,53.4075633940001],[2.64583219100007,53.4047855260001],[2.65138788400003,53.404785589],[2.65138797200007,53.40200772],[2.66249935600007,53.4020078450001],[2.66249944400005,53.3992299770001],[2.66805513500003,53.399230039],[2.66805522300007,53.3964521710001],[2.68055553000005,53.3964523120001],[2.68055561800003,53.3936744430001],[2.68472238800007,53.3936744900001],[2.68472256300004,53.3881187540001],[2.69861179400004,53.3881189100001],[2.69861196900007,53.3825631730001]]],"type":"Polygon"},"properties":{"determination_status":"CURRENT","field_no":"303","match_method":"normalized","matched_pprs_field":"BRIGANTINE A","matched_pprs_slug":"brigantine-a","polygon_field_name":"Brigantine A"},"type":"Feature"},{"geometry":{"coordinates":[[[2.59860779700006,53.4367304790001],[2.59860792900002,53.432563676],[2.61527500600005,53.432563864],[2.61527513800007,53.428397062],[2.62638652300006,53.4283971880001],[2.62638656600006,53.4270082530001],[2.63749795100006,53.427008379],[2.63749803900004,53.42423051],[2.64860942300004,53.4242306350001],[2.64860951100007,53.4214527670001],[2.65972089500002,53.421452892],[2.65972098300006,53.418675023],[2.67083236800005,53.4186751490001],[2.67083254300007,53.4131194130001],[2.67638823600004,53.413119475],[2.67638832400007,53.4103416070001],[2.68194401500006,53.410341669],[2.68194410300003,53.407563801],[2.69305548800003,53.4075639260001],[2.69305592600006,53.3936745840001],[2.68055561800003,53.3936744430001],[2.68055553000005,53.3964523120001],[2.66805522300007,53.3964521710001],[2.66805513500003,53.399230039],[2.66249944400005,53.3992299770001],[2.66249935600007,53.4020078450001],[2.65138797200007,53.40200772],[2.65138788400003,53.404785589],[2.64583219100007,53.4047855260001],[2.64583210300003,53.4075633940001],[2.63472071900003,53.407563268],[2.63472063100005,53.410341137],[2.62916494000007,53.410341074],[2.62916485200003,53.413118943],[2.61249777500007,53.413118755],[2.61249768700003,53.415896623],[2.59860845700007,53.415896466],[2.59860819300008,53.4242300710001],[2.57777434800005,53.4242298360001],[2.57777395200003,53.436730244],[2.59860779700006,53.4367304790001]]],"type":"Polygon"},"properties":{"determination_status":"CURRENT","field_no":"304","match_method":"normalized","matched_pprs_field":"BRIGANTINE B","matched_pprs_slug":"brigantine-b","polygon_field_name":"Brigantine B"},"type":"Feature"},{"geometry":{"coordinates":[[[2.69861118000006,53.407563988],[2.69861100500003,53.413119726],[2.69305531200007,53.413119663],[2.69305496100003,53.4242311360001],[2.68888819300003,53.42423109],[2.68888753400006,53.4450651020001],[2.71527707400003,53.4450654],[2.71527720500006,53.440898598],[2.72916643700006,53.440898754],[2.72916661200003,53.435343017],[2.73472230400006,53.4353430800001],[2.73472248000007,53.429787343],[2.74027817200005,53.4297874060001],[2.74027834800006,53.4242316680001],[2.74861188600005,53.424231762],[2.74861232400002,53.4103424200001],[2.74305663100006,53.410342358],[2.74305671900004,53.407564489],[2.73472318100005,53.4075643950001],[2.73472335600007,53.402008659],[2.71250058700002,53.4020084090001],[2.71250049900004,53.404786277],[2.70694480600002,53.4047862150001],[2.70694471900003,53.4075640820001],[2.69861118000006,53.407563988]]],"type":"Polygon"},"properties":{"determination_status":"CURRENT","field_no":"305","match_method":"normalized","matched_pprs_field":"BRIGANTINE C","matched_pprs_slug":"brigantine-c","polygon_field_name":"Brigantine C"},"type":"Feature"},{"geometry":{"coordinates":[[[2.69305531200007,53.413119663],[2.69305548800003,53.4075639260001],[2.68194410300003,53.407563801],[2.68194401500006,53.410341669],[2.67638832400007,53.4103416070001],[2.67638823600004,53.413119475],[2.67083254300007,53.4131194130001],[2.67083236800005,53.4186751490001],[2.65972098300006,53.418675023],[2.65972089500002,53.421452892],[2.65972041200007,53.436731169],[2.65416472100003,53.4367311060001],[2.65416436900006,53.44784258],[2.68888744600002,53.4478429710001],[2.68888753400006,53.4450651020001],[2.68888819300003,53.42423109],[2.69305496100003,53.4242311360001],[2.69305531200007,53.413119663]]],"type":"Polygon"},"properties":{"determination_status":"CURRENT","field_no":"329","match_method":"normalized","matched_pprs_field":"BRIGANTINE D","matched_pprs_slug":"brigantine-d","polygon_field_name":"Brigantine D"},"type":"Feature"},{"geometry":{"coordinates":[[[1.02757639400005,57.7243598640001],[1.05257706200007,57.7243601690001],[1.05257724000006,57.720193351],[1.05674401700003,57.7201934010001],[1.05674437200003,57.711859766],[1.03591048300007,57.711859512],[1.03591030500007,57.71602633],[1.02757675000004,57.716026228],[1.02757639400005,57.7243598640001]]],"type":"Polygon"},"properties":{"determination_status":"CURRENT","field_no":"238","match_method":"normalized","matched_pprs_field":"BRIMMOND","matched_pprs_slug":"brimmond","polygon_field_name":"Brimmond"},"type":"Feature"},{"geometry":{"coordinates":[[[0.623382291000041,58.107702197],[0.781719873000043,58.107704149],[0.781719507000048,58.116037788],[0.798386622000066,58.1160379940001],[0.798386255000025,58.1243716320001],[0.998391643000048,58.1243740900001],[0.998392008000053,58.116040452],[1.13172894300004,58.116042086],[1.13172967200006,58.099374809],[1.19839814200003,58.0993756240001],[1.19839741400006,58.1160429020001],[1.29006656500007,58.116044022],[1.29006729200006,58.099376744],[1.26506661400003,58.0993764390001],[1.26506806500004,58.0660418850001],[1.24840094700005,58.066041682],[1.24840383900005,57.999372576],[1.09839979300006,57.999370743],[1.09839906900004,58.0160380190001],[1.06506483800007,58.0160376110001],[1.06506411300006,58.032704886],[0.848391617000061,58.0327022280001],[0.848390889000029,58.0493695040001],[0.798389546000067,58.049368889],[0.798388816000056,58.0660361650001],[0.748387475000072,58.066035549],[0.748387109000021,58.0743691870001],[0.63171731500006,58.074367748],[0.631716948000076,58.0827013860001],[0.598382723000043,58.082700974],[0.598381989000075,58.0993682500001],[0.623382658000025,58.099368559],[0.623382291000041,58.107702197]]],"type":"Polygon"},"properties":{"determination_status":"CURRENT","field_no":"200","match_method":"normalized","matched_pprs_field":"BRITANNIA","matched_pprs_slug":"britannia","polygon_field_name":"Britannia"},"type":"Feature"},{"geometry":{"coordinates":[[[0.440052838000042,57.9076926380001],[0.41227432200003,57.9076922950001],[0.412274201000059,57.9104701740001],[0.40394064700007,57.9104700710001],[0.403940404000025,57.916025829],[0.398384701000055,57.9160257600001],[0.398383608000074,57.9410266690001],[0.409495014000072,57.9410268070001],[0.409494892000055,57.943804685],[0.417828447000034,57.9438047880001],[0.417828325000073,57.946582667],[0.431717583000022,57.946582839],[0.431717340000034,57.952138597],[0.503941485000041,57.95213949],[0.503941728000029,57.9465837320001],[0.512275282000076,57.9465838350001],[0.512275525000064,57.9410280770001],[0.53172048700003,57.9410283180001],[0.531720729000028,57.9354725590001],[0.542832136000072,57.935472696],[0.542832500000031,57.9271390600001],[0.559499610000046,57.927139266],[0.559500095000033,57.9160277500001],[0.587278612000034,57.9160280930001],[0.587278854000033,57.9104723350001],[0.59839026100002,57.910472472],[0.598391228000025,57.888249441],[0.578946266000059,57.8882492020001],[0.578946024000061,57.8938049590001],[0.523388991000047,57.8938042730001],[0.523388870000076,57.8965821520001],[0.503943909000043,57.896581912],[0.503943788000072,57.8993597910001],[0.487276678000057,57.8993595850001],[0.48727655700003,57.9021374640001],[0.440053080000041,57.902136881],[0.440052838000042,57.9076926380001]]],"type":"Polygon"},"properties":{"determination_status":"CURRENT","field_no":"356","match_method":"normalized","matched_pprs_field":"BRODGAR","matched_pprs_slug":"brodgar","polygon_field_name":"Brodgar"},"type":"Feature"},{"geometry":{"coordinates":[[[0.864919612000051,60.913366689],[0.864919908000047,60.9078109170001],[0.851030613000034,60.907810741],[0.851031058000046,60.8994770840001],[0.776028867000036,60.8994761340001],[0.776028422000024,60.907809791],[0.767694845000051,60.9078096860001],[0.767694251000023,60.918921229],[0.770472110000071,60.9189212640001],[0.770471069000052,60.938366466],[0.778804647000072,60.9383665710001],[0.778804052000055,60.949478115],[0.798249064000061,60.949478361],[0.798248618000059,60.9578120190001],[0.831582926000067,60.957812441],[0.831583223000052,60.9522566700001],[0.845472519000054,60.9522568450001],[0.84547266800007,60.949478959],[0.851028386000053,60.9494790300001],[0.851028535000069,60.946701144],[0.864917830000024,60.9467013190001],[0.864919612000051,60.913366689]]],"type":"Polygon"},"properties":{"determination_status":"CURRENT","field_no":"363","match_method":"normalized","matched_pprs_field":"BROOM","matched_pprs_slug":"broom","polygon_field_name":"Broom"},"type":"Feature"},{"geometry":{"coordinates":[[[2.91529518800007,53.02144278],[2.91529463300003,53.039498919],[2.92362817000003,53.0394990120001],[2.92362821300003,53.038110078],[2.92501713600006,53.038110094],[2.92501717800008,53.0367211600001],[2.92640610100005,53.0367211760001],[2.92640614400005,53.035332242],[2.92918399000007,53.0353322730001],[2.92918403300007,53.0339433390001],[2.93196187800004,53.03394337],[2.93196196300005,53.0311655020001],[2.93473980900006,53.031165533],[2.93473998000007,53.0256097990001],[2.93751782600003,53.0256098300001],[2.93751795400004,53.0214430280001],[2.94029580000006,53.021443059],[2.94029609800003,53.0117205240001],[2.91807333100007,53.0117202750001],[2.91807303300004,53.021442811],[2.91529518800007,53.02144278]]],"type":"Polygon"},"properties":{"determination_status":"CURRENT","field_no":"289","match_method":"normalized","matched_pprs_field":"BROWN","matched_pprs_slug":"brown","polygon_field_name":"Brown"},"type":"Feature"},{"geometry":{"coordinates":[[[1.68166759200005,59.799445108],[1.68166747100003,59.7827778060001],[1.71500176100005,59.782778217],[1.71500216500004,59.7744445660001],[1.78167074300006,59.7744453880001],[1.78167235500007,59.741110785],[1.71500377900003,59.741109964],[1.71500418200003,59.7327763120001],[1.69833703800003,59.7327761070001],[1.69833864800006,59.699441506],[1.56222365000002,59.6994398260001],[1.56222378400003,59.696661943],[1.55944592700007,59.6966619090001],[1.55944606100007,59.693884025],[1.55805713300003,59.6938840080001],[1.55805726700004,59.691106125],[1.53166762600006,59.6911057990001],[1.53166398900004,59.7661086520001],[1.58166541800006,59.7661092700001],[1.58166460800004,59.7827765710001],[1.59833175200004,59.782776777],[1.59833094100003,59.7994440790001],[1.68166759200005,59.799445108]]],"type":"Polygon"},"properties":{"determination_status":"CURRENT","field_no":"115","match_method":"normalized","matched_pprs_field":"BRUCE","matched_pprs_slug":"bruce","polygon_field_name":"Bruce"},"type":"Feature"},{"geometry":{"coordinates":[[[1.54834674900007,59.441096529],[1.54001318000007,59.4410964260001],[1.54001278400006,59.4494300740001],[1.51501207700005,59.449429766],[1.51501048900008,59.482764359],[1.58167904400005,59.482765181],[1.58167983800007,59.4660978850001],[1.59001340800006,59.4660979870001],[1.59001499100003,59.4327633930001],[1.54834714500004,59.43276288],[1.54834674900007,59.441096529]]],"type":"Polygon"},"properties":{"determination_status":"CURRENT","field_no":"140","match_method":"normalized","matched_pprs_field":"BUCKLAND","matched_pprs_slug":"buckland","polygon_field_name":"Buckland"},"type":"Feature"},{"geometry":{"coordinates":[[[1.19839083100004,58.2660484090001],[1.23172507100003,58.2660488170001],[1.23172433600007,58.2827160960001],[1.28172569700007,58.2827167080001],[1.28172789800004,58.2327148690001],[1.19839230000002,58.23271385],[1.19839083100004,58.2660484090001]]],"type":"Polygon"},"properties":{"determination_status":"CURRENT","field_no":"435","match_method":"normalized","matched_pprs_field":"BURGHLEY","matched_pprs_slug":"burghley","polygon_field_name":"Burghley"},"type":"Feature"},{"geometry":{"coordinates":[[[0.598438399000031,56.7618201330001],[0.631772593000051,56.761820539],[0.631772425000065,56.7659873530001],[0.648439523000036,56.765987556],[0.648439354000061,56.7701543700001],[0.715107746000058,56.7701551800001],[0.715108585000053,56.74932111],[0.698441487000025,56.749320907],[0.698442157000045,56.73265365],[0.631773768000073,56.7326528400001],[0.631773600000031,56.736819654],[0.598439407000058,56.7368192490001],[0.598438399000031,56.7618201330001]]],"type":"Polygon"},"properties":{"determination_status":"CURRENT","field_no":"549","match_method":"normalized","matched_pprs_field":"BURGMAN","matched_pprs_slug":"burgman","polygon_field_name":"Burgman"},"type":"Feature"},{"geometry":{"coordinates":[[[-0.834979891999978,57.8910094400001],[-0.83497952099998,57.882675804],[-0.85164661999994,57.882675594],[-0.851646248999941,57.874341959],[-0.868313347999958,57.8743417490001],[-0.868313162999925,57.8701749310001],[-0.876646711999967,57.870174826],[-0.876646525999945,57.866008009],[-0.88498007499993,57.8660079040001],[-0.884979889999954,57.8618410870001],[-0.897480212999938,57.861840929],[-0.897479657999952,57.8493404770001],[-0.868312236999941,57.849340845],[-0.868311866999932,57.841007211],[-0.876645415999974,57.8410071060001],[-0.876645045999965,57.8326734710001],[-0.918312789999959,57.8326729450001],[-0.91831205099993,57.8160056770001],[-0.928034523999941,57.8160055540001],[-0.928033784999968,57.799338285],[-0.901644214999976,57.7993386190001],[-0.901643476999936,57.78267135],[-0.918310573999975,57.78267114],[-0.918310205999944,57.7743375060001],[-0.934977301999936,57.7743372960001],[-0.93497711699996,57.7701704780001],[-0.968311310999979,57.770170057],[-0.968311126999936,57.7660032410001],[-1.01831241499997,57.7660026090001],[-1.01831259899996,57.7701694250001],[-1.06831388699993,57.770168793],[-1.06831666199997,57.8326710480001],[-1.08498375799996,57.8326708370001],[-1.08498524299995,57.8660053740001],[-0.973871262999978,57.8660067810001],[-0.973871386999974,57.868784658],[-0.964148913999963,57.868784781],[-0.964148975999933,57.8701737200001],[-0.955815426999948,57.870173826],[-0.955815488999974,57.8715627650001],[-0.948870864999947,57.8715628530001],[-0.948870925999927,57.872951792],[-0.941926302999946,57.8729518800001],[-0.941926364999972,57.8743408190001],[-0.934981739999955,57.874340907],[-0.934981801999925,57.8757298460001],[-0.929426102999969,57.8757299160001],[-0.929426164999938,57.877118855],[-0.923870464999936,57.877118926],[-0.923870526999963,57.8785078650001],[-0.91831482799995,57.8785079350001],[-0.918314889999976,57.8798968740001],[-0.914148114999932,57.8798969270001],[-0.914148176999959,57.8812858650001],[-0.903036777999944,57.881286006],[-0.90303683999997,57.8826749450001],[-0.896092214999953,57.8826750330001],[-0.89609227699998,57.884063972],[-0.889147652999952,57.8840640600001],[-0.889147714999979,57.8854529990001],[-0.884980939999934,57.8854530510001],[-0.88498106399993,57.8882309300001],[-0.851646866999943,57.8882313510001],[-0.851646990999939,57.8910092290001],[-0.834979891999978,57.8910094400001]]],"type":"Polygon"},"properties":{"determination_status":"CURRENT","field_no":"367","match_method":"normalized","matched_pprs_field":"BUZZARD","matched_pprs_slug":"buzzard","polygon_field_name":"Buzzard"},"type":"Feature"},{"geometry":{"coordinates":[[[-3.68488583499993,53.835279423],[-3.67377447899997,53.835279563],[-3.67377437899995,53.8325016960001],[-3.66544086199997,53.832501801],[-3.66544056199996,53.8241682],[-3.65710704499998,53.8241683050001],[-3.65710684599998,53.8186125710001],[-3.65155116699998,53.8186126410001],[-3.65155106699996,53.815834775],[-3.64599538899995,53.815834845],[-3.64599518899996,53.8102791110001],[-3.64043951199994,53.8102791810001],[-3.64043911299996,53.7991677140001],[-3.63488343399996,53.7991677840001],[-3.63488224099996,53.7658333840001],[-3.65154927499998,53.7658331740001],[-3.65154947399998,53.7713889070001],[-3.66543866999996,53.771388733],[-3.66543906799996,53.782500199],[-3.68210610199998,53.7824999900001],[-3.68210729799995,53.8158343910001],[-3.68488513599993,53.815834356],[-3.68488583499993,53.835279423]]],"type":"Polygon"},"properties":{"determination_status":"CURRENT","field_no":"336","match_method":"normalized","matched_pprs_field":"CALDER","matched_pprs_slug":"calder","polygon_field_name":"Calder"},"type":"Feature"},{"geometry":{"coordinates":[[[0.665053736000061,58.024366333],[0.709499369000071,58.024366881],[0.709499612000059,58.018811122],[0.715055317000065,58.0188111910001],[0.715055438000036,58.016033313],[0.726166847000059,58.0160334490001],[0.72616696800003,58.0132555700001],[0.731722672000046,58.013255638],[0.731722794000063,58.0104777590001],[0.740056351000021,58.0104778620001],[0.740056472000049,58.0076999820001],[0.745612176000066,58.007700051],[0.745612297000037,58.0049221720001],[0.753945854000051,58.0049222750001],[0.753945976000068,58.0021443950001],[0.765057384000045,58.002144532],[0.765057506000062,57.999366653],[0.776168914000039,57.9993667900001],[0.776169035000066,57.9965889100001],[0.798391853000055,57.9965891840001],[0.798392095000054,57.9910334260001],[0.812281356000028,57.9910335970001],[0.812281961000053,57.977144201],[0.765058475000046,57.97714362],[0.765058233000047,57.9826993780001],[0.748391120000065,57.9826991730001],[0.74839087700002,57.988254931],[0.734501617000035,57.9882547600001],[0.734501495000075,57.9910326400001],[0.723390087000041,57.991032503],[0.72338996600007,57.9938103810001],[0.715056410000045,57.9938102790001],[0.715056167000057,57.9993660370001],[0.665054830000031,57.999365421],[0.665053736000061,58.024366333]]],"type":"Polygon"},"properties":{"determination_status":"CURRENT","field_no":"357","match_method":"normalized","matched_pprs_field":"CALLANISH","matched_pprs_slug":"callanish","polygon_field_name":"Callanish"},"type":"Feature"},{"geometry":{"coordinates":[[[1.61501372000004,59.4744319430001],[1.66501513900005,59.474432559],[1.66501632600006,59.4494316130001],[1.64834918600008,59.4494314080001],[1.64834997700007,59.432764111],[1.59834856000003,59.4327634950001],[1.59834737300002,59.4577644410001],[1.61501451200007,59.457764646],[1.61501372000004,59.4744319430001]]],"type":"Polygon"},"properties":{"determination_status":"CURRENT","field_no":"574","match_method":"normalized","matched_pprs_field":"CALLATER","matched_pprs_slug":"callater","polygon_field_name":"Callater"},"type":"Feature"},{"geometry":{"coordinates":[[[-1.80168952599996,58.2868448140001],[-1.80169088099996,58.3160125430001],[-1.78085701099997,58.3160128110001],[-1.78085778599996,58.3326800840001],[-1.65168778499998,58.332681746],[-1.65168739799998,58.324348109],[-1.60168610499994,58.3243487510001],[-1.60168513999997,58.303514659],[-1.61835223699995,58.3035144450001],[-1.61835165799994,58.2910139900001],[-1.63501875499998,58.2910137760001],[-1.63501836899997,58.282680138],[-1.79335578499996,58.2826781030001],[-1.79335597799997,58.2868449210001],[-1.80168952599996,58.2868448140001]]],"type":"Polygon"},"properties":{"determination_status":"CURRENT","field_no":"189","match_method":"normalized","matched_pprs_field":"CAPTAIN","matched_pprs_slug":"captain","polygon_field_name":"Captain"},"type":"Feature"},{"geometry":{"coordinates":[[[2.83194596000004,53.4659007280001],[2.87361365700002,53.4659011960001],[2.87361383300004,53.4603454590001],[2.88194737200007,53.460345552],[2.88194754700004,53.4547898160001],[2.89028108700006,53.4547899090001],[2.89028143700006,53.443678434],[2.89861497600003,53.4436785280001],[2.89861515100006,53.4381227910001],[2.90694869000004,53.438122885],[2.90694939000002,53.4158999370001],[2.91528293000005,53.415900031],[2.91528327900005,53.4047885570001],[2.88194912200004,53.4047881830001],[2.88194903400006,53.4075660510001],[2.87361549500002,53.407565957],[2.87361540800003,53.410343826],[2.86528186900006,53.4103437320001],[2.86528178200007,53.4131216010001],[2.85417039600003,53.4131214760001],[2.85416969700003,53.4353444230001],[2.84861400300002,53.435344361],[2.84861356500005,53.4492337040001],[2.84028002600007,53.4492336100001],[2.84027993900003,53.4520114790001],[2.83194639900006,53.452011385],[2.83194596000004,53.4659007280001]]],"type":"Polygon"},"properties":{"determination_status":"CURRENT","field_no":"439","match_method":"normalized","matched_pprs_field":"CARAVEL","matched_pprs_slug":"caravel","polygon_field_name":"Caravel"},"type":"Feature"},{"geometry":{"coordinates":[[[1.34843213500005,57.395185192],[1.37343280000005,57.395185494],[1.37343297300004,57.3910186780001],[1.37759975100005,57.3910187290001],[1.37760009700003,57.3826850940001],[1.38593365200006,57.3826851950001],[1.38593434200004,57.3660179280001],[1.35676689900004,57.366017576],[1.35676672700004,57.3701843920001],[1.34843317200006,57.370184291],[1.34843213500005,57.395185192]]],"type":"Polygon"},"properties":{"determination_status":"CURRENT","field_no":"192","match_method":"normalized","matched_pprs_field":"CARNOUSTIE","matched_pprs_slug":"carnoustie","polygon_field_name":"Carnoustie"},"type":"Feature"},{"geometry":{"coordinates":[[[2.88194350200007,53.5825717770001],[2.91527766200005,53.5825721520001],[2.91527792700003,53.5742385450001],[2.92916716100007,53.5742387020001],[2.92916768900005,53.5575714880001],[2.88194429600003,53.5575709570001],[2.88194403100005,53.565904564],[2.74860739700006,53.5659030620001],[2.74860713100003,53.574236668],[2.69027235600004,53.57423601],[2.69027200200003,53.5853474850001],[2.66527138400005,53.585347203],[2.66527111800002,53.593680809],[2.64027050000004,53.5936805260001],[2.64026872200003,53.6492379050001],[2.68193641900007,53.649238376],[2.68193668600003,53.640904769],[2.72360438500004,53.6409052400001],[2.72360465100007,53.6325716320001],[2.74860527000004,53.632571915],[2.74860553700006,53.624238308],[2.78193969600005,53.624238684],[2.78193996100003,53.615905078],[2.79860704100003,53.615905266],[2.79860730700005,53.607571658],[2.84860854700003,53.607572222],[2.84860881200007,53.599238615],[2.88194297200005,53.599238991],[2.88194350200007,53.5825717770001]]],"type":"Polygon"},"properties":{"determination_status":"CURRENT","field_no":"354","match_method":"normalized","matched_pprs_field":"CARRACK","matched_pprs_slug":"carrack","polygon_field_name":"Carrack"},"type":"Feature"},{"geometry":{"coordinates":[[[0.798443404000068,56.765989378],[0.731775011000025,56.7659885690001],[0.731775346000063,56.7576549400001],[0.715108249000025,56.757654738],[0.715107242000045,56.782655623],[0.731774339000026,56.7826558250001],[0.731772994000039,56.815990341],[0.765107192000073,56.8159907460001],[0.765106519000028,56.8326580030001],[0.798440717000062,56.832658408],[0.798443404000068,56.765989378]]],"type":"Polygon"},"properties":{"determination_status":"CURRENT","field_no":"547","match_method":"normalized","matched_pprs_field":"CATCHER","matched_pprs_slug":"catcher","polygon_field_name":"Catcher"},"type":"Feature"},{"geometry":{"coordinates":[[[1.41491620500005,61.2786623470001],[1.42741657800002,61.2786625040001],[1.42741672900007,61.275885729],[1.43158351900007,61.2758857810001],[1.43158427200007,61.2619985690001],[1.42741748200007,61.2619985170001],[1.42741770800006,61.257831686],[1.41491733500004,61.257831529],[1.41491756100004,61.2536647000001],[1.38991681500005,61.253664385],[1.38991613700006,61.2661648760001],[1.39408292700006,61.2661649280001],[1.39408270100006,61.2703317580001],[1.40241128300005,61.270331862],[1.40241105700005,61.2744986930001],[1.41491643100005,61.27449885],[1.41491620500005,61.2786623470001]]],"type":"Polygon"},"properties":{"determination_status":"CURRENT","field_no":"472","match_method":"normalized","matched_pprs_field":"CAUSEWAY","matched_pprs_slug":"causeway","polygon_field_name":"Causeway"},"type":"Feature"},{"geometry":{"coordinates":[[[2.56516505500002,56.5467121090001],[2.61933316700004,56.5465588710001],[2.61933338000006,56.541003119],[2.62350015800007,56.541003168],[2.62350047800004,56.5326695380001],[2.63183403200003,56.532669636],[2.63183451100002,56.5201691930001],[2.62350095700003,56.520169095],[2.62350127600007,56.5118354670001],[2.57349994900005,56.511834881],[2.57349962900003,56.520168509],[2.56516607500004,56.520168411],[2.56516505500002,56.5467121090001]]],"type":"Polygon"},"properties":{"determination_status":"CURRENT","field_no":"506","match_method":null,"matched_pprs_field":null,"matched_pprs_slug":null,"polygon_field_name":"Cawdor"},"type":"Feature"},{"geometry":{"coordinates":[[[1.21926012400007,57.441018613],[1.24842756700002,57.441018967],[1.24842808800003,57.4285185160001],[1.25259486600004,57.4285185670001],[1.25259573400007,57.407684482],[1.24842895600005,57.4076844310001],[1.24842912900004,57.4035176150001],[1.21509491100005,57.4035172110001],[1.21509508400004,57.3993503930001],[1.19842797500007,57.3993501910001],[1.19842693300006,57.4243510920001],[1.21509404300002,57.4243512950001],[1.21509386900004,57.4285181120001],[1.21926064600007,57.428518162],[1.21926012400007,57.441018613]]],"type":"Polygon"},"properties":{"determination_status":"CURRENT","field_no":"529","match_method":"normalized","matched_pprs_field":"CAYLEY","matched_pprs_slug":"cayley","polygon_field_name":"Cayley"},"type":"Feature"},{"geometry":{"coordinates":[[[0.631881359000033,53.8047754],[0.684660403000066,53.8047760200001],[0.684660589000032,53.7992202820001],[0.704105501000072,53.7992205100001],[0.704105594000055,53.7964426410001],[0.729106194000053,53.7964429350001],[0.729106380000076,53.7908871980001],[0.765218359000073,53.7908876210001],[0.765218637000032,53.7825540150001],[0.776330015000042,53.7825541450001],[0.776331034000066,53.7519975920001],[0.748552589000042,53.751997266],[0.748552497000048,53.754775135],[0.736052197000049,53.7547749890001],[0.736052104000066,53.7575528560001],[0.723551804000067,53.75755271],[0.723551526000051,53.765886316],[0.709662304000062,53.7658861530001],[0.70966211800004,53.7714418900001],[0.69855074100002,53.771441759],[0.698550555000054,53.7769974970001],[0.67910564400006,53.776997269],[0.679105459000027,53.7825530050001],[0.670771925000054,53.7825529080001],[0.670771832000071,53.7853307760001],[0.659660454000061,53.785330646],[0.659660268000039,53.790886383],[0.631881824000061,53.7908860570001],[0.631881359000033,53.8047754]]],"type":"Polygon"},"properties":{"determination_status":"CURRENT","field_no":"466","match_method":"normalized","matched_pprs_field":"CERES","matched_pprs_slug":"ceres","polygon_field_name":"Ceres"},"type":"Feature"},{"geometry":{"coordinates":[[[1.19840393200008,57.966037414],[1.21507104800003,57.966037618],[1.21507082500005,57.971596135],[1.24840510700005,57.971595489],[1.24840590300005,57.952148922],[1.24285140700005,57.9521496900001],[1.24285122400005,57.9493716520001],[1.19840465200002,57.9493701390001],[1.19840393200008,57.966037414]]],"type":"Polygon"},"properties":{"determination_status":"CURRENT","field_no":"266","match_method":"normalized","matched_pprs_field":"CHESTNUT","matched_pprs_slug":"chestnut","polygon_field_name":"Chestnut"},"type":"Feature"},{"geometry":{"coordinates":[[[0.898265241000047,60.699469917],[0.956600270000024,60.699470653],[0.956600489000039,60.6953038250001],[0.964934065000023,60.6953039300001],[0.964934284000037,60.691137102],[0.973267859000032,60.6911372070001],[0.973268078000046,60.6869703790001],[0.981601653000041,60.686970484],[0.981601871000066,60.682803656],[0.998269023000034,60.682803866],[0.998269896000068,60.666136554],[1.01493704700005,60.666136764],[1.01493726500007,60.661969936],[1.02327084100006,60.66197004],[1.02327149400003,60.649469556],[1.03160506900002,60.6494696610001],[1.03160593900003,60.632802349],[1.00660521200007,60.6328020340001],[1.00660477700006,60.641135691],[0.998271202000069,60.6411355860001],[0.898268883000071,60.64113489],[0.898265241000047,60.699469917]]],"type":"Polygon"},"properties":{"determination_status":"CURRENT","field_no":"461","match_method":null,"matched_pprs_field":null,"matched_pprs_slug":null,"polygon_field_name":"Cheviot"},"type":"Feature"},{"geometry":{"coordinates":[[[2.69859329000008,53.9825835250001],[2.72081456000006,53.9825837770001],[2.72081465100007,53.979806141],[2.73192917300003,53.979805077],[2.73192926400003,53.9770279160001],[2.74581648100002,53.9770268830001],[2.74581538100006,53.9742500790001],[2.75137144300004,53.974248953],[2.75137162400006,53.9686953450001],[2.75692875600004,53.9686930280001],[2.75692765700006,53.9659172950001],[2.75970705500004,53.9659173270001],[2.75970595700005,53.963139094],[2.76526177900007,53.9631389190001],[2.76526198900007,53.9603610450001],[2.77081709900006,53.960361108],[2.77081837800006,53.9575828760001],[2.77359551600006,53.957584098],[2.77359441800007,53.9548057470001],[2.77637286400005,53.954805778],[2.77637378800006,53.952026833],[2.77914997400006,53.9520268650001],[2.77915084600005,53.9492502140001],[2.78193013400005,53.949250245],[2.78192949700002,53.9464728720001],[2.78470612200005,53.946471692],[2.78470639300002,53.938139209],[2.79026291100007,53.9381367300001],[2.79026457300006,53.924249015],[2.78193131000006,53.9242477110001],[2.78193149100002,53.918691874],[2.77915268700002,53.9186930540001],[2.77915286800004,53.9131378230001],[2.77637370200006,53.9131365800001],[2.77637258100003,53.9103592070001],[2.77359777300006,53.910360386],[2.77359795300003,53.9048040660001],[2.77081987600008,53.904804035],[2.77081884500006,53.899248077],[2.70692857300003,53.89924726],[2.70692949200003,53.907579694],[2.69859641200003,53.907579599],[2.69859495100008,53.9159142940001],[2.68470592900007,53.915914136],[2.68470446800006,53.924247403],[2.67081628000005,53.9242460560001],[2.67081490900006,53.929803828],[2.65970409600004,53.929805731],[2.65970444200002,53.9520270560001],[2.67081454100003,53.952024803],[2.67081536800004,53.9631379670001],[2.68192701400005,53.9631380930001],[2.68192683200004,53.9686942000001],[2.69303812100003,53.968694327],[2.69303675100002,53.9742496000001],[2.69859316900005,53.9742496630001],[2.69859329000008,53.9825835250001]]],"type":"Polygon"},"properties":{"determination_status":"CURRENT","field_no":"429","match_method":"normalized","matched_pprs_field":"CHISWICK","matched_pprs_slug":"chiswick","polygon_field_name":"Chiswick"},"type":"Feature"},{"geometry":{"coordinates":[[[0.773237309000024,61.1536526740001],[0.798238045000062,61.153652992],[0.798238271000059,61.1494861620001],[0.814905429000021,61.149486374],[0.814906334000057,61.132819055],[0.764904864000073,61.1328184210001],[0.764904184000045,61.1453189090001],[0.773237762000065,61.145319015],[0.773237309000024,61.1536526740001]]],"type":"Polygon"},"properties":{"determination_status":"CURRENT","field_no":"530","match_method":"normalized","matched_pprs_field":"CLADHAN","matched_pprs_slug":"cladhan","polygon_field_name":"Cladhan"},"type":"Feature"},{"geometry":{"coordinates":[[[-2.38516811899996,60.8327657880001],[-2.26849824799996,60.8327673410001],[-2.26849731799996,60.816100035],[-2.23516306699997,60.8161004780001],[-2.23516121199998,60.7827658630001],[-2.25182833699995,60.7827656410001],[-2.25182740999998,60.766098335],[-2.26849453499995,60.766098114],[-2.26849360899996,60.7494308070001],[-2.28516073199995,60.749430585],[-2.28515980799995,60.732763279],[-2.40182966899994,60.732761726],[-2.40182413399998,60.6327578950001],[-2.55182821799997,60.632755897],[-2.55182637699994,60.5994212890001],[-2.60182773399993,60.5994206220001],[-2.60182681499992,60.5827533180001],[-2.63516105199994,60.5827528730001],[-2.63516013299994,60.566085571],[-2.68516148599997,60.566084903],[-2.68516056799996,60.5494176],[-2.75182903699994,60.5494167100001],[-2.75182811899992,60.532749407],[-2.80182946699995,60.5327487380001],[-2.80182992699997,60.54108239],[-2.83516415799994,60.541081944],[-2.83516738199995,60.599417504],[-2.86850161499996,60.599417057],[-2.86850346399996,60.6327516630001],[-2.83516922999996,60.6327521100001],[-2.83517015599995,60.6494194140001],[-2.80183592099996,60.6494198600001],[-2.80183684699995,60.6660871650001],[-2.75183549299993,60.6660878340001],[-2.75183641999996,60.6827551380001],[-2.71850218299994,60.6827555840001],[-2.71850310999997,60.6994228890001],[-2.66850175199994,60.699423557],[-2.66850267999996,60.716090863],[-2.65183555999994,60.7160910860001],[-2.65183648899995,60.7327583900001],[-2.60183512699996,60.7327590580001],[-2.60183605699996,60.749426364],[-2.53516757199998,60.7494272550001],[-2.53516850099993,60.766094561],[-2.48516713499993,60.766095228],[-2.48516806499993,60.782762534],[-2.46850094299998,60.7827627560001],[-2.46850280499996,60.8160973700001],[-2.38516718799997,60.816098481],[-2.38516811899996,60.8327657880001]]],"type":"Polygon"},"properties":{"determination_status":"CURRENT","field_no":"318","match_method":null,"matched_pprs_field":null,"matched_pprs_slug":null,"polygon_field_name":"Clair"},"type":"Feature"},{"geometry":{"coordinates":[[[0.631754002000037,57.216003372],[0.631753771000035,57.2215591250001],[0.623420220000071,57.221559024],[0.62341998900007,57.227114778],[0.601197186000036,57.2271145070001],[0.601196261000041,57.2493375240001],[0.631752616000028,57.2493378980001],[0.63175284700003,57.243782143],[0.648419950000061,57.243782347],[0.648420181000063,57.238226593],[0.656753733000073,57.238226695],[0.656753964000075,57.23267094],[0.673421067000049,57.2326711440001],[0.673421298000051,57.2271153900001],[0.685921625000049,57.2271155430001],[0.685921913000072,57.2201708490001],[0.685922086000062,57.216004034],[0.681755310000028,57.2160039830001],[0.681755483000074,57.2118371670001],[0.652588054000034,57.2118368100001],[0.640087727000036,57.211836657],[0.640087554000047,57.2160034730001],[0.631754002000037,57.216003372]]],"type":"Polygon"},"properties":{"determination_status":"CURRENT","field_no":"352","match_method":"normalized","matched_pprs_field":"CLAPHAM","matched_pprs_slug":"clapham","polygon_field_name":"Clapham"},"type":"Feature"},{"geometry":{"coordinates":[[[-0.293323569999927,58.4354805580001],[-0.309990679999942,58.4354803480001],[-0.309990806999963,58.4382582280001],[-0.334991470999967,58.4382579140001],[-0.334991789999947,58.445202613],[-0.359992453999951,58.445202298],[-0.359993409999959,58.466036397],[-0.334992744999965,58.4660367120001],[-0.334993126999962,58.4743703190001],[-0.293326089999937,58.474371691],[-0.293327757999975,58.499372194],[-0.218324499999937,58.4993727390001],[-0.218324117999941,58.4910404830001],[-0.209991258999935,58.4910403220001],[-0.209990167999933,58.474371311],[-0.184989130999952,58.474372239],[-0.18498920899998,58.4660390320001],[-0.17665442599997,58.466039331],[-0.176654696999947,58.457706156],[-0.168321256999945,58.4577051680001],[-0.16832089899998,58.4493721370001],[-0.151653764999935,58.4493728360001],[-0.151653579999959,58.4202039990001],[-0.234988263999981,58.420202169],[-0.234988855999973,58.4271476530001],[-0.259988968999949,58.4271473380001],[-0.25998909499998,58.4299252180001],[-0.276656205999927,58.429925009],[-0.276656332999949,58.4327028880001],[-0.293323442999963,58.4327026780001],[-0.293323569999927,58.4354805580001]]],"type":"Polygon"},"properties":{"determination_status":"CURRENT","field_no":"016","match_method":"normalized","matched_pprs_field":"CLAYMORE","matched_pprs_slug":"claymore","polygon_field_name":"Claymore"},"type":"Feature"},{"geometry":{"coordinates":[[[0.715209298000048,54.0242280200001],[0.715209016000074,54.0325616270001],[0.698541946000034,54.032561431],[0.698541663000071,54.0408950400001],[0.681874594000021,54.040894844],[0.681874311000058,54.049228451],[0.665207242000065,54.0492282550001],[0.665206675000036,54.06589547],[0.715207883000062,54.0658960590001],[0.715208166000025,54.0575624510001],[0.748542305000058,54.057562843],[0.748542588000021,54.049229235],[0.773543193000023,54.0492295290001],[0.773544605000041,54.0075614900001],[0.748544001000027,54.007561197],[0.731876932000034,54.0075610010001],[0.731876367000041,54.024228216],[0.715209298000048,54.0242280200001]]],"type":"Polygon"},"properties":{"determination_status":"CURRENT","field_no":"056","match_method":"normalized","matched_pprs_field":"CLEETON","matched_pprs_slug":"cleeton","polygon_field_name":"Cleeton"},"type":"Feature"},{"geometry":{"coordinates":[[[1.71525311300007,53.4325536220001],[1.69858596100005,53.432553431],[1.69858569300004,53.440885866],[1.69025315600004,53.4408881480001],[1.69025131700005,53.4450547210001],[1.68191848800006,53.4450540060001],[1.68191835400006,53.4492204480001],[1.64858421400004,53.449220117],[1.64858206000002,53.515888901],[1.68191660500003,53.5158903590001],[1.68191785800002,53.499222075],[1.73191511500005,53.499222649],[1.73191849200003,53.4825554390001],[1.74858556300006,53.4825556310001],[1.74858569800006,53.478388829],[1.76525276900003,53.4783890200001],[1.76525317200003,53.4658886140001],[1.79025377900007,53.4658889],[1.79025404700008,53.4575552950001],[1.81247586900002,53.4575555500001],[1.81247626600003,53.43533395],[1.82358754600006,53.4353328980001],[1.82358870800005,53.429777115],[1.83470077300007,53.4297772420001],[1.83469996800005,53.4242219490001],[1.84303337900008,53.424220866],[1.84303543400006,53.42144317],[1.84859096700006,53.421443234],[1.84859018500003,53.4158891070001],[1.74025427000004,53.4158867020001],[1.74025395600006,53.4242212720001],[1.72358547400006,53.424220114],[1.72358626400006,53.428387183],[1.71525329600007,53.4283859070001],[1.71525311300007,53.4325536220001]]],"type":"Polygon"},"properties":{"determination_status":"CURRENT","field_no":"101","match_method":"normalized","matched_pprs_field":"CLIPPER NORTH","matched_pprs_slug":"clipper-north","polygon_field_name":"Clipper North"},"type":"Feature"},{"geometry":{"coordinates":[[[1.64858421400004,53.449220117],[1.68191835400006,53.4492204480001],[1.68191848800006,53.4450540060001],[1.69025131700005,53.4450547210001],[1.69025315600004,53.4408881480001],[1.69858569300004,53.440885866],[1.69858596100005,53.432553431],[1.71525311300007,53.4325536220001],[1.71525329600007,53.4283859070001],[1.72358626400006,53.428387183],[1.72358547400006,53.424220114],[1.74025395600006,53.4242212720001],[1.74025427000004,53.4158867020001],[1.84859018500003,53.4158891070001],[1.84859195800004,53.382554573],[1.73192170700003,53.3825521900001],[1.73192117300005,53.3992203710001],[1.69858703300002,53.3992190160001],[1.69858556600002,53.4158874870001],[1.64858528700006,53.4158856500001],[1.64858421400004,53.449220117]]],"type":"Polygon"},"properties":{"determination_status":"CURRENT","field_no":"102","match_method":"normalized","matched_pprs_field":"CLIPPER SOUTH","matched_pprs_slug":"clipper-south","polygon_field_name":"Clipper South"},"type":"Feature"},{"geometry":{"coordinates":[[[2.27349334400003,56.477107903],[2.29016045100002,56.4771081000001],[2.29016055800003,56.474330223],[2.29849411100002,56.4743303220001],[2.29849421700004,56.471552445],[2.30682777000004,56.4715525440001],[2.30682787700005,56.468774667],[2.31516143100004,56.468774765],[2.31516153800004,56.46599689],[2.32349509100004,56.465996988],[2.32349519700006,56.463219112],[2.32905090000003,56.463219177],[2.32905122000005,56.45488555],[2.32349551700003,56.454885484],[2.32349562400003,56.4521076080001],[2.32071777300007,56.4521075760001],[2.32071787900003,56.449329699],[2.31516217800004,56.449329634],[2.31516260400002,56.4382181300001],[2.30682905000003,56.4382180320001],[2.30682958300002,56.424328653],[2.28182892400002,56.4243283580001],[2.28182860400005,56.432661986],[2.27071720000004,56.432661855],[2.27071698700007,56.4382176070001],[2.26516128600002,56.4382175420001],[2.26516064600003,56.4548847980001],[2.25404924200006,56.454884667],[2.25404945500003,56.449328914],[2.23738234900003,56.4493287180001],[2.23738192200005,56.4604402210001],[2.24015977300007,56.460440254],[2.24015966600007,56.46321813],[2.24571536800005,56.4632181960001],[2.24571526100004,56.4659960720001],[2.25404881500003,56.46599617],[2.25404870800003,56.4687740460001],[2.25682655800006,56.4687740780001],[2.25682645100005,56.4715519540001],[2.26516000500004,56.471552053],[2.26515989800004,56.4743299290001],[2.27349345100004,56.4743300270001],[2.27349334400003,56.477107903]]],"type":"Polygon"},"properties":{"determination_status":"CURRENT","field_no":"035","match_method":"normalized","matched_pprs_field":"CLYDE","matched_pprs_slug":"clyde","polygon_field_name":"Clyde"},"type":"Feature"},{"geometry":{"coordinates":[[[1.48157301900005,61.49534171],[1.49824018800007,61.49534192],[1.49824003500004,61.4981198080001],[1.51490720500004,61.4981200170001],[1.51490804600007,61.482841637],[1.48157370800004,61.482841218],[1.48157301900005,61.49534171]]],"type":"Polygon"},"properties":{"determination_status":"CURRENT","field_no":"501","match_method":"normalized","matched_pprs_field":"CONRIE","matched_pprs_slug":"conrie","polygon_field_name":"Conrie"},"type":"Feature"},{"geometry":{"coordinates":[[[-3.68487918099993,53.6491623630001],[-3.66543430999997,53.6491626070001],[-3.66543332299995,53.6213839440001],[-3.66265548399997,53.621383979],[-3.66265489299997,53.6047167820001],[-3.67932192599994,53.6047165730001],[-3.67932231999993,53.6158280380001],[-3.68210015899996,53.615828003],[-3.68210075099995,53.6324952000001],[-3.68487858899994,53.6324951650001],[-3.68487918099993,53.6491623630001]]],"type":"Polygon"},"properties":{"determination_status":"CURRENT","field_no":"509","match_method":"normalized","matched_pprs_field":"CONWY","matched_pprs_slug":"conwy","polygon_field_name":"Conwy"},"type":"Feature"},{"geometry":{"coordinates":[[[0.810920164000038,57.341010043],[0.810919816000023,57.349343676],[0.806753039000057,57.3493436250001],[0.806752691000042,57.357677257],[0.798419138000042,57.3576771560001],[0.79841809200002,57.3826780540001],[0.844252633000053,57.382678614],[0.844254374000059,57.3410104500001],[0.810920164000038,57.341010043]]],"type":"Polygon"},"properties":{"determination_status":"CURRENT","field_no":"295","match_method":"normalized","matched_pprs_field":"COOK","matched_pprs_slug":"cook","polygon_field_name":"Cook"},"type":"Feature"},{"geometry":{"coordinates":[[[1.19824285100003,61.28282978],[1.24824433900005,61.2828304110001],[1.24824705800006,61.2328284500001],[1.19824557100003,61.2328278200001],[1.19824285100003,61.28282978]]],"type":"Polygon"},"properties":{"determination_status":"CURRENT","field_no":"534","match_method":"normalized","matched_pprs_field":"CORMORANT EAST","matched_pprs_slug":"cormorant-east","polygon_field_name":"Cormorant East"},"type":"Feature"},{"geometry":{"coordinates":[[[1.08158131400006,61.1244887730001],[1.08158086400005,61.1328224320001],[1.08991444400004,61.132822537],[1.08991354300002,61.1494898560001],[1.09824712300002,61.149489961],[1.09824260300007,61.2328265570001],[1.10657618300007,61.232826662],[1.10657277500007,61.295329113],[1.17324142500007,61.2953299550001],[1.17324210700002,61.2828294650001],[1.24824433900005,61.2828304110001],[1.24824705800006,61.2328284500001],[1.19824557100003,61.2328278200001],[1.19824873300007,61.1744922010001],[1.13991367100004,61.1744914650001],[1.13991547300003,61.1411568280001],[1.13158189300003,61.1411567230001],[1.13158324200003,61.1161557450001],[1.11491608300003,61.1161555350001],[1.11491293400007,61.0994893800001],[1.09825055100004,61.0994887360001],[1.09825018000004,61.093933308],[1.08991755000005,61.093933147],[1.08991697400006,61.0911555860001],[1.07325037500004,61.091154288],[1.07324773500005,61.1244886680001],[1.08158131400006,61.1244887730001]]],"type":"Polygon"},"properties":{"determination_status":"CURRENT","field_no":"018b","match_method":"normalized","matched_pprs_field":"CORMORANT NORTH","matched_pprs_slug":"cormorant-north","polygon_field_name":"Cormorant North"},"type":"Feature"},{"geometry":{"coordinates":[[[2.56389036900003,53.25755759],[2.57639067500003,53.2575577310001],[2.57639076200007,53.2547798640001],[2.58194645300006,53.2547799270001],[2.58194649600006,53.253390993],[2.59028003400005,53.2533910870001],[2.59028007800003,53.252002153],[2.59861361500003,53.2520022460001],[2.59861370200002,53.2492243780001],[2.61528077700007,53.2492245660001],[2.61528086400006,53.2464466980001],[2.62083655500004,53.24644676],[2.62083664200003,53.2436688920001],[2.62361448800004,53.2436689240001],[2.62361457500003,53.2408910560001],[2.62917026700006,53.2408911190001],[2.62917035400005,53.2381132510001],[2.63194819900002,53.238113282],[2.63194828600007,53.2353354140001],[2.65694889800005,53.2353356950001],[2.65694898500004,53.2325578270001],[2.66250467700007,53.2325578900001],[2.66250485100005,53.227002154],[2.66806054200003,53.2270022170001],[2.66806071600007,53.221446481],[2.67361640800004,53.2214465430001],[2.67361658100003,53.215890808],[2.65139381500006,53.2158905580001],[2.65139377100007,53.217279492],[2.64583807900004,53.2172794300001],[2.64583799300004,53.220057297],[2.63750445500006,53.2200572030001],[2.63750436900006,53.2228350710001],[2.63194867700003,53.2228350090001],[2.63194859000004,53.2256128770001],[2.62361505300004,53.225612783],[2.62361496600005,53.228390651],[2.61528142900005,53.2283905570001],[2.61528134200006,53.231168424],[2.60694780400007,53.2311683300001],[2.60694771700003,53.2339461980001],[2.59861418000003,53.233946105],[2.59861409300004,53.236723973],[2.59305840100006,53.2367239100001],[2.59305831400007,53.239501778],[2.58750262300003,53.2395017160001],[2.58750253600004,53.2422795840001],[2.57916899900005,53.24227949],[2.57916891200006,53.2450573570001],[2.57361322000003,53.245057294],[2.57361313300004,53.247835163],[2.57083528700002,53.247835131],[2.57083520000003,53.2506129990001],[2.56389058600007,53.250612921],[2.56389036900003,53.25755759]]],"type":"Polygon"},"properties":{"determination_status":"CURRENT","field_no":"253","match_method":"normalized","matched_pprs_field":"CORVETTE","matched_pprs_slug":"corvette","polygon_field_name":"Corvette"},"type":"Feature"},{"geometry":{"coordinates":[[[0.373397909000062,57.595180493],[0.398398567000072,57.595180801],[0.398398745000065,57.5910139850001],[0.415065851000065,57.5910141900001],[0.415066563000039,57.5743469220001],[0.390065905000029,57.574346614],[0.390065727000035,57.578513431],[0.381732174000035,57.578513328],[0.381731996000042,57.582680145],[0.373398444000031,57.582680042],[0.373397909000062,57.595180493]]],"type":"Polygon"},"properties":{"determination_status":"CURRENT","field_no":"551","match_method":"normalized","matched_pprs_field":"CRATHES","matched_pprs_slug":"crathes","polygon_field_name":"Crathes"},"type":"Feature"},{"geometry":{"coordinates":[[[1.86512039400003,57.2049067830001],[1.89845461700003,57.2049071820001],[1.89845484300002,57.1993514260001],[1.92067765900003,57.1993516920001],[1.92067788400004,57.1937959360001],[1.93734499700003,57.1937961350001],[1.93734533500003,57.1854625030001],[1.94845674300007,57.1854626360001],[1.94845753000004,57.166017493],[1.90956760200004,57.1660170280001],[1.90956737700003,57.171572783],[1.90401167400006,57.1715727160001],[1.90401156100006,57.174350594],[1.89845585700004,57.174350528],[1.89845574400005,57.1771284060001],[1.87901078100003,57.177128173],[1.87901066800003,57.179906051],[1.87623281600003,57.1799060180001],[1.87623259100008,57.1854617720001],[1.87345473900007,57.1854617390001],[1.87345451300007,57.191017495],[1.87067666100006,57.1910174610001],[1.87067654800006,57.193795338],[1.86789869600005,57.193795305],[1.86789858300006,57.1965731830001],[1.86512073200004,57.1965731500001],[1.86512039400003,57.2049067830001]]],"type":"Polygon"},"properties":{"determination_status":"CURRENT","field_no":"553","match_method":"normalized","matched_pprs_field":"CULZEAN","matched_pprs_slug":"culzean","polygon_field_name":"Culzean"},"type":"Feature"},{"geometry":{"coordinates":[[[1.20123298800007,56.7326597320001],[1.26512354300007,56.7326605010001],[1.26512299000007,56.7465498830001],[1.34845850100004,56.746550885],[1.34845938500007,56.724327874],[1.34012583400005,56.7243277740001],[1.34012600000005,56.72016096],[1.33179244800004,56.720160859],[1.33179272400002,56.7132161690001],[1.27345786800004,56.713215468],[1.27345830900003,56.7021039630001],[1.20123420400006,56.7021030940001],[1.20123298800007,56.7326597320001]]],"type":"Polygon"},"properties":{"determination_status":"CURRENT","field_no":"234","match_method":null,"matched_pprs_field":null,"matched_pprs_slug":null,"polygon_field_name":"Curlew"},"type":"Feature"},{"geometry":{"coordinates":[[[1.34845839000008,56.7493287610001],[1.39845969900006,56.7493293620001],[1.39846135400006,56.7076612170001],[1.33179294400003,56.7076604160001],[1.33179244800004,56.720160859],[1.34012600000005,56.72016096],[1.34012583400005,56.7243277740001],[1.34845938500007,56.724327874],[1.34845839000008,56.7493287610001]]],"type":"Polygon"},"properties":{"determination_status":"CURRENT","field_no":"434","match_method":"normalized","matched_pprs_field":"CURLEW C","matched_pprs_slug":"curlew-c","polygon_field_name":"Curlew C"},"type":"Feature"},{"geometry":{"coordinates":[[[2.61804461200006,53.690905689],[2.61804407600005,53.707572903],[2.60415484400005,53.707572745],[2.60415457600004,53.715906353],[2.59304318900007,53.7159062280001],[2.59304274100003,53.729795573],[2.58193135500005,53.7297954470001],[2.58193126500004,53.7325733160001],[2.57081987900006,53.73257319],[2.57081934100006,53.7492404050001],[2.64859904700006,53.7492412870001],[2.64859931600006,53.740907679],[2.66526639600005,53.7409078680001],[2.66526720100006,53.7159070450001],[2.68471212700007,53.7159072650001],[2.68471373200003,53.6659056220001],[2.64860172700003,53.665905213],[2.64860137000005,53.677016689],[2.63748998400007,53.677016564],[2.63748953800007,53.690905909],[2.61804461200006,53.690905689]]],"type":"Polygon"},"properties":{"determination_status":"CURRENT","field_no":"371","match_method":"normalized","matched_pprs_field":"CUTTER","matched_pprs_slug":"cutter","polygon_field_name":"Cutter"},"type":"Feature"},{"geometry":{"coordinates":[[[2.18189163100004,54.6242650880001],[2.24300427900005,54.6242657940001],[2.24300437400007,54.621487922],[2.29856132800006,54.6214885630001],[2.29856151800004,54.6159328200001],[2.33189569100006,54.615933204],[2.33189626000006,54.599265976],[2.36523043400007,54.5992663600001],[2.36523100200003,54.582599132],[2.39856517500004,54.582599515],[2.39856687600007,54.5325978330001],[2.31523144700003,54.5325968750001],[2.31523163600002,54.5270411330001],[2.17356141400006,54.527039501],[2.17356169800007,54.5187058870001],[2.13189398700007,54.518705406],[2.13189351300002,54.532594762],[2.09855934500007,54.5325943770001],[2.09855915500003,54.5381501190001],[2.07911422500007,54.5381498940001],[2.07911403500003,54.543705636],[2.05689125500004,54.5437053790001],[2.05689020900007,54.574261962],[2.04855666700007,54.574261865],[2.04855552400005,54.607596319],[2.09022323600004,54.6075968010001],[2.09022333100006,54.6048189310001],[2.13189104200006,54.604819412],[2.13189113700003,54.6020415410001],[2.18189239300006,54.602042118],[2.18189163100004,54.6242650880001]]],"type":"Polygon"},"properties":{"determination_status":"CURRENT","field_no":"481","match_method":"normalized","matched_pprs_field":"CYGNUS","matched_pprs_slug":"cygnus","polygon_field_name":"Cygnus"},"type":"Feature"},{"geometry":{"coordinates":[[[1.39673507400005,58.1402128760001],[1.43840287500007,58.140213384],[1.43840305600003,58.1360465650001],[1.44673661600007,58.136046666],[1.44673679700003,58.1318798460001],[1.46340391800004,58.1318800490001],[1.46340409900006,58.1277132290001],[1.49673833900005,58.1277136350001],[1.49673942500004,58.1027127180001],[1.46340518600005,58.1027123120001],[1.46340536700006,58.0985454930001],[1.44673824700004,58.0985452910001],[1.44673842700007,58.094378471],[1.43840486800002,58.0943783690001],[1.43840504900004,58.09021155],[1.43007149000005,58.090211448],[1.43007167000007,58.0860446290001],[1.42173811000004,58.0860445280001],[1.42173829100005,58.081877708],[1.39673761200004,58.0818774040001],[1.39673507400005,58.1402128760001]]],"type":"Polygon"},"properties":{"determination_status":"CURRENT","field_no":"50","match_method":"normalized","matched_pprs_field":"CYRUS","matched_pprs_slug":"cyrus","polygon_field_name":"Cyrus"},"type":"Feature"},{"geometry":{"coordinates":[[[-3.73488843899997,53.8769467970001],[-3.73488863999995,53.8825025300001],[-3.75155567499996,53.8825023200001],[-3.75155687899996,53.915836724],[-3.73488984399995,53.915836934],[-3.73489044699994,53.932504136],[-3.71822341199993,53.932504346],[-3.71266773299993,53.932504416],[-3.71266572699994,53.8769470770001],[-3.73488843899997,53.8769467970001]]],"type":"Polygon"},"properties":{"determination_status":"CURRENT","field_no":"277","match_method":"normalized","matched_pprs_field":"DALTON","matched_pprs_slug":"dalton","polygon_field_name":"Dalton"},"type":"Feature"},{"geometry":{"coordinates":[[[2.90279620200005,52.9783856970001],[2.90279607500003,52.982552497],[2.89446253700004,52.982552404],[2.89446215400005,52.995052807],[2.88196184800006,52.995052668],[2.88196159200004,53.0033862700001],[2.87362805500004,53.003386177],[2.87362792700003,53.007552978],[2.86529439000003,53.0075528850001],[2.86529426200002,53.011719686],[2.85696072500002,53.0117195930001],[2.85696059700007,53.0158863940001],[2.84862706000007,53.0158863010001],[2.84862654700004,53.0325535050001],[2.86529362200002,53.032553691],[2.86529375000003,53.0283868910001],[2.87362728700003,53.0283869840001],[2.87362741500004,53.0242201820001],[2.87779418400004,53.024220229],[2.87779431200005,53.020053428],[2.88751677200003,53.020053536],[2.88751690000004,53.015886736],[2.89446151400006,53.0158868130001],[2.89446164200007,53.0117200120001],[2.90279518000006,53.0117201050001],[2.90279530800007,53.0075533030001],[2.91112884500006,53.007553397],[2.91112897300007,53.003386596],[2.91529574200007,53.0033866430001],[2.91529587000002,52.9992198410001],[2.91946263800003,52.999219888],[2.91946276500005,52.995053086],[2.92362953400004,52.9950531330001],[2.92362991700003,52.9825527300001],[2.93196345400003,52.982552823],[2.93196358200004,52.9783860220001],[2.94446388800003,52.978386162],[2.94446401600004,52.9742193600001],[2.95279755300004,52.974219453],[2.95279768100005,52.970052652],[2.95696444900005,52.9700526990001],[2.95696483100005,52.9575522960001],[2.93196422000005,52.9575520170001],[2.93196396500002,52.9658856190001],[2.92363042800002,52.9658855260001],[2.92363030000007,52.9700523270001],[2.91529676300007,52.970052234],[2.91529663600005,52.974219035],[2.91112986700006,52.9742189890001],[2.91112973900005,52.9783857900001],[2.90279620200005,52.9783856970001]]],"type":"Polygon"},"properties":{"determination_status":"CURRENT","field_no":"193","match_method":"normalized","matched_pprs_field":"DAVY","matched_pprs_slug":"davy","polygon_field_name":"Davy"},"type":"Feature"},{"geometry":{"coordinates":[[[2.95418473400002,52.9881078500001],[2.96807517800005,52.9881091940001],[2.96807606400006,52.985332128],[2.97363148700003,52.9853313900001],[2.97363165700006,52.9797765640001],[2.98196605300006,52.9797766570001],[2.98196613800008,52.976998344],[2.98752152100008,52.9769984060001],[2.98752169100004,52.9714415400001],[2.99307587400006,52.9714428020001],[2.99307604300003,52.965887136],[2.99585421400008,52.9658871670001],[2.99585575400005,52.954775474],[2.97640891300006,52.9547752570001],[2.97640874300004,52.9603298430001],[2.97363141200003,52.960331012],[2.97363124200007,52.9658869190001],[2.96807705900005,52.965886857],[2.96807697400004,52.9686630100001],[2.96529844200006,52.968664179],[2.96529835700005,52.971442612],[2.96251946600006,52.9714425810001],[2.96252058100004,52.974219814],[2.95974084900007,52.974218583],[2.95974187900003,52.979775569],[2.95696538800007,52.9797755380001],[2.95696281700003,52.9853302440001],[2.95418548600003,52.985331413],[2.95418474000007,52.9880866830001],[2.95418473400002,52.9881078500001]]],"type":"Polygon"},"properties":{"determination_status":"CURRENT","field_no":"430","match_method":"normalized","matched_pprs_field":"DAVY EAST","matched_pprs_slug":"davy-east","polygon_field_name":"Davy East"},"type":"Feature"},{"geometry":{"coordinates":[[[1.85693319900003,53.115878331],[1.89860087100004,53.1158788060001],[1.89860139500007,53.0992116020001],[1.93193553200007,53.0992119810001],[1.93193605600004,53.0825447780001],[1.94860312500003,53.082544967],[1.94860364700003,53.065877765],[1.96527071600002,53.065877954],[1.96527123800007,53.049210751],[1.98193830600007,53.0492109400001],[1.98193865400003,53.0380994720001],[1.94860451700004,53.038099093],[1.94860434300006,53.0436548270001],[1.93193727400006,53.043654637],[1.93193710100007,53.0492103720001],[1.92638141200007,53.049210309],[1.92638123800003,53.0547660440001],[1.92499231500005,53.0547660280001],[1.92499227200005,53.0561549600001],[1.92360334900008,53.0561549450001],[1.92360330600008,53.057543878],[1.92082546100005,53.057543847],[1.92082537400006,53.0603217140001],[1.91526968500006,53.060321651],[1.91526959800007,53.0630995180001],[1.91249175300004,53.063099487],[1.91249157800007,53.06865522],[1.90971373300005,53.068655189],[1.90971347200002,53.0769887910001],[1.90415778300007,53.0769887280001],[1.90415769600003,53.0797665950001],[1.89860200600003,53.0797665320001],[1.89860183200005,53.085322266],[1.89304614200006,53.085322202],[1.89304605400002,53.0881000700001],[1.88749036500008,53.088100007],[1.88749027800003,53.0908778740001],[1.88471243300006,53.0908778420001],[1.88471239000006,53.092266776],[1.88193454500004,53.092266744],[1.88193450100005,53.0936556770001],[1.87776773500002,53.0936556300001],[1.87776769100003,53.095044563],[1.87498984600006,53.095044532],[1.87498980200007,53.0964334660001],[1.87360088000003,53.0964334500001],[1.87360083600004,53.0978223830001],[1.87082299100007,53.097822352],[1.87082294700002,53.0992112850001],[1.86804510300004,53.0992112540001],[1.86804505900005,53.100600188],[1.86526721500007,53.100600156],[1.86526717100003,53.1019890900001],[1.86248932600006,53.1019890580001],[1.86248923900007,53.104766925],[1.85693354900008,53.1047668620001],[1.85693319900003,53.115878331]]],"type":"Polygon"},"properties":{"determination_status":"CURRENT","field_no":"267","match_method":"normalized","matched_pprs_field":"DELILAH","matched_pprs_slug":"delilah","polygon_field_name":"Delilah"},"type":"Feature"},{"geometry":{"coordinates":[[[1.89026899500004,53.063099234],[1.89026882100006,53.068654967],[1.88193528600004,53.0686548730001],[1.88193511200006,53.0742106070001],[1.87915726800003,53.074210576],[1.87915713700005,53.078377377],[1.87776821400007,53.078377361],[1.87776817100007,53.0797662950001],[1.87637924800003,53.0797662790001],[1.87637920500003,53.0811552120001],[1.87360136000007,53.0811551800001],[1.87360131600002,53.082544114],[1.87221239400003,53.082544098],[1.87221235000004,53.0839330310001],[1.87082342800005,53.0839330160001],[1.87082338400006,53.085321949],[1.86804553900004,53.085321918],[1.86804536500006,53.0908776530001],[1.88193458800004,53.090877811],[1.88193467600007,53.088099943],[1.88749036500008,53.088100007],[1.89304605400002,53.0881000700001],[1.89304614200006,53.085322202],[1.89860183200005,53.085322266],[1.89860200600003,53.0797665320001],[1.90415769600003,53.0797665950001],[1.90415778300007,53.0769887280001],[1.90971347200002,53.0769887910001],[1.90971373300005,53.068655189],[1.91249157800007,53.06865522],[1.91249175300004,53.063099487],[1.91526959800007,53.0630995180001],[1.91526968500006,53.060321651],[1.92082537400006,53.0603217140001],[1.92082546100005,53.057543847],[1.92360330600008,53.057543878],[1.92360334900008,53.0561549450001],[1.92360356700004,53.049210277],[1.90693649800005,53.0492100880001],[1.90693641100006,53.0519879550001],[1.90138072200006,53.0519878920001],[1.90138054800002,53.0575436250001],[1.89582485800003,53.057543562],[1.89582468400005,53.0630992970001],[1.89026899500004,53.063099234]]],"type":"Polygon"},"properties":{"determination_status":"CURRENT","field_no":"096","match_method":null,"matched_pprs_field":null,"matched_pprs_slug":null,"polygon_field_name":"Della"},"type":"Feature"},{"geometry":{"coordinates":[[[1.61502511900005,59.2327561560001],[1.66502652700007,59.23275677],[1.66503118500003,59.1327530090001],[1.64836404900007,59.1327528050001],[1.64836482300007,59.116085513],[1.59836341900007,59.1160849],[1.59835876200003,59.216088658],[1.61502589800006,59.216088863],[1.61502511900005,59.2327561560001]]],"type":"Polygon"},"properties":{"determination_status":"CURRENT","field_no":"332","match_method":"normalized","matched_pprs_field":"DEVENICK","matched_pprs_slug":"devenick","polygon_field_name":"Devenick"},"type":"Feature"},{"geometry":{"coordinates":[[[1.54824967800005,61.349503473],[1.50102607200006,61.3495031800001],[1.50102422100002,61.3828375240001],[1.53158069300002,61.3828379080001],[1.53158092100006,61.3786710780001],[1.53713664400004,61.378671147],[1.53713679500004,61.3758932600001],[1.53991465700005,61.3758932950001],[1.53991473200006,61.374504351],[1.54324816600007,61.3745043930001],[1.54324839300006,61.370337562],[1.54824854300006,61.370337625],[1.54824967800005,61.349503473]]],"type":"Polygon"},"properties":{"determination_status":"CURRENT","field_no":"048","match_method":"normalized","matched_pprs_field":"DEVERON","matched_pprs_slug":"deveron","polygon_field_name":"Deveron"},"type":"Feature"},{"geometry":{"coordinates":[[[1.51490728100003,61.4967310740001],[1.54824161900007,61.496731493],[1.54824215400004,61.4870088870001],[1.56907611500003,61.4870091490001],[1.56907748800006,61.4620081640001],[1.56324397900005,61.46200809],[1.56324512200007,61.441173936],[1.53157750200006,61.441173538],[1.53157613000008,61.4661745240001],[1.51907575300004,61.4661743660001],[1.51907529500005,61.4745080280001],[1.50657491900006,61.4745078710001],[1.50657446100007,61.4828415320001],[1.51490804600007,61.482841637],[1.51490728100003,61.4967310740001]]],"type":"Polygon"},"properties":{"determination_status":"CURRENT","field_no":"425","match_method":"normalized","matched_pprs_field":"DON SOUTH WEST","matched_pprs_slug":"don-south-west","polygon_field_name":"Don South West"},"type":"Feature"},{"geometry":{"coordinates":[[[0.798374417000048,58.39104809],[0.848375773000043,58.391048707],[0.848375897000039,58.388270827],[0.931711491000044,58.388271854],[0.931711864000022,58.379938214],[0.923378304000039,58.3799381110001],[0.923378428000035,58.3771602310001],[0.909489163000046,58.3771600600001],[0.909489907000022,58.3604927790001],[0.898378494000042,58.3604926420001],[0.89837880400006,58.3535479430001],[0.826154625000072,58.3535470520001],[0.826154439000049,58.357713871],[0.815043027000058,58.3577137340001],[0.815042530000028,58.3688252540001],[0.809486824000032,58.368825186],[0.809486700000036,58.371603066],[0.798375288000045,58.3716029290001],[0.798374417000048,58.39104809]]],"type":"Polygon"},"properties":{"determination_status":"CURRENT","field_no":"121","match_method":"normalized","matched_pprs_field":"DONAN","matched_pprs_slug":"donan","polygon_field_name":"Donan"},"type":"Feature"},{"geometry":{"coordinates":[[[-3.58487255999995,53.5241596390001],[-3.58487324599997,53.543604701],[-3.59320676299996,53.5436045960001],[-3.59320744899998,53.56304966],[-3.56542905999993,53.5630500070001],[-3.56542876599997,53.554716409],[-3.55709524999997,53.5547165130001],[-3.55709505399994,53.5491607810001],[-3.55153937599994,53.5491608500001],[-3.55153917999996,53.5436051180001],[-3.54598350199996,53.5436051870001],[-3.54598193699997,53.499159331],[-3.58209384199995,53.499158879],[-3.58209393999994,53.5019367460001],[-3.58209472199997,53.524159673],[-3.58487255999995,53.5241596390001]]],"type":"Polygon"},"properties":{"determination_status":"CURRENT","field_no":"164","match_method":"normalized","matched_pprs_field":"DOUGLAS","matched_pprs_slug":"douglas","polygon_field_name":"Douglas"},"type":"Feature"},{"geometry":{"coordinates":[[[-3.58487255999995,53.5241596390001],[-3.58209472199997,53.524159673],[-3.58209393999994,53.5019367460001],[-3.59042745599993,53.501936641],[-3.59042823799996,53.5241595690001],[-3.59598391499998,53.5241595000001],[-3.59598411099995,53.5297152320001],[-3.59320627299996,53.529715267],[-3.59320676299996,53.5436045960001],[-3.58487324599997,53.543604701],[-3.58487255999995,53.5241596390001]]],"type":"Polygon"},"properties":{"determination_status":"CURRENT","field_no":"355","match_method":"normalized","matched_pprs_field":"DOUGLAS WEST","matched_pprs_slug":"douglas-west","polygon_field_name":"Douglas West"},"type":"Feature"},{"geometry":{"coordinates":[[[1.89842517200003,57.9132662000001],[1.89009161200005,57.9132660990001],[1.89009167100005,57.9118771600001],[1.86509099000006,57.911876858],[1.83175674800003,57.9118764560001],[1.83175568200005,57.93687737],[1.85258958400004,57.9368776220001],[1.85258976200004,57.932710802],[1.86231224800002,57.932710919],[1.86509010200007,57.9327109530001],[1.87342366200005,57.932711053],[1.87342384000004,57.9285442350001],[1.89009096100006,57.928544436],[1.89009113900005,57.9243776170001],[1.89842469900003,57.924377717],[1.89842517200003,57.9132662000001]]],"type":"Polygon"},"properties":{"determination_status":"CURRENT","field_no":"173","match_method":"normalized","matched_pprs_field":"DRAKE","matched_pprs_slug":"drake","polygon_field_name":"Drake"},"type":"Feature"},{"geometry":{"coordinates":[[[-0.101649014999964,58.3743696110001],[-0.0905376079999769,58.37436975],[-0.0905377339999518,58.3771476300001],[-0.073870622999948,58.377147839],[-0.0738704959999268,58.374369959],[-0.0349805699999592,58.3743704460001],[-0.0349794369999472,58.3493695290001],[-0.0960921759999565,58.349368763],[-0.0960929319999764,58.3660360420001],[-0.101648635999936,58.3660359720001],[-0.101649014999964,58.3743696110001]]],"type":"Polygon"},"properties":{"determination_status":"CURRENT","field_no":"426","match_method":"normalized","matched_pprs_field":"DUART","matched_pprs_slug":"duart","polygon_field_name":"Duart"},"type":"Feature"},{"geometry":{"coordinates":[[[1.58161855500003,60.69947849],[1.61495287000002,60.6994789060001],[1.61495373400004,60.6828115920001],[1.62328731200006,60.6828116950001],[1.62328745600007,60.680033811],[1.63162103500002,60.680033914],[1.63162117800005,60.677256029],[1.63995475800004,60.6772561320001],[1.63995504500002,60.671700361],[1.64551076400005,60.67170043],[1.64551090700007,60.6689225440001],[1.64828876700005,60.6689225790001],[1.64828891100007,60.6661446940001],[1.65662248900003,60.6661447980001],[1.65662292000007,60.65781114],[1.66495649900003,60.6578112440001],[1.66495664200005,60.6550333590001],[1.67606808000005,60.6550334980001],[1.67606822400006,60.652255612],[1.68162394200004,60.652255681],[1.68162408500007,60.6494777950001],[1.68717980500003,60.6494778640001],[1.68717994800005,60.6466999790001],[1.69273566700002,60.6467000480001],[1.69273581000004,60.6439221620001],[1.69829153000006,60.643922231],[1.69829167300003,60.641144346],[1.70940311100003,60.6411444840001],[1.70940439900005,60.616143515],[1.71496011800002,60.616143584],[1.71496097600004,60.5994762710001],[1.73162813100004,60.599476478],[1.73162984300006,60.566141853],[1.69829553100004,60.566141439],[1.69829723900006,60.5328068150001],[1.68163008300007,60.5328066070001],[1.68163093600003,60.5161392970001],[1.64829662600005,60.5161388820001],[1.64829577300003,60.5328061930001],[1.63162861800004,60.532805986],[1.63162519400004,60.5994752340001],[1.62051375700003,60.599475096],[1.62051332800007,60.607808752],[1.60384617200003,60.6078085440001],[1.60384531300002,60.624475857],[1.59828959400005,60.624475788],[1.59828801500004,60.655032529],[1.58162085900005,60.6550323210001],[1.58161855500003,60.69947849]]],"type":"Polygon"},"properties":{"determination_status":"CURRENT","field_no":"142","match_method":"normalized","matched_pprs_field":"DUNBAR","matched_pprs_slug":"dunbar","polygon_field_name":"Dunbar"},"type":"Feature"},{"geometry":{"coordinates":[[[1.58448564700007,58.86607537],[1.58170779200003,58.8660753360001],[1.58170855200007,58.8494080470001],[1.51781788600005,58.8494072650001],[1.51781763200006,58.854963028],[1.49837264800004,58.8549627900001],[1.49837252100002,58.8577406700001],[1.49003895600003,58.8577405680001],[1.49003857500003,58.866074213],[1.48448286500007,58.866074145],[1.48448197600004,58.8855193150001],[1.49003768600005,58.885519383],[1.49003730500004,58.893853027],[1.49837086900004,58.893853129],[1.49837074200002,58.8966310110001],[1.51503787300004,58.8966312150001],[1.51503774600008,58.899409097],[1.59837340100006,58.899410118],[1.59837365500005,58.893854355],[1.60360990200007,58.8938460100001],[1.59770622200006,58.8716301750001],[1.58448539400007,58.8716311330001],[1.58448564700007,58.86607537]]],"type":"Polygon"},"properties":{"determination_status":"CURRENT","field_no":"093","match_method":"normalized","matched_pprs_field":"EAST BRAE","matched_pprs_slug":"east-brae","polygon_field_name":"East Brae"},"type":"Feature"},{"geometry":{"coordinates":[[[2.86528821100006,53.2075593550001],[2.86528769200004,53.2242265630001],[2.86250984600002,53.224226532],[2.86250958700003,53.232560135],[2.85695389400007,53.2325600730001],[2.85695363500002,53.2408936780001],[2.84028655900005,53.2408934910001],[2.84028629900007,53.249227094],[2.85973122100006,53.2492273130001],[2.85973130800005,53.2464494440001],[2.86250915400007,53.2464494750001],[2.86250924100005,53.2436716070001],[2.87084277900004,53.243671701],[2.87084295200003,53.2381159650001],[2.87639864400006,53.238116027],[2.87639890400004,53.2297824240001],[2.88195459500002,53.229782486],[2.88195476800007,53.2242267500001],[2.88751046100003,53.224226812],[2.88751063400002,53.2186710760001],[2.89028848000004,53.218671107],[2.89028882500003,53.2075596350001],[2.89584451700006,53.2075596970001],[2.89584468900006,53.202003962],[2.89862253600006,53.2020039930001],[2.89862279400006,53.193670389],[2.88195571800003,53.1936702020001],[2.88195554500004,53.199225938],[2.86945523800006,53.199225798],[2.86945497900007,53.2075594020001],[2.86528821100006,53.2075593550001]]],"type":"Polygon"},"properties":{"determination_status":"CURRENT","field_no":"206","match_method":"normalized","matched_pprs_field":"EAST SEAN","matched_pprs_slug":"east-sean","polygon_field_name":"East Sean"},"type":"Feature"},{"geometry":{"coordinates":[[[-2.27267086699993,60.936937963],[-2.24767017699997,60.9369382950001],[-2.24767134999996,60.9577724310001],[-2.23100422299996,60.9577726530001],[-2.23100469199994,60.9661063090001],[-2.21017078199998,60.9661065860001],[-2.21016960999998,60.9452724490001],[-2.20183604699997,60.94527256],[-2.20183370699993,60.9036042880001],[-2.24766830499993,60.9036036780001],[-2.24766877199994,60.911937332],[-2.27266946199995,60.911936999],[-2.27267086699993,60.936937963]]],"type":"Polygon"},"properties":{"determination_status":"CURRENT","field_no":"536","match_method":"normalized","matched_pprs_field":"EDRADOUR","matched_pprs_slug":"edradour","polygon_field_name":"Edradour"},"type":"Feature"},{"geometry":{"coordinates":[[[1.74845270200007,57.1535146510001],[1.74428592400005,57.153514601],[1.74428586800002,57.1549035400001],[1.74289694200007,57.154903523],[1.74289688500005,57.1562924610001],[1.74150796000004,57.156292444],[1.74150790400006,57.1576813830001],[1.73178542200003,57.157681267],[1.73178525300006,57.1618480830001],[1.71511814300004,57.1618478830001],[1.71511695700002,57.191015598],[1.77761862300002,57.1910163470001],[1.77762014600006,57.1535150010001],[1.76928659000004,57.1535149010001],[1.76928664600007,57.1521259620001],[1.74845275800004,57.152125712],[1.74845270200007,57.1535146510001]]],"type":"Polygon"},"properties":{"determination_status":"CURRENT","field_no":"230","match_method":"normalized","matched_pprs_field":"EGRET","matched_pprs_slug":"egret","polygon_field_name":"Egret"},"type":"Feature"},{"geometry":{"coordinates":[[[1.13157146700007,61.3328309010001],[1.12323788600003,61.3328307950001],[1.12323605800003,61.3661654380001],[1.13156963900002,61.3661655440001],[1.13156941000005,61.370332374],[1.14406978300002,61.3703325320001],[1.14406840900006,61.3953335140001],[1.16906915500005,61.39533383],[1.16906961300003,61.3870001700001],[1.17323640400002,61.387000222],[1.17323686200007,61.378666562],[1.17740365300006,61.378666615],[1.17740571000007,61.341165141],[1.16907212800004,61.3411650360001],[1.16907235600007,61.336998205],[1.16490556600007,61.3369981530001],[1.16490602200003,61.328664492],[1.16073923100004,61.3286644400001],[1.16073945900007,61.324497609],[1.15657266800002,61.324497556],[1.15657289600006,61.3203307260001],[1.13157215100006,61.3203304100001],[1.13157146700007,61.3328309010001]]],"type":"Polygon"},"properties":{"determination_status":"CURRENT","field_no":"069","match_method":"normalized","matched_pprs_field":"EIDER","matched_pprs_slug":"eider","polygon_field_name":"Eider"},"type":"Feature"},{"geometry":{"coordinates":[[[1.80957221600005,56.9854538070001],[1.80679436400004,56.9854537730001],[1.80679414100007,56.9910095280001],[1.80123843900003,56.9910094620001],[1.80123832700002,56.9937873380001],[1.79846047600006,56.9937873050001],[1.79846036400005,56.996565182],[1.79845924900008,57.0243439540001],[1.87623909300004,57.024344883],[1.87623931600007,57.018789128],[1.88179501900004,57.0187891950001],[1.88179524200007,57.0132334410001],[1.88735094600003,57.0132335070001],[1.88735116800007,57.0076777520001],[1.89568472300004,57.007677852],[1.89568483400006,57.0048999750001],[1.90124053800002,57.004900042],[1.90124165000003,56.9771212700001],[1.85124032200002,56.9771206730001],[1.85124021100006,56.9798985510001],[1.82068384400003,56.9798981860001],[1.82068395600004,56.977120309],[1.80957255000004,56.977120176],[1.80957221600005,56.9854538070001]]],"type":"Polygon"},"properties":{"determination_status":"CURRENT","field_no":"244","match_method":"normalized","matched_pprs_field":"ELGIN","matched_pprs_slug":"elgin","polygon_field_name":"Elgin"},"type":"Feature"},{"geometry":{"coordinates":[[[1.31802525200004,53.307545003],[1.37635998600007,53.307545675],[1.37636052100004,53.290878471],[1.36802698700006,53.290878375],[1.36802707600003,53.2881005070001],[1.36247138800007,53.2881004430001],[1.36247156600007,53.2825447070001],[1.32913743300003,53.2825443230001],[1.32913707600005,53.293655793],[1.32358138700005,53.2936557290001],[1.32358129800002,53.296433597],[1.31802560900007,53.296433533],[1.31802525200004,53.307545003]]],"type":"Polygon"},"properties":{"determination_status":"CURRENT","field_no":"597","match_method":"normalized","matched_pprs_field":"ELGOOD","matched_pprs_slug":"elgood","polygon_field_name":"Elgood"},"type":"Feature"},{"geometry":{"coordinates":[[[1.80663090800005,60.588365868],[1.80107519000006,60.588365799],[1.80107490500006,60.593921569],[1.79551918500005,60.5939215000001],[1.79551861500005,60.605033043],[1.78996289600002,60.605032974],[1.78996161100002,60.6300339430001],[1.80662876800005,60.63003415],[1.80662805300005,60.6439235770001],[1.82607307200004,60.6439238190001],[1.82607464300003,60.6133670780001],[1.83163036100007,60.6133671470001],[1.83163078900003,60.605033491],[1.83718650900005,60.60503356],[1.83718679400005,60.5994777880001],[1.84274251200003,60.5994778570001],[1.84274393600003,60.5716990020001],[1.82052106000003,60.5716987270001],[1.82052077500003,60.5772544980001],[1.81218719700007,60.5772543950001],[1.81218691200007,60.5828101650001],[1.80663119300004,60.5828100960001],[1.80663090800005,60.588365868]]],"type":"Polygon"},"properties":{"determination_status":"CURRENT","field_no":"178","match_method":"normalized","matched_pprs_field":"ELLON","matched_pprs_slug":"ellon","polygon_field_name":"Ellon"},"type":"Feature"},{"geometry":{"coordinates":[[[1.50393756700004,58.664678693],[1.54004825800007,58.6646795680001],[1.54005066500002,58.657733019],[1.54128162400002,58.6577331390001],[1.53323580100005,58.627176191],[1.50116034900003,58.6271768880001],[1.50116068600005,58.6299554460001],[1.49004975100007,58.629955398],[1.49004926700007,58.6327323690001],[1.48171559200006,58.632731995],[1.48171434100004,58.66051114],[1.50393472100006,58.660511022],[1.50393756700004,58.664678693]]],"type":"Polygon"},"properties":{"determination_status":"CURRENT","field_no":"399","match_method":"normalized","matched_pprs_field":"ENOCH","matched_pprs_slug":"enoch","polygon_field_name":"Enoch"},"type":"Feature"},{"geometry":{"coordinates":[[[1.54128162400002,58.6577331390001],[1.56227277900007,58.6577351920001],[1.56227181700007,58.652177513],[1.57616188600002,58.6521778960001],[1.57616101300005,58.6410677430001],[1.56227310300005,58.6410676830001],[1.56227301500007,58.6327340240001],[1.53727223100003,58.632732301],[1.53727161300003,58.6271761040001],[1.53323580100005,58.627176191],[1.54128162400002,58.6577331390001]]],"type":"Polygon"},"properties":{"determination_status":"CURRENT","field_no":" ","match_method":null,"matched_pprs_field":null,"matched_pprs_slug":null,"polygon_field_name":"Enoch (Norway)"},"type":"Feature"},{"geometry":{"coordinates":[[[0.840059879000023,57.991033938],[0.88172766200006,57.99103445],[0.881728750000036,57.966033538],[0.848394524000071,57.966033128],[0.848394161000044,57.9743667650001],[0.840060605000076,57.9743666630001],[0.840059879000023,57.991033938]]],"type":"Polygon"},"properties":{"determination_status":"CURRENT","field_no":"544","match_method":"normalized","matched_pprs_field":"ENOCHDHU","matched_pprs_slug":"enochdhu","polygon_field_name":"Enochdhu"},"type":"Feature"},{"geometry":{"coordinates":[[[0.523543561000054,53.8603314980001],[0.559655538000072,53.860331923],[0.559655725000027,53.854776185],[0.570767103000037,53.854776316],[0.570767383000032,53.8464427100001],[0.581878761000041,53.8464428410001],[0.581879227000059,53.832553498],[0.598546294000073,53.8325536940001],[0.598546574000068,53.8242200880001],[0.60965795200002,53.824220219],[0.609658231000026,53.815886613],[0.615213920000031,53.8158866790001],[0.615214107000043,53.8103309410001],[0.620769795000058,53.8103310060001],[0.620769981000024,53.8047752700001],[0.626325671000075,53.804775335],[0.626325764000057,53.801997466],[0.631881452000073,53.801997531],[0.631881731000021,53.793663925],[0.606881132000069,53.7936636310001],[0.606880946000047,53.7992193690001],[0.598547413000063,53.799219271],[0.59854722700004,53.8047750090001],[0.567990938000037,53.8047746490001],[0.567990752000071,53.810330386],[0.556879375000051,53.8103302550001],[0.556879188000039,53.8158859930001],[0.545767811000076,53.8158858620001],[0.545767624000064,53.8214415990001],[0.534656247000044,53.821441468],[0.534656061000021,53.826997206],[0.523544683000068,53.8269970750001],[0.523543561000054,53.8603314980001]]],"type":"Polygon"},"properties":{"determination_status":"CURRENT","field_no":"465","match_method":"normalized","matched_pprs_field":"ERIS","matched_pprs_slug":"eris","polygon_field_name":"Eris"},"type":"Feature"},{"geometry":{"coordinates":[[[2.04846490000006,57.0493478320001],[2.04846423100003,57.066015097],[2.05263101000003,57.066015146],[2.05263117700002,57.06184833],[2.06096473200006,57.0618484290001],[2.06096489900006,57.0576816130001],[2.07346523300004,57.057681761],[2.07346540000003,57.0535149460001],[2.09429928900005,57.0535151940001],[2.09429945600004,57.049348378],[2.09846623500005,57.049348427],[2.09846690200004,57.0326811630001],[2.08179979000005,57.0326809650001],[2.08180012300005,57.024347333],[2.07346656800007,57.0243472340001],[2.07346690100007,57.016013603],[2.06513334600004,57.0160135030001],[2.06513367900004,57.0076798710001],[2.06096690100003,57.0076798210001],[2.06096706800002,57.003513006],[2.05680029000007,57.0035129570001],[2.05680045600008,56.999346141],[2.04013334600006,56.999345942],[2.04013317900007,57.0035127580001],[2.02763284600007,57.003512609],[2.02763268000007,57.007679425],[2.02346590200005,57.0076793750001],[2.02346523500006,57.024346639],[2.01929845700005,57.0243465890001],[2.01929829000005,57.0285134050001],[2.01513151300003,57.0285133560001],[2.01513067800005,57.0493474350001],[2.04846490000006,57.0493478320001]]],"type":"Polygon"},"properties":{"determination_status":"CURRENT","field_no":"220","match_method":"normalized","matched_pprs_field":"ERSKINE","matched_pprs_slug":"erskine","polygon_field_name":"Erskine"},"type":"Feature"},{"geometry":{"coordinates":[[[0.798431559000051,57.057666413],[0.827598988000034,57.057666768],[0.827598817000023,57.0618335830001],[0.869266573000061,57.06183409],[0.869267766000064,57.032666383],[0.873434542000041,57.032666433],[0.873435223000058,57.0159991730001],[0.798433265000028,57.015998261],[0.798431559000051,57.057666413]]],"type":"Polygon"},"properties":{"determination_status":"CURRENT","field_no":"603","match_method":"normalized","matched_pprs_field":"EVELYN","matched_pprs_slug":"evelyn","polygon_field_name":"Evelyn"},"type":"Feature"},{"geometry":{"coordinates":[[[1.83175952300007,57.8465962930001],[1.86509376300006,57.8465966950001],[1.86509435100004,57.832707299],[1.88176147000007,57.8327075],[1.88176217600005,57.816040226],[1.89842929600007,57.8160404270001],[1.89842964800005,57.8077067890001],[1.91509676800007,57.8077069890001],[1.91509782300005,57.782706078],[1.90815318900007,57.7827059940001],[1.90815424300007,57.7577050830001],[1.92343243600004,57.7577052670001],[1.92343278600003,57.74937163],[1.93176634500003,57.7493717300001],[1.93176704600006,57.7327044560001],[1.92343348700007,57.7327043560001],[1.92343383700006,57.7243707200001],[1.91510027800007,57.7243706200001],[1.91510062800006,57.716036983],[1.89843350900003,57.716036783],[1.89843385900002,57.707703145],[1.87343318200004,57.707702845],[1.87343353200004,57.6993692090001],[1.86509997300004,57.699369108],[1.86510084700006,57.678535018],[1.81926494000004,57.678534466],[1.81926679800006,57.6660340120001],[1.79843290200006,57.6660337610001],[1.79843377500003,57.6451996700001],[1.73593208800003,57.6451989170001],[1.73593121400006,57.6660330080001],[1.68176308500006,57.666032354],[1.68176133200006,57.7077005350001],[1.69842844900006,57.707700736],[1.69842669100007,57.7493689190001],[1.72342736700006,57.7493692210001],[1.72342666300005,57.766036494],[1.74009378100004,57.7660366960001],[1.74009307700004,57.7827039690001],[1.74842663500004,57.782704069],[1.74842628300007,57.791037707],[1.75675984200006,57.7910378080001],[1.75675948900005,57.799371444],[1.78176016600003,57.7993717460001],[1.78175963700005,57.8118722020001],[1.80259353600007,57.811872453],[1.80259318300006,57.8202060900001],[1.81092674300004,57.8202061900001],[1.81092639000002,57.828539828],[1.82342672900006,57.828539979],[1.82342655200006,57.8327067970001],[1.83176011200004,57.832706898],[1.83175952300007,57.8465962930001]]],"type":"Polygon"},"properties":{"determination_status":"CURRENT","field_no":"130","match_method":"normalized","matched_pprs_field":"EVEREST","matched_pprs_slug":"everest","polygon_field_name":"Everest"},"type":"Feature"},{"geometry":{"coordinates":[[[1.23468330700007,53.511717323],[1.29024020100007,53.511717966],[1.29024047200005,53.5033843620001],[1.31107430700007,53.503384603],[1.31107457800005,53.4950509980001],[1.32774164700004,53.4950511910001],[1.32774191800007,53.486717587],[1.34440898500003,53.48671778],[1.34440930100004,53.476995242],[1.43607817900005,53.4769963000001],[1.43607840400006,53.4700516300001],[1.44857870600003,53.4700517740001],[1.44857951500006,53.445050962],[1.44441274700006,53.445050914],[1.44441315100005,53.4325505080001],[1.43191285000006,53.4325503640001],[1.43191298500005,53.4283835630001],[1.42219052800004,53.4283834510001],[1.42219048300007,53.429772385],[1.41941263800004,53.429772353],[1.41941259400005,53.4311612860001],[1.41107906000002,53.4311611900001],[1.41107901500004,53.432550124],[1.34718858700006,53.4325493870001],[1.34718818200002,53.4450497920001],[1.33607680300003,53.4450496640001],[1.33607657800007,53.4519943340001],[1.32774304500003,53.4519942380001],[1.32774295500008,53.4547721060001],[1.31940942000006,53.4547720100001],[1.31940933000004,53.4575498770001],[1.30690902900005,53.4575497320001],[1.30690893900004,53.4603276010001],[1.29440863800005,53.4603274560001],[1.29440832200004,53.4700499940001],[1.27357448800007,53.4700497530001],[1.27357421700003,53.478383357],[1.26524068300006,53.478383261],[1.26524000600006,53.4992172710001],[1.23468371400003,53.4992169170001],[1.23468330700007,53.511717323]]],"type":"Polygon"},"properties":{"determination_status":"CURRENT","field_no":"158","match_method":"normalized","matched_pprs_field":"EXCALIBUR","matched_pprs_slug":"excalibur","polygon_field_name":"Excalibur"},"type":"Feature"},{"geometry":{"coordinates":[[[0.98156632000007,61.3453294920001],[1.01490064500007,61.345329914],[1.01490224500003,61.3161621040001],[1.00656866400004,61.316161998],[1.00656957700005,61.299494677],[0.981568835000076,61.29949436],[0.98156632000007,61.3453294920001]]],"type":"Polygon"},"properties":{"determination_status":"CURRENT","field_no":"495","match_method":"normalized","matched_pprs_field":"FALCON","matched_pprs_slug":"falcon","polygon_field_name":"Falcon"},"type":"Feature"},{"geometry":{"coordinates":[[[1.47340232400006,58.185492212],[1.53173680500004,58.1854950150001],[1.53173807200005,58.1771600960001],[1.55118199300006,58.177159708],[1.55118192200007,58.15771462],[1.56507194100004,58.1577169400001],[1.56507341400004,58.1354916720001],[1.54284963400005,58.1354921430001],[1.54284943900007,58.1327152760001],[1.48451546000007,58.132713385],[1.48451373300003,58.1466036090001],[1.48173693600006,58.146602349],[1.48173644100007,58.1604911920001],[1.47062400400006,58.160491592],[1.47062366600005,58.177160219],[1.47340227000007,58.1771590110001],[1.47340232400006,58.185492212]]],"type":"Polygon"},"properties":{"determination_status":"CURRENT","field_no":"389","match_method":"normalized","matched_pprs_field":"FARRAGON","matched_pprs_slug":"farragon","polygon_field_name":"Farragon"},"type":"Feature"},{"geometry":{"coordinates":[[[0.873394106000035,57.991034347],[0.931729005000022,57.9910350640001],[0.931730815000037,57.9493668760001],[0.890063031000068,57.9493663650001],[0.890063755000028,57.93269909],[0.831728859000066,57.932698374],[0.831727410000042,57.966032924],[0.866004982000049,57.9660344340001],[0.865061297000068,57.973866952],[0.881728409000061,57.973867156],[0.881728025000029,57.9827008120001],[0.873394469000061,57.982700709],[0.873394106000035,57.991034347]]],"type":"Polygon"},"properties":{"determination_status":"CURRENT","field_no":"588","match_method":"normalized","matched_pprs_field":"FINLAGGAN","matched_pprs_slug":"finlaggan","polygon_field_name":"Finlaggan"},"type":"Feature"},{"geometry":{"coordinates":[[[1.38576669100007,61.2536643330001],[1.39825039600004,61.2536644900001],[1.39825084800003,61.2453308290001],[1.39408405600005,61.245330777],[1.39408450800005,61.236997117],[1.38991771800005,61.236997064],[1.38991794300006,61.2328302340001],[1.36491719800006,61.23282992],[1.36491652100005,61.2453304100001],[1.37741689300003,61.2453305670001],[1.37741666800002,61.2494973980001],[1.38576691700007,61.249497503],[1.38576669100007,61.2536643330001]]],"type":"Polygon"},"properties":{"determination_status":"CURRENT","field_no":"519","match_method":"normalized","matched_pprs_field":"FIONN","matched_pprs_slug":"fionn","polygon_field_name":"Fionn"},"type":"Feature"},{"geometry":{"coordinates":[[[1.79674976400003,58.0527145230001],[1.82647279900004,58.052714882],[1.83425114700003,58.0443813370001],[1.83425168400004,58.031880879],[1.83841846500007,58.0318809290001],[1.83842060800004,57.981879097],[1.84258738900007,57.9818791480001],[1.84258774500006,57.9735455100001],[1.85092130500004,57.97354561],[1.85092272900005,57.9402110560001],[1.86342307000007,57.9402112070001],[1.86342484500005,57.8985430180001],[1.84675772400004,57.8985428170001],[1.84675843300005,57.8818755410001],[1.82175775300004,57.8818752390001],[1.82175739800005,57.890208876],[1.81342383900005,57.8902087760001],[1.81342348400005,57.8985424140001],[1.80092314400002,57.8985422630001],[1.80092296700002,57.9027090820001],[1.79258940700004,57.902708981],[1.79258922900004,57.9068758000001],[1.78425566900006,57.9068757000001],[1.78425460200003,57.931876614],[1.76758748300006,57.9318764120001],[1.76758391400006,58.0152127950001],[1.78008425500002,58.0152129470001],[1.79674976400003,58.0527145230001]]],"type":"Polygon"},"properties":{"determination_status":"CURRENT","field_no":"172","match_method":null,"matched_pprs_field":null,"matched_pprs_slug":null,"polygon_field_name":"Flemming"},"type":"Feature"},{"geometry":{"coordinates":[[[2.61183054600002,56.594337571],[2.65683369600004,56.558888944],[2.65683406200003,56.549337188],[2.63183339300002,56.5493368950001],[2.63183349900004,56.546559017],[2.56516506100007,56.5465582360001],[2.56516431100005,56.566003365],[2.54849720800007,56.5660031690001],[2.54849608400002,56.5951708810001],[2.61143240100006,56.59517162],[2.61183054600002,56.594337571]]],"type":"Polygon"},"properties":{"determination_status":"CURRENT","field_no":"508","match_method":"normalized","matched_pprs_field":"FLYNDRE","matched_pprs_slug":"flyndre","polygon_field_name":"Flyndre"},"type":"Feature"},{"geometry":{"coordinates":[[[-4.22685408299998,60.2952204870001],[-4.28518893099994,60.295219692],[-4.28518800899997,60.2785523970001],[-4.40185769899995,60.2785508050001],[-4.40185954699996,60.311885396],[-4.38102567399994,60.31188568],[-4.38102659999993,60.3285529760001],[-4.36435949999998,60.3285532040001],[-4.36436112199993,60.357720972],[-4.34769402199993,60.3577212000001],[-4.34769448599997,60.3660548490001],[-4.32686061199996,60.366055133],[-4.32686107599994,60.3743887810001],[-4.29352687599993,60.3743892360001],[-4.29352664399994,60.370222412],[-4.26435921799992,60.37022281],[-4.26435829199994,60.353555514],[-4.25185796699998,60.3535556840001],[-4.25185773499993,60.34938886],[-4.19352288399995,60.349389655],[-4.16852223199993,60.3493899950001],[-4.16852130799998,60.3327226980001],[-4.16852084699997,60.32438905],[-4.18518794599993,60.324388823],[-4.18518702399996,60.3077215270001],[-4.16851992399995,60.3077217540001],[-4.16851923299993,60.2952212810001],[-4.15185213199993,60.2952215080001],[-4.15185052299995,60.2660537410001],[-4.20185182199998,60.26605306],[-4.20185274199997,60.282720356],[-4.22685339199995,60.2827200150001],[-4.22685408299998,60.2952204870001]]],"type":"Polygon"},"properties":{"determination_status":"CURRENT","field_no":"207","match_method":"normalized","matched_pprs_field":"FOINAVEN","matched_pprs_slug":"foinaven","polygon_field_name":"Foinaven"},"type":"Feature"},{"geometry":{"coordinates":[[[0.827567844000043,57.799360139],[0.873402399000042,57.7993607010001],[0.873402758000054,57.791027065],[0.898403425000026,57.791027371],[0.898403783000049,57.7826937350001],[0.915070894000053,57.7826939390001],[0.915071073000036,57.7785271210001],[0.923404629000061,57.7785272230001],[0.923404807000054,57.774360405],[0.931738363000022,57.774360507],[0.931738542000062,57.7701936890001],[0.948405653000066,57.7701938930001],[0.948405832000049,57.7660270750001],[0.973406500000067,57.7660273810001],[0.97340667800006,57.761860563],[0.981740234000029,57.761860665],[0.981740412000022,57.7576938460001],[0.990073968000047,57.7576939480001],[0.99007414700003,57.7535271310001],[0.994240924000053,57.753527182],[0.994241102000046,57.749360364],[0.998407880000059,57.7493604150001],[0.998408593000022,57.7326931430001],[1.04007637300003,57.7326936520001],[1.04007655000004,57.728526834],[1.05674366200003,57.728527038],[1.05674383900003,57.7243602200001],[1.06091061800004,57.7243602710001],[1.06091097300003,57.716026635],[1.06507775100005,57.7160266860001],[1.06507863800005,57.695192596],[1.05674508200002,57.6951924950001],[1.05674525900002,57.691025677],[1.04841170400005,57.6910255760001],[1.04841188100005,57.686858758],[1.04424510300004,57.6868587070001],[1.04424528000004,57.6826918890001],[1.01507783600005,57.6826915330001],[1.01507765900004,57.6868583510001],[1.00674410300007,57.6868582490001],[1.00674392500002,57.6910250670001],[0.998410370000045,57.6910249650001],[0.998410015000047,57.6993586],[0.881740240000056,57.6993571740001],[0.88174095100004,57.682689903],[0.848406731000068,57.682689495],[0.848406020000027,57.6993567660001],[0.785904358000039,57.6993560000001],[0.785904180000045,57.7035228180001],[0.781737402000033,57.703522767],[0.781736867000063,57.7160232200001],[0.769236535000061,57.716023066],[0.769235284000047,57.74519079],[0.777568840000072,57.745190892],[0.777568482000049,57.7535245280001],[0.840070146000073,57.753525295],[0.840069431000074,57.770192566],[0.819235542000058,57.77019231],[0.819234825000024,57.7868595830001],[0.827568381000049,57.7868596850001],[0.827567844000043,57.799360139]]],"type":"Polygon"},"properties":{"determination_status":"CURRENT","field_no":"007","match_method":"normalized","matched_pprs_field":"FORTIES","matched_pprs_slug":"forties","polygon_field_name":"Forties"},"type":"Feature"},{"geometry":{"coordinates":[[[1.81496792700005,60.5411419150001],[1.83163297100003,60.541143312],[1.83163577600004,60.5328089270001],[1.83996770400006,60.5328090310001],[1.83996855400005,60.5161426400001],[1.84830249300006,60.5161415540001],[1.84830291800006,60.5078066900001],[1.85663711500007,60.507806918],[1.85663725300003,60.4994741560001],[1.88163765500002,60.499474938],[1.88163807900003,60.4911418570001],[1.88997278200003,60.491142063],[1.88997174900004,60.4661404500001],[1.83997117500007,60.466140705],[1.83997159100005,60.4744729820001],[1.83163798700002,60.4744728790001],[1.83163712900006,60.4828065340001],[1.82330350600006,60.482806431],[1.82330303300006,60.491139624],[1.81497030300005,60.4911394110001],[1.81496950400003,60.499473639],[1.80663436800006,60.499473536],[1.80663407000003,60.5328081820001],[1.81496811000005,60.5328095510001],[1.81496792700005,60.5411419150001]]],"type":"Polygon"},"properties":{"determination_status":"CURRENT","field_no":"393","match_method":null,"matched_pprs_field":null,"matched_pprs_slug":null,"polygon_field_name":"Forvie"},"type":"Feature"},{"geometry":{"coordinates":[[[1.46512346000003,56.8660009760001],[1.60679385500003,56.8660026750001],[1.60679418700005,56.857669044],[1.61512774100004,56.8576691440001],[1.61512872000003,56.8326693670001],[1.59012807900007,56.832667954],[1.59012874300004,56.8160006950001],[1.49012611400002,56.8159994970001],[1.49012578200006,56.8243331260001],[1.47345867700005,56.8243329260001],[1.47345834500004,56.832666556],[1.46512479300003,56.832666456],[1.46512346000003,56.8660009760001]]],"type":"Polygon"},"properties":{"determination_status":"CURRENT","field_no":"503","match_method":"normalized","matched_pprs_field":"FRAM","matched_pprs_slug":"fram","polygon_field_name":"Fram"},"type":"Feature"},{"geometry":{"coordinates":[[[1.93179879400003,56.9576764940001],[1.94013235000006,56.9576765940001],[1.94013268200007,56.949342963],[1.94846623700005,56.9493430620001],[1.94846723300003,56.9243421690001],[1.89429912900005,56.9243415240001],[1.89429946100006,56.916007893],[1.79846358900005,56.9160067490001],[1.79846292300005,56.93267401],[1.78596259200003,56.9326738610001],[1.78596225900003,56.941007493],[1.76790622400006,56.941007277],[1.76790522300007,56.9660081700001],[1.79568373800004,56.9660085020001],[1.79568362600003,56.9687863780001],[1.79846147800004,56.9687864110001],[1.79846142200006,56.97017535],[1.80401712600008,56.9701754160001],[1.80401707000004,56.9715643550001],[1.80679492100006,56.971564388],[1.80679480900005,56.9743422650001],[1.80957266100006,56.9743422990001],[1.80957255000004,56.977120176],[1.82068395600004,56.977120309],[1.82068384400003,56.9798981860001],[1.85124021100006,56.9798985510001],[1.85124032200002,56.9771206730001],[1.90124165000003,56.9771212700001],[1.90124176100005,56.974343393],[1.91513101900006,56.974343559],[1.91513135200006,56.9660099280001],[1.93179846100003,56.9660101260001],[1.93179879400003,56.9576764940001]]],"type":"Polygon"},"properties":{"determination_status":"CURRENT","field_no":"243","match_method":"normalized","matched_pprs_field":"FRANKLIN","matched_pprs_slug":"franklin","polygon_field_name":"Franklin"},"type":"Feature"},{"geometry":{"coordinates":[[[2.12626617000006,56.504884926],[2.19849029500006,56.5048857790001],[2.19849083100007,56.490996399],[2.19293512900003,56.490996334],[2.19293534300004,56.485440581],[2.18182393900003,56.4854404500001],[2.18182426100003,56.4771068220001],[2.17349070800003,56.4771067240001],[2.17349081500004,56.474328848],[2.15126800800005,56.4743285850001],[2.15126790100004,56.4771064620001],[2.14849005000002,56.4771064290001],[2.14848994300007,56.479884305],[2.14015639000007,56.4798842070001],[2.14015628300007,56.482662082],[2.13460058100003,56.4826620160001],[2.13460036600003,56.4882177690001],[2.13182251500007,56.4882177360001],[2.13182240800006,56.4909956120001],[2.12626670700007,56.4909955460001],[2.12626617000006,56.504884926]]],"type":"Polygon"},"properties":{"determination_status":"CURRENT","field_no":"028","match_method":"normalized","matched_pprs_field":"FULMAR","matched_pprs_slug":"fulmar","polygon_field_name":"Fulmar"},"type":"Feature"},{"geometry":{"coordinates":[[[0.687301545000025,57.442401067],[0.731747160000054,57.442401611],[0.731748387000039,57.413233894],[0.687302773000056,57.41323335],[0.687301545000025,57.442401067]]],"type":"Polygon"},"properties":{"determination_status":"CURRENT","field_no":"377","match_method":null,"matched_pprs_field":null,"matched_pprs_slug":null,"polygon_field_name":"Gadwell"},"type":"Feature"},{"geometry":{"coordinates":[[[2.65962498500005,56.2048806070001],[2.69295919800004,56.204880996],[2.69295940600006,56.1993252440001],[2.70407081100007,56.1993253740001],[2.70407060300005,56.204881125],[2.71518200700007,56.204881255],[2.71518252800007,56.190991877],[2.72073822900006,56.190991942],[2.72073885300006,56.1743246890001],[2.69296034300004,56.1743243650001],[2.69296023900006,56.1771022410001],[2.68740453800007,56.1771021760001],[2.68740432900006,56.182657926],[2.67629292500004,56.182657797],[2.67629271700002,56.1882135480001],[2.67073701500004,56.188213483],[2.67073680600004,56.1937692340001],[2.65962540200007,56.1937691040001],[2.65962498500005,56.2048806070001]]],"type":"Polygon"},"properties":{"determination_status":"CURRENT","field_no":"521","match_method":"normalized","matched_pprs_field":"GALIA","matched_pprs_slug":"galia","polygon_field_name":"Galia"},"type":"Feature"},{"geometry":{"coordinates":[[[1.91109085100004,53.4408894700001],[1.91109080600006,53.442278404],[1.90692403800006,53.4422783570001],[1.90692399300002,53.4436672900001],[1.90275722600006,53.4436672420001],[1.90275718100003,53.445056176],[1.88747903200004,53.4450560020001],[1.88747898700007,53.446444936],[1.88470114200004,53.446444904],[1.88470109700006,53.4478338380001],[1.86803402500004,53.447833647],[1.86803389200003,53.4520004500001],[1.85970035600008,53.4520003550001],[1.85970017800003,53.4575560900001],[1.79025404700008,53.4575552950001],[1.79025377900007,53.4658889],[1.76525317200003,53.4658886140001],[1.76525276900003,53.4783890200001],[1.74858569800006,53.478388829],[1.74858556300006,53.4825556310001],[1.73191849200003,53.4825554390001],[1.73191808800004,53.4950558460001],[1.73191741600004,53.515889859],[1.73191710100002,53.525612397],[1.72913925700004,53.5256123660001],[1.72913916700003,53.528390234],[1.72775024400005,53.528390218],[1.72775010900006,53.5325570200001],[1.72358334100005,53.5325569720001],[1.72358320600006,53.536723775],[1.71524967100004,53.536723679],[1.71524958100002,53.539501548],[1.71108281300008,53.5395015],[1.71108276800004,53.5408904340001],[1.70691600000004,53.5408903860001],[1.70691586500004,53.545057188],[1.70274909800003,53.54505714],[1.70274896300003,53.5492239430001],[1.69858219400004,53.5492238950001],[1.69858165400007,53.565891106],[1.70691519000007,53.5658912010001],[1.73191579700006,53.5658914890001],[1.73191552700007,53.574225094],[1.76524967200004,53.574225476],[1.76524980700003,53.5700586730001],[1.80691748700002,53.5700591520001],[1.80691762200007,53.5658923500001],[1.81525115900007,53.565892445],[1.81525129400006,53.5617256420001],[1.82358482900003,53.5617257380001],[1.82358509900007,53.553392133],[1.83608540300003,53.5533922760001],[1.83608567300007,53.5450586700001],[1.85691951300004,53.545058909],[1.85691978200003,53.5367253040001],[1.87358685500004,53.536725495],[1.87358712400004,53.5283918910001],[1.89442096400006,53.5283921290001],[1.89442123300006,53.520058523],[1.91525507400007,53.5200587620001],[1.91525520900007,53.51589196],[1.92775551300002,53.5158921030001],[1.92775564700003,53.5117253000001],[1.94025595200003,53.511725443],[1.94025635400004,53.499225036],[1.95692342600006,53.4992252260001],[1.95692369400007,53.490891622],[1.97359076700008,53.490891812],[1.97359143600005,53.4700578000001],[1.99859204500007,53.4700580850001],[1.99859378000002,53.415889656],[1.99026024400007,53.415889561],[1.99026020000002,53.4172784950001],[1.98748235400006,53.417278464],[1.98748231000008,53.418667397],[1.98470446400006,53.418667365],[1.98470442000007,53.4200562990001],[1.98192657400006,53.4200562680001],[1.98192653000007,53.421445202],[1.97220407100002,53.4214450910001],[1.97220424900007,53.415889355],[1.97081532600004,53.415889339],[1.97081537000003,53.4145004050001],[1.95692614400002,53.414500247],[1.95692609900004,53.4158891810001],[1.94859256300003,53.415889086],[1.94859251900004,53.41727802],[1.94025898300004,53.4172779240001],[1.94025893900005,53.4186668580001],[1.93609217100004,53.41866681],[1.93470324800006,53.418666794],[1.93470320300003,53.4200557280001],[1.92775859100004,53.4200556490001],[1.92775832400002,53.4283892540001],[1.92636940100004,53.4283892380001],[1.92636922300005,53.433944974],[1.92359137700004,53.433944942],[1.92359128800007,53.43672281],[1.92081344300004,53.436722779],[1.92081339800006,53.4381117130001],[1.91803555300004,53.4381116810001],[1.91803550800006,53.439500615],[1.91525766400002,53.439500583],[1.91525761900004,53.4408895180001],[1.91109085100004,53.4408894700001]]],"type":"Polygon"},"properties":{"determination_status":"CURRENT","field_no":"160","match_method":"normalized","matched_pprs_field":"GALLEON","matched_pprs_slug":"galleon","polygon_field_name":"Galleon"},"type":"Feature"},{"geometry":{"coordinates":[[[0.440036829000064,58.2702058780001],[0.440036270000064,58.282706337],[0.427535935000037,58.282706182],[0.427535749000072,58.286873002],[0.398368299000026,58.2868726400001],[0.398366992000035,58.316040377],[0.465035449000027,58.316041205],[0.465035823000051,58.307707565],[0.506703609000056,58.307708082],[0.506703982000033,58.299374443],[0.523371097000052,58.2993746490001],[0.523371842000074,58.2827073700001],[0.54837251400005,58.28270768],[0.548373815000048,58.2535399440001],[0.515039587000047,58.2535395310001],[0.515039215000058,58.2618731700001],[0.465037873000028,58.2618725500001],[0.465037500000051,58.2702061890001],[0.440036829000064,58.2702058780001]]],"type":"Polygon"},"properties":{"determination_status":"CURRENT","field_no":"246","match_method":"normalized","matched_pprs_field":"GALLEY","matched_pprs_slug":"galley","polygon_field_name":"Galley"},"type":"Feature"},{"geometry":{"coordinates":[[[0.952595578000057,57.2201740990001],[0.977596236000068,57.220174403],[0.977596408000068,57.2160075880001],[0.994263512000032,57.216007791],[0.994263856000032,57.207674158],[0.998430633000055,57.2076742090001],[0.998430977000055,57.199340577],[1.03176518700008,57.1993409820001],[1.03176587400003,57.182673718],[1.04843297900004,57.1826739200001],[1.04843400700003,57.1576730250001],[1.04010045500007,57.1576729240001],[1.04010079700004,57.149339292],[1.00676658700007,57.149338888],[1.00676641600006,57.1535057040001],[0.994266088000074,57.1535055520001],[0.994265745000064,57.161839183],[0.985932193000053,57.161839082],[0.985931678000043,57.1743395300001],[0.977598126000032,57.1743394280001],[0.977597955000022,57.1785062450001],[0.965097626000045,57.1785060930001],[0.965097454000045,57.182672908],[0.956763901000045,57.1826728070001],[0.956763386000034,57.1951732540001],[0.952596610000057,57.1951732040001],[0.952595578000057,57.2201740990001]]],"type":"Polygon"},"properties":{"determination_status":"CURRENT","field_no":"072","match_method":"normalized","matched_pprs_field":"GANNET A","matched_pprs_slug":"gannet-a","polygon_field_name":"Gannet A"},"type":"Feature"},{"geometry":{"coordinates":[[[0.894261400000062,57.2035061270001],[0.93176238500007,57.203506583],[0.93176255700007,57.199339767],[0.935929333000047,57.1993398170001],[0.935929505000047,57.1951730010001],[0.94009628200007,57.195173052],[0.940096797000024,57.1826726040001],[0.935930021000047,57.182672553],[0.935930193000047,57.1785057380001],[0.927596641000036,57.1785056370001],[0.927596813000036,57.174338821],[0.906762932000049,57.1743385670001],[0.906762760000049,57.1785053830001],[0.885928880000051,57.1785051300001],[0.885928192000051,57.1951723930001],[0.890094968000028,57.195172443],[0.890094796000028,57.19933926],[0.894261572000062,57.19933931],[0.894261400000062,57.2035061270001]]],"type":"Polygon"},"properties":{"determination_status":"CURRENT","field_no":"071","match_method":"normalized","matched_pprs_field":"GANNET B","matched_pprs_slug":"gannet-b","polygon_field_name":"Gannet B"},"type":"Feature"},{"geometry":{"coordinates":[[[0.927596984000047,57.170172005],[0.960931193000022,57.1701724100001],[0.960931364000032,57.1660055950001],[0.98176524500002,57.1660058480001],[0.981766444000073,57.136838137],[0.965099341000041,57.1368379350001],[0.965099512000052,57.1326711190001],[0.919264975000033,57.132670562],[0.919264804000022,57.1368373780001],[0.915098029000035,57.1368373270001],[0.91509717100007,57.157671405],[0.919263947000047,57.1576714560001],[0.919263775000047,57.1618382720001],[0.923430551000024,57.161838323],[0.92343038000007,57.166005139],[0.927597156000047,57.166005189],[0.927596984000047,57.170172005]]],"type":"Polygon"},"properties":{"determination_status":"CURRENT","field_no":"070","match_method":"normalized","matched_pprs_field":"GANNET C","matched_pprs_slug":"gannet-c","polygon_field_name":"Gannet C"},"type":"Feature"},{"geometry":{"coordinates":[[[1.04425999800003,57.332679252],[1.12759553600006,57.3326802650001],[1.12759709000005,57.295178917],[1.05676188500007,57.295178057],[1.05676136600005,57.3076785060001],[1.04426103600002,57.3076783540001],[1.04425999800003,57.332679252]]],"type":"Polygon"},"properties":{"determination_status":"CURRENT","field_no":"110","match_method":"normalized","matched_pprs_field":"GANNET D","matched_pprs_slug":"gannet-d","polygon_field_name":"Gannet D"},"type":"Feature"},{"geometry":{"coordinates":[[[0.806763400000023,57.099334669],[0.844264380000027,57.099335125],[0.844264552000027,57.095168309],[0.856764879000025,57.0951684610001],[0.856765733000032,57.0743343840001],[0.852598959000034,57.0743343340001],[0.852599300000065,57.066000703],[0.819265095000048,57.0660002980001],[0.819264924000038,57.070167112],[0.81509814900005,57.0701670620001],[0.815097807000029,57.0785006930001],[0.806764255000076,57.0785005920001],[0.806763913000054,57.086834222],[0.802597138000067,57.0868341720001],[0.802596796000046,57.095167802],[0.806763571000033,57.0951678530001],[0.806763400000023,57.099334669]]],"type":"Polygon"},"properties":{"determination_status":"CURRENT","field_no":"235","match_method":"normalized","matched_pprs_field":"GANNET E","matched_pprs_slug":"gannet-e","polygon_field_name":"Gannet E"},"type":"Feature"},{"geometry":{"coordinates":[[[0.935933448000071,57.0993362400001],[0.981767983000054,57.099336796],[0.981768154000065,57.09516998],[0.998435258000029,57.0951701830001],[0.998436792000064,57.057668843],[0.956769033000057,57.0576683370001],[0.956768692000026,57.0660019690001],[0.952601917000038,57.066001918],[0.952601747000074,57.0701687330001],[0.94843497100004,57.0701686830001],[0.948434459000055,57.0826691290001],[0.935934131000067,57.0826689770001],[0.935933448000071,57.0993362400001]]],"type":"Polygon"},"properties":{"determination_status":"CURRENT","field_no":"236","match_method":"normalized","matched_pprs_field":"GANNET F","matched_pprs_slug":"gannet-f","polygon_field_name":"Gannet F"},"type":"Feature"},{"geometry":{"coordinates":[[[0.998428911000076,57.2493423700001],[1.04426345200005,57.2493429260001],[1.04426414100004,57.2326756620001],[1.03176381200007,57.23267551],[1.03176415600007,57.2243418780001],[1.00259672200002,57.2243415240001],[1.00259603300003,57.241008788],[0.998429256000065,57.2410087380001],[0.998428911000076,57.2493423700001]]],"type":"Polygon"},"properties":{"determination_status":"CURRENT","field_no":"284","match_method":"normalized","matched_pprs_field":"GANNET G","matched_pprs_slug":"gannet-g","polygon_field_name":"Gannet G"},"type":"Feature"},{"geometry":{"coordinates":[[[0.931871960000024,54.2992396560001],[0.970761201000073,54.2992397950001],[0.970762912000055,54.2936830900001],[0.998540319000028,54.293685098],[0.998540509000065,54.288129041],[1.01520857500003,54.2881285],[1.01520861100005,54.2825743670001],[1.02909634300005,54.2825736710001],[1.02909704800004,54.274240251],[1.04576348600006,54.2742405120001],[1.04576388500004,54.2603516980001],[1.06520957400005,54.2603500220001],[1.06521033300004,54.2381273010001],[1.02076586500004,54.2381267580001],[1.02076441900005,54.243684371],[0.998542032000046,54.243681973],[0.998541842000066,54.249238781],[0.981874778000019,54.2492385850001],[0.981875065000054,54.254795524],[0.967985027000054,54.254793228],[0.967985997000028,54.257572553],[0.962428535000072,54.2575710560001],[0.962429887000042,54.260349396],[0.956872836000059,54.2603486190001],[0.956874056000061,54.274237795],[0.948539766000067,54.2742390230001],[0.948539575000041,54.27979357],[0.940206271000022,54.2797945710001],[0.940205184000035,54.2853501800001],[0.931871995000051,54.285350115],[0.931871960000024,54.2992396560001]]],"type":"Polygon"},"properties":{"determination_status":"CURRENT","field_no":"396","match_method":"normalized","matched_pprs_field":"GARROW","matched_pprs_slug":"garrow","polygon_field_name":"Garrow"},"type":"Feature"},{"geometry":{"coordinates":[[[1.58167765400003,59.5119329520001],[1.59834479400007,59.511933158],[1.59834618400004,59.482765387],[1.54834476700006,59.4827647700001],[1.54834456800006,59.486931595],[1.55251135300006,59.4869316460001],[1.55251115500005,59.491098471],[1.56084472400005,59.491098574],[1.56084452500005,59.4952653980001],[1.56501131000005,59.495265449],[1.56501111200004,59.4994322740001],[1.57751146600003,59.499432428],[1.57751106900002,59.5077660760001],[1.58167785300003,59.5077661280001],[1.58167765400003,59.5119329520001]]],"type":"Polygon"},"properties":{"determination_status":"CURRENT","field_no":"593","match_method":"normalized","matched_pprs_field":"GARTEN","matched_pprs_slug":"garten","polygon_field_name":"Garten"},"type":"Feature"},{"geometry":{"coordinates":[[[0.999776821000069,58.1854866900001],[1.04005623500007,58.185488375],[1.04005760900003,58.181320596],[1.09839286200003,58.181321311],[1.09839300500005,58.1660442020001],[1.02894655900008,58.1660433500001],[1.02894672000002,58.174375748],[1.03033517300003,58.174375765],[1.03033386100003,58.1771534650001],[0.999779567000076,58.17715309],[0.999776821000069,58.1854866900001]]],"type":"Polygon"},"properties":{"determination_status":"CURRENT","field_no":"089","match_method":"normalized","matched_pprs_field":"GLAMIS","matched_pprs_slug":"glamis","polygon_field_name":"Glamis"},"type":"Feature"},{"geometry":{"coordinates":[[[1.76512603600003,56.9993426610001],[1.79568240100002,56.9993430260001],[1.79568251300003,56.996565149],[1.79846036400005,56.996565182],[1.79846047600006,56.9937873050001],[1.80123832700002,56.9937873380001],[1.80123843900003,56.9910094620001],[1.80679414100007,56.9910095280001],[1.80679436400004,56.9854537730001],[1.80957221600005,56.9854538070001],[1.80957266100006,56.9743422990001],[1.80679480900005,56.9743422650001],[1.80679492100006,56.971564388],[1.80401707000004,56.9715643550001],[1.80401712600008,56.9701754160001],[1.79846142200006,56.97017535],[1.79846147800004,56.9687864110001],[1.79151685000005,56.9687863280001],[1.79151651600006,56.97711996],[1.77346048100003,56.977119744],[1.77346025800006,56.982675498],[1.76512670500006,56.982675398],[1.76512603600003,56.9993426610001]]],"type":"Polygon"},"properties":{"determination_status":"CURRENT","field_no":"376","match_method":"normalized","matched_pprs_field":"GLENELG","matched_pprs_slug":"glenelg","polygon_field_name":"Glenelg"},"type":"Feature"},{"geometry":{"coordinates":[[[-2.10184198499996,61.0994465110001],[-2.03517346099994,61.0994473970001],[-2.03517298899993,61.0911137420001],[-2.01850585799997,61.0911139630001],[-2.01850491399995,61.0744466510001],[-2.05183917499994,61.074446208],[-2.05183870399998,61.066112553],[-2.16850861299997,61.0661110010001],[-2.16850955899997,61.0827783120001],[-2.13517529899997,61.082778755],[-2.13517577199997,61.091112412],[-2.10184151199996,61.0911128550001],[-2.10184198499996,61.0994465110001]]],"type":"Polygon"},"properties":{"determination_status":"CURRENT","field_no":"556","match_method":"normalized","matched_pprs_field":"GLENLIVET","matched_pprs_slug":"glenlivet","polygon_field_name":"Glenlivet"},"type":"Feature"},{"geometry":{"coordinates":[[[1.34842988200006,57.4493538130001],[1.36509699300007,57.4493540140001],[1.36509682000008,57.453520832],[1.37343037500005,57.453520933],[1.37343089500007,57.4410204820001],[1.36926411700006,57.441020431],[1.36926429100004,57.436853614],[1.36509751400007,57.4368535630001],[1.36509786000005,57.42851993],[1.36093108200004,57.4285198790001],[1.36093125600007,57.4243530620001],[1.35676447800006,57.4243530110001],[1.35676465100005,57.4201861940001],[1.35259787400003,57.4201861440001],[1.35259804700007,57.4160193270001],[1.34843126900006,57.416019277],[1.34843161600003,57.407685642],[1.34426483800007,57.4076855920001],[1.34426501100006,57.4035187760001],[1.34009823400004,57.403518725],[1.34009840700003,57.399351908],[1.33593162900007,57.399351858],[1.33593180200006,57.395185041],[1.33176502400005,57.3951849900001],[1.33176537000003,57.3868513570001],[1.31926503800003,57.386851205],[1.31926486500004,57.3910180230001],[1.30676453300003,57.391017871],[1.30676470600002,57.386851054],[1.29843115100005,57.3868509530001],[1.29843132400003,57.3826841360001],[1.28176421400002,57.3826839340001],[1.28176352200006,57.399351202],[1.28593029900003,57.399351252],[1.28592977900007,57.4118517030001],[1.30676366700004,57.411851955],[1.30676279900007,57.4326860400001],[1.31509635500004,57.432686141],[1.31509600800007,57.441019775],[1.34843022900003,57.4410201790001],[1.34842988200006,57.4493538130001]]],"type":"Polygon"},"properties":{"determination_status":"CURRENT","field_no":"499","match_method":"normalized","matched_pprs_field":"GODWIN","matched_pprs_slug":"godwin","polygon_field_name":"Godwin"},"type":"Feature"},{"geometry":{"coordinates":[[[-0.948878702999934,58.046569192],[-0.91832235399994,58.046569579],[-0.918321478999928,58.0271244300001],[-0.908599002999949,58.0271245530001],[-0.90859850399994,58.016013038],[-0.90165387899998,58.0160131260001],[-0.901653504999956,58.00767949],[-0.896097804999954,58.00767956],[-0.896097554999926,58.0021238040001],[-0.89054185599997,58.0021238740001],[-0.890541606999932,57.996568117],[-0.88498590599994,57.996568187],[-0.884985781999944,57.993790308],[-0.879430081999942,57.993790378],[-0.879429957999946,57.9910125010001],[-0.868318557999942,57.9910126410001],[-0.86831781099994,57.97434537],[-0.88776275999993,57.9743451240001],[-0.887762386999952,57.966011489],[-0.879428837999967,57.9660115940001],[-0.879428464999933,57.957677958],[-0.85720566599997,57.9576782390001],[-0.857204796999952,57.938233091],[-0.873871894999979,57.93823288],[-0.87387164699993,57.9326771230001],[-0.890538745999947,57.932676912],[-0.890538497999955,57.9271211560001],[-0.90164989699997,57.9271210160001],[-0.901649648999978,57.921565259],[-0.904427498999951,57.9215652230001],[-0.904427374999955,57.9187873450001],[-0.923872322999955,57.918787099],[-0.923872570999947,57.9243428560001],[-0.934983969999962,57.9243427160001],[-0.934984590999932,57.938232107],[-0.951651689999949,57.938231897],[-0.951653306999958,57.974344316],[-0.968320405999975,57.9743441050001],[-0.968321153999966,57.9910113760001],[-0.984988252999926,57.991011165],[-0.984989125999959,58.0104563140001],[-0.993322676999981,58.0104562080001],[-0.993323301999965,58.0243456010001],[-0.984989750999944,58.0243457060001],[-0.984990126999946,58.0326793420001],[-0.968323027999929,58.032679553],[-0.968323277999957,58.0382353110001],[-0.959989727999925,58.0382354160001],[-0.959989977999953,58.043791173],[-0.948878577999949,58.043791314],[-0.948878702999934,58.046569192]]],"type":"Polygon"},"properties":{"determination_status":"CURRENT","field_no":"452","match_method":"normalized","matched_pprs_field":"GOLDEN EAGLE","matched_pprs_slug":"golden-eagle","polygon_field_name":"Golden Eagle"},"type":"Feature"},{"geometry":{"coordinates":[[[0.303955022000025,57.5160101160001],[0.348400631000061,57.5160106650001],[0.348401341000056,57.4993433970001],[0.30395573200002,57.4993428490001],[0.303955022000025,57.5160101160001]]],"type":"Polygon"},"properties":{"determination_status":"CURRENT","field_no":"404","match_method":"normalized","matched_pprs_field":"GOOSANDER","matched_pprs_slug":"goosander","polygon_field_name":"Goosander"},"type":"Feature"},{"geometry":{"coordinates":[[[1.77329773400004,60.5661423710001],[1.77329730700006,60.5744760270001],[1.76496372900004,60.5744759230001],[1.76496330100002,60.5828095790001],[1.75385186400007,60.5828094410001],[1.75385029400007,60.613366182],[1.78162888900005,60.613366527],[1.78162931700007,60.6050328700001],[1.78996289600002,60.605032974],[1.78996403700006,60.582809889],[1.79829761500002,60.5828099930001],[1.79829875300004,60.56058691],[1.78163159600007,60.5605867030001],[1.78163131200006,60.5661424740001],[1.77329773400004,60.5661423710001]]],"type":"Polygon"},"properties":{"determination_status":"CURRENT","field_no":"262","match_method":"normalized","matched_pprs_field":"GRANT","matched_pprs_slug":"grant","polygon_field_name":"Grant"},"type":"Feature"},{"geometry":{"coordinates":[[[0.598408518000042,57.4910125100001],[0.648410685000044,57.491012708],[0.648410636000051,57.4660125520001],[0.59840932000003,57.4660119390001],[0.598408518000042,57.4910125100001]]],"type":"Polygon"},"properties":{"determination_status":"CURRENT","field_no":"456","match_method":"normalized","matched_pprs_field":"GROUSE","matched_pprs_slug":"grouse","polygon_field_name":"Grouse"},"type":"Feature"},{"geometry":{"coordinates":[[[2.75693454400005,53.7381311710001],[2.75693418600002,53.7492436200001],[2.82915844500008,53.7492441320001],[2.82915939500003,53.7436883460001],[2.85693910300006,53.74368866],[2.85693809200006,53.7381312460001],[2.89860586900005,53.738132906],[2.89860658200007,53.7159103880001],[2.93194127900006,53.7159107630001],[2.93194172400007,53.7020213920001],[2.92638554400003,53.702021329],[2.92638590000007,53.6909100710001],[2.89860738200002,53.690909758],[2.89860720400003,53.6964647930001],[2.88471794500003,53.6964657070001],[2.88471666600003,53.6992426290001],[2.84304888900004,53.69924216],[2.84304880000008,53.702019082],[2.81249219400007,53.7020187370001],[2.81249320500007,53.7075761510001],[2.80693821600005,53.7075748980001],[2.80693684800002,53.713131122],[2.79582567800003,53.7131309970001],[2.79582550000003,53.718687222],[2.79027051000003,53.7186871590001],[2.79027042100006,53.7214652710001],[2.78749358700003,53.7214637590001],[2.78749105300005,53.724242281],[2.78471534300007,53.7242410600001],[2.78471525400005,53.727019172],[2.77637979500003,53.7270190770001],[2.77637961600004,53.732576491],[2.76526963700007,53.732576366],[2.76527009200004,53.73535545],[2.76249081300006,53.735353122],[2.76249191300008,53.738131233],[2.75693454400005,53.7381311710001]]],"type":"Polygon"},"properties":{"determination_status":"CURRENT","field_no":"411","match_method":"normalized","matched_pprs_field":"GROVE","matched_pprs_slug":"grove","polygon_field_name":"Grove"},"type":"Feature"},{"geometry":{"coordinates":[[[1.46501343400007,59.3910936120001],[1.50668127600005,59.391094126],[1.50668147400006,59.3869273020001],[1.52334861100007,59.3869275070001],[1.52334880900003,59.3827606830001],[1.56501665300004,59.382761196],[1.56501730900004,59.368871783],[1.57335087800004,59.368871885],[1.57335114000006,59.36331612],[1.59001827800006,59.3633163260001],[1.59001840900004,59.3605384430001],[1.59835197800004,59.3605385450001],[1.59835250200007,59.3494270150001],[1.59418571700007,59.349426964],[1.59418591400004,59.3452601390001],[1.59001913000003,59.345260088],[1.59001932700005,59.341093265],[1.58168575700006,59.341093163],[1.58168595400002,59.3369263380001],[1.57335238600007,59.3369262360001],[1.57335277800007,59.328592588],[1.50668423100007,59.3285917680001],[1.50668206600005,59.3744268300001],[1.49001492900004,59.3744266240001],[1.49001473200002,59.378593449],[1.46501402700005,59.3785931400001],[1.46501343400007,59.3910936120001]]],"type":"Polygon"},"properties":{"determination_status":"CURRENT","field_no":"143","match_method":"normalized","matched_pprs_field":"GRYPHON","matched_pprs_slug":"gryphon","polygon_field_name":"Gryphon"},"type":"Feature"},{"geometry":{"coordinates":[[[0.798426069000072,57.1910045120001],[0.831760276000068,57.191004918],[0.831760792000068,57.1785044700001],[0.840094345000068,57.1785045720001],[0.840094689000068,57.17017094],[0.848428240000032,57.1701710410001],[0.848428584000033,57.16183741],[0.856762136000043,57.161837511],[0.856762479000054,57.1535038800001],[0.865096031000064,57.1535039820001],[0.865096203000064,57.1493371660001],[0.873429755000075,57.1493372670001],[0.873430441000039,57.132670004],[0.831762682000033,57.1326694970001],[0.831761996000068,57.14933676],[0.823428444000058,57.149336658],[0.823428273000047,57.153503474],[0.815094721000037,57.153503373],[0.815094549000037,57.1576701880001],[0.802594222000039,57.1576700360001],[0.802594050000039,57.1618368520001],[0.798427274000062,57.161836801],[0.798426069000072,57.1910045120001]]],"type":"Polygon"},"properties":{"determination_status":"CURRENT","field_no":"201","match_method":"normalized","matched_pprs_field":"GUILLEMOT A","matched_pprs_slug":"guillemot-a","polygon_field_name":"Guillemot A"},"type":"Feature"},{"geometry":{"coordinates":[[[0.723424449000049,57.1826699650001],[0.715090898000028,57.1826698630001],[0.71509003500006,57.2035039420001],[0.744257465000032,57.203504298],[0.76509134500003,57.2035045530001],[0.765092207000066,57.182670473],[0.723424449000049,57.1826699650001]]],"type":"Polygon"},"properties":{"determination_status":"CURRENT","field_no":"285","match_method":null,"matched_pprs_field":null,"matched_pprs_slug":null,"polygon_field_name":"Guillemot North"},"type":"Feature"},{"geometry":{"coordinates":[[[0.723423819000061,57.190999995],[0.723423369000045,57.1826700070001],[0.715090898000028,57.1826698630001],[0.70259057100003,57.18266971],[0.702591261000066,57.166002448],[0.64842317800003,57.166001787],[0.648421970000072,57.1951694960001],[0.652588746000049,57.195169547],[0.652587708000055,57.2201704410001],[0.681755137000039,57.220170798],[0.681755310000028,57.2160039830001],[0.744256947000054,57.2160047460001],[0.744257465000032,57.203504298],[0.744257983000068,57.1910038510001],[0.723423819000061,57.190999995]]],"type":"Polygon"},"properties":{"determination_status":"CURRENT","field_no":"269","match_method":"normalized","matched_pprs_field":"GUILLEMOT NORTH WEST","matched_pprs_slug":"guillemot-north-west","polygon_field_name":"Guillemot North West"},"type":"Feature"},{"geometry":{"coordinates":[[[0.763425186000063,57.1901707210001],[0.838427152000065,57.1901716350001],[0.838427840000065,57.1735043730001],[0.846761392000076,57.173504474],[0.846761736000076,57.1651708420001],[0.85509528800003,57.1651709430001],[0.85509631900004,57.1401700490001],[0.825928888000021,57.1401696940001],[0.825928716000021,57.1443365100001],[0.813428389000023,57.144336358],[0.813428045000023,57.1526699890001],[0.796760942000049,57.152669786],[0.796760770000049,57.1568366020001],[0.738425910000046,57.1568358910001],[0.738426082000046,57.1526690750001],[0.73425930600007,57.152669024],[0.734259467000072,57.148779996],[0.729814906000058,57.148779942],[0.729815262000045,57.1401685230001],[0.680091741000069,57.1401679160001],[0.680092085000069,57.1318342850001],[0.638424330000021,57.1318337760001],[0.638422951000052,57.1651683010001],[0.675923931000057,57.165168759],[0.675924104000046,57.1610019440001],[0.705091533000029,57.1610023000001],[0.705091361000029,57.1651691150001],[0.71342491200005,57.165169217],[0.713424395000061,57.1776696640001],[0.730091498000036,57.1776698670001],[0.730091325000046,57.181836683],[0.763425531000053,57.18183709],[0.763425186000063,57.1901707210001]]],"type":"Polygon"},"properties":{"determination_status":"CURRENT","field_no":"270","match_method":"normalized","matched_pprs_field":"GUILLEMOT WEST","matched_pprs_slug":"guillemot-west","polygon_field_name":"Guillemot West"},"type":"Feature"},{"geometry":{"coordinates":[[[2.24849118600002,56.515997874],[2.18182276000005,56.5159970870001],[2.18182211600003,56.5326643430001],[2.24849054200007,56.5326651300001],[2.24849118600002,56.515997874]]],"type":"Polygon"},"properties":{"determination_status":"CURRENT","field_no":"311","match_method":"normalized","matched_pprs_field":"HALLEY","matched_pprs_slug":"halley","polygon_field_name":"Halley"},"type":"Feature"},{"geometry":{"coordinates":[[[-3.42653672099993,53.5519402790001],[-3.43487023799997,53.551940175],[-3.43486901599994,53.517216848],[-3.45570280899994,53.5172165880001],[-3.45570305299998,53.524161253],[-3.46820332899995,53.524161097],[-3.46820362199998,53.5324946950001],[-3.47375929899994,53.532494625],[-3.47376164999997,53.599163414],[-3.46820597199996,53.599163484],[-3.46820646299994,53.6130528150001],[-3.43348347399996,53.6130532490001],[-3.43348337599997,53.610275383],[-3.43348288499993,53.5963860510001],[-3.43209396699996,53.5963860690001],[-3.43209386899997,53.593608202],[-3.42653818999997,53.5936082710001],[-3.42653809199993,53.5908304060001],[-3.42653789599996,53.5852746730001],[-3.42098221699996,53.5852747420001],[-3.42098153199993,53.565829679],[-3.42653720999994,53.56582961],[-3.42653672099993,53.5519402790001]]],"type":"Polygon"},"properties":{"determination_status":"CURRENT","field_no":"144","match_method":"normalized","matched_pprs_field":"HAMILTON","matched_pprs_slug":"hamilton","polygon_field_name":"Hamilton"},"type":"Feature"},{"geometry":{"coordinates":[[[-3.41820565399996,53.6213870390001],[-3.40153861899995,53.621387247],[-3.40153842299998,53.6158315150001],[-3.39042706599997,53.615831654],[-3.39042677199996,53.6074980540001],[-3.38209325499997,53.6074981580001],[-3.38209266699994,53.5908309610001],[-3.39320402299995,53.590830822],[-3.39320372899994,53.5824972230001],[-3.40987076299996,53.5824970150001],[-3.40987105699998,53.590830614],[-3.42653809199993,53.5908304060001],[-3.42653818999997,53.5936082710001],[-3.43209386899997,53.593608202],[-3.43209396699996,53.5963860690001],[-3.43348288499993,53.5963860510001],[-3.43348337599997,53.610275383],[-3.42376093899998,53.6102755040001],[-3.42376113599994,53.6158312370001],[-3.41820545799993,53.6158313070001],[-3.41820565399996,53.6213870390001]]],"type":"Polygon"},"properties":{"determination_status":"CURRENT","field_no":"307","match_method":"normalized","matched_pprs_field":"HAMILTON EAST","matched_pprs_slug":"hamilton-east","polygon_field_name":"Hamilton East"},"type":"Feature"},{"geometry":{"coordinates":[[[-3.44320738599993,53.654721124],[-3.44320650099996,53.629720326],[-3.45987353499993,53.6297201180001],[-3.45987343699994,53.6269422510001],[-3.47098479299996,53.6269421120001],[-3.47098459599994,53.6213863790001],[-3.49876298699996,53.621386032],[-3.49876328199997,53.6297196310001],[-3.49598544299994,53.629719666],[-3.49598573799994,53.6380532650001],[-3.49876357699998,53.6380532300001],[-3.49876387299997,53.6463868290001],[-3.50154171199995,53.6463867940001],[-3.50154220499996,53.660276126],[-3.49598652599997,53.660276196],[-3.49598667399994,53.664442996],[-3.45154124799996,53.6644435520001],[-3.45154090299997,53.6547210200001],[-3.44320738599993,53.654721124]]],"type":"Polygon"},"properties":{"determination_status":"CURRENT","field_no":"153","match_method":"normalized","matched_pprs_field":"HAMILTON NORTH","matched_pprs_slug":"hamilton-north","polygon_field_name":"Hamilton North"},"type":"Feature"},{"geometry":{"coordinates":[[[-0.118299299999933,57.9993557020001],[-0.0682979809999438,57.9993563260001],[-0.0682972439999503,57.9826890530001],[-0.11829856199995,57.9826884280001],[-0.118299299999933,57.9993557020001]]],"type":"Polygon"},"properties":{"determination_status":"CURRENT","field_no":"309","match_method":"normalized","matched_pprs_field":"HANNAY","matched_pprs_slug":"hannay","polygon_field_name":"Hannay"},"type":"Feature"},{"geometry":{"coordinates":[[[1.48168352700003,59.32859146],[1.57335277800007,59.328592588],[1.57335258200004,59.332759412],[1.59001971900005,59.3327596170001],[1.59001998100007,59.3272038520001],[1.59835354900002,59.3272039550001],[1.59835537800006,59.288313599],[1.54835396900006,59.2883129850001],[1.54835370800004,59.2938687490001],[1.53585335600008,59.293868595],[1.53585387800007,59.2827570650001],[1.56502136700004,59.2827574240001],[1.56502267000008,59.2549786010001],[1.52891054300005,59.254978157],[1.52891080400002,59.249422392],[1.52057723500008,59.2494222890001],[1.52057736500007,59.2466444070001],[1.50668808600005,59.2466442360001],[1.50668795600006,59.249422118],[1.48168725300008,59.2494218100001],[1.48168568600005,59.282756399],[1.46501855100007,59.2827561930001],[1.46501698100008,59.316090783],[1.48168411600005,59.316090988],[1.48168352700003,59.32859146]]],"type":"Polygon"},"properties":{"determination_status":"CURRENT","field_no":"180","match_method":"normalized","matched_pprs_field":"HARDING","matched_pprs_slug":"harding","polygon_field_name":"Harding"},"type":"Feature"},{"geometry":{"coordinates":[[[2.06514391800005,56.7493373180001],[2.09431135700004,56.7493376640001],[2.09431152100007,56.745170849],[2.10681185200002,56.7451709970001],[2.10681201500006,56.741004183],[2.12764590100005,56.74100443],[2.12764606500002,56.7368376140001],[2.14014639600003,56.7368377620001],[2.14014786500007,56.699336429],[2.07347943400003,56.6993356390001],[2.07347878100006,56.7160028980001],[2.06514522700007,56.7160028000001],[2.06514391800005,56.7493373180001]]],"type":"Polygon"},"properties":{"determination_status":"CURRENT","field_no":"525","match_method":"normalized","matched_pprs_field":"HARRIER","matched_pprs_slug":"harrier","polygon_field_name":"Harrier"},"type":"Feature"},{"geometry":{"coordinates":[[[0.664896009000074,61.2411547190001],[0.698230323000075,61.2411551430001],[0.698230780000074,61.2328214830001],[0.714897938000036,61.232821695],[0.714898394000045,61.2244880360001],[0.731565551000074,61.2244882480001],[0.731567373000075,61.1911536110001],[0.698233059000074,61.1911531870001],[0.698232604000054,61.1994868460001],[0.689899026000035,61.1994867400001],[0.689898570000025,61.2078203990001],[0.681564991000073,61.2078202930001],[0.681564535000064,61.2161539530001],[0.664897379000024,61.216153741],[0.664896009000074,61.2411547190001]]],"type":"Polygon"},"properties":{"determination_status":"CURRENT","field_no":"513","match_method":"normalized","matched_pprs_field":"HARRIS","matched_pprs_slug":"harris","polygon_field_name":"Harris"},"type":"Feature"},{"geometry":{"coordinates":[[[1.84842054800004,57.9896572810001],[1.84842084500002,57.982712582],[1.84425406400004,57.9827125310001],[1.84286513800004,57.9827125150001],[1.84008728500004,57.9827124810001],[1.83592050400006,57.982712431],[1.83592133600007,57.9632672750001],[1.81092065400003,57.963266973],[1.81092035700004,57.9702116710001],[1.79842001700007,57.9702115200001],[1.79841841000007,58.0077128930001],[1.81091875100003,58.0077130440001],[1.81091857200005,58.011879864],[1.81508535300003,58.0118799140001],[1.81508517400005,58.016046734],[1.83175229500006,58.0160469360001],[1.83175247400004,58.011880116],[1.84008603500007,58.0118802170001],[1.84841959600004,58.0118803170001],[1.84842054800004,57.9896572810001]]],"type":"Polygon"},"properties":{"determination_status":"CURRENT","field_no":"174","match_method":"normalized","matched_pprs_field":"HAWKINS","matched_pprs_slug":"hawkins","polygon_field_name":"Hawkins"},"type":"Feature"},{"geometry":{"coordinates":[[[0.848247846000049,60.999480942],[0.987140811000074,60.9994826990001],[0.987141406000035,60.988371155],[0.998252844000035,60.988371295],[0.998254775000021,60.9522587770001],[0.992699056000049,60.9522587070001],[0.992700093000053,60.9328135050001],[0.948254346000056,60.932812944],[0.948254939000037,60.9217014000001],[0.934365643000035,60.9217012240001],[0.934365940000021,60.9161454530001],[0.864919463000035,60.916144575],[0.864917830000024,60.9467013190001],[0.851028535000069,60.946701144],[0.851028386000053,60.9494790300001],[0.84547266800007,60.949478959],[0.845472519000054,60.9522568450001],[0.831583223000052,60.9522566700001],[0.831581585000038,60.9828134150001],[0.839915163000057,60.98281352],[0.839914567000051,60.9939250640001],[0.848248144000024,60.9939251700001],[0.848247846000049,60.999480942]]],"type":"Polygon"},"properties":{"determination_status":"CURRENT","field_no":"019","match_method":"normalized","matched_pprs_field":"HEATHER","matched_pprs_slug":"heather","polygon_field_name":"Heather"},"type":"Feature"},{"geometry":{"coordinates":[[[0.848556054000028,53.720052949],[0.798554853000041,53.7200523640001],[0.798555059000023,53.73255312],[0.776332990000071,53.7325526660001],[0.776331405000064,53.740886118],[0.881889496000042,53.7408873520001],[0.881889773000069,53.7325537460001],[0.902723608000031,53.73255399],[0.902724162000027,53.7158867800001],[0.848556193000036,53.715886147],[0.848556054000028,53.720052949]]],"type":"Polygon"},"properties":{"determination_status":"CURRENT","field_no":"321","match_method":"normalized","matched_pprs_field":"HELVELLYN","matched_pprs_slug":"helvellyn","polygon_field_name":"Helvellyn"},"type":"Feature"},{"geometry":{"coordinates":[[[1.78595353200006,57.1576819160001],[1.83178808600007,57.1576824650001],[1.83178909900005,57.1326815670001],[1.79845487800003,57.132681168],[1.79845521500005,57.1243475360001],[1.77345455000005,57.1243472370001],[1.77345438100002,57.128514054],[1.76928760300007,57.1285140040001],[1.76928709700007,57.141014452],[1.76512032000005,57.1410144020001],[1.76511998200004,57.1493480340001],[1.78178709200006,57.1493482340001],[1.78178692300003,57.1535150500001],[1.78595370100004,57.1535151],[1.78595353200006,57.1576819160001]]],"type":"Polygon"},"properties":{"determination_status":"CURRENT","field_no":"229","match_method":"normalized","matched_pprs_field":"HERON","matched_pprs_slug":"heron","polygon_field_name":"Heron"},"type":"Feature"},{"geometry":{"coordinates":[[[1.90693641100006,53.0519879550001],[1.90693649800005,53.0492100880001],[1.89860296400002,53.049209993],[1.89860452900007,52.9992083860001],[1.93193866400003,52.999208765],[1.93193918400004,52.982541563],[1.94860625200005,52.982541752],[1.94860677200006,52.9658745520001],[1.98194090700002,52.96587493],[1.98194194400003,52.9325405270001],[1.88193954000008,52.932539391],[1.88193902100005,52.949206593],[1.83193782000006,52.949206024],[1.83193730000005,52.9658732250001],[1.79860316700007,52.9658728460001],[1.79860264600006,52.9825400460001],[1.74860144600007,52.982539477],[1.74860092400007,52.9992066780001],[1.71526679100003,52.999206298],[1.71526626900004,53.0158735000001],[1.66526507000003,53.0158729290001],[1.66526454600006,53.03254013],[1.61526334700005,53.032539559],[1.61526282300002,53.0492067610001],[1.59859575600007,53.0492065700001],[1.59859523100005,53.0658737730001],[1.56526109900005,53.0658733910001],[1.56525951900005,53.115874999],[1.61526071900005,53.1158755710001],[1.61526124600005,53.0992083680001],[1.68192951300006,53.0992091300001],[1.68192898600006,53.1158763340001],[1.71248527700004,53.1158766830001],[1.71248518900006,53.118654549],[1.71248483900007,53.129766019],[1.71248475100003,53.1325438850001],[1.76526379900002,53.1325444880001],[1.76526432500003,53.1158772860001],[1.79859846100004,53.1158776660001],[1.79859819800004,53.1242112670001],[1.83193233400004,53.124211647],[1.83193259700005,53.115878046],[1.84859966500005,53.1158782360001],[1.84860010300002,53.1019889],[1.85415579200003,53.1019889630001],[1.85415588000006,53.099211096],[1.86804510300004,53.0992112540001],[1.86804536500006,53.0908776530001],[1.86804553900004,53.085321918],[1.87082338400006,53.085321949],[1.87082342800005,53.0839330160001],[1.87221235000004,53.0839330310001],[1.87221239400003,53.082544098],[1.87360131600002,53.082544114],[1.87360136000007,53.0811551800001],[1.87637920500003,53.0811552120001],[1.87637924800003,53.0797662790001],[1.87776817100007,53.0797662950001],[1.87776821400007,53.078377361],[1.87915713700005,53.078377377],[1.87915726800003,53.074210576],[1.88193511200006,53.0742106070001],[1.88193528600004,53.0686548730001],[1.89026882100006,53.068654967],[1.89026899500004,53.063099234],[1.89582468400005,53.0630992970001],[1.89582485800003,53.057543562],[1.90138054800002,53.0575436250001],[1.90138072200006,53.0519878920001],[1.90693641100006,53.0519879550001]]],"type":"Polygon"},"properties":{"determination_status":"CURRENT","field_no":"003","match_method":"normalized","matched_pprs_field":"HEWETT","matched_pprs_slug":"hewett","polygon_field_name":"Hewett"},"type":"Feature"},{"geometry":{"coordinates":[[[-0.176651769999978,58.3910359490001],[-0.184985324999957,58.391035844],[-0.184985514999937,58.3952026630001],[-0.193319070999962,58.3952025580001],[-0.193319260999942,58.3993693780001],[-0.201652814999932,58.399369274],[-0.201653765999936,58.4202033720001],[-0.151652432999924,58.4202040000001],[-0.151652242999944,58.41603718],[-0.109984464999968,58.416037703],[-0.109984275999977,58.4118708830001],[-0.0933171649999736,58.4118710920001],[-0.0933169749999365,58.407704272],[-0.0849834189999683,58.4077043770001],[-0.0849824709999325,58.386870279],[-0.134983803999944,58.386869652],[-0.134983614999953,58.3827028320001],[-0.168317835999972,58.3827024140001],[-0.168318025999952,58.386869233],[-0.176651580999931,58.386869129],[-0.176651769999978,58.3910359490001]]],"type":"Polygon"},"properties":{"determination_status":"CURRENT","field_no":"046","match_method":"normalized","matched_pprs_field":"HIGHLANDER","matched_pprs_slug":"highlander","polygon_field_name":"Highlander"},"type":"Feature"},{"geometry":{"coordinates":[[[1.25689661600006,53.7992269630001],[1.25689689200004,53.7908933570001],[1.27356396300007,53.7908935510001],[1.27356451500003,53.7742263380001],[1.23189683800007,53.7742258540001],[1.23189656200003,53.7825594600001],[1.20689595600004,53.7825591690001],[1.20689568000006,53.7908927760001],[1.17356154000004,53.790892388],[1.17356126300007,53.799225994],[1.16522772900004,53.799225897],[1.16522662100004,53.8325603230001],[1.19856076200006,53.832560711],[1.19856103900003,53.824227105],[1.22356164500007,53.824227395],[1.22356192100006,53.815893789],[1.23189545600007,53.815893886],[1.23189573300004,53.807560279],[1.24022926900005,53.807560376],[1.24022954500003,53.7992267700001],[1.25689661600006,53.7992269630001]]],"type":"Polygon"},"properties":{"determination_status":"CURRENT","field_no":"326","match_method":"normalized","matched_pprs_field":"HOTON","matched_pprs_slug":"hoton","polygon_field_name":"Hoton"},"type":"Feature"},{"geometry":{"coordinates":[[[1.29841980200007,57.657694077],[1.34425436300006,57.6576946330001],[1.34425471500003,57.6493609980001],[1.36092182800007,57.6493612],[1.36092235600006,57.6368607470001],[1.36508913400007,57.636860798],[1.36508931000003,57.6326939800001],[1.37342286600006,57.6326940810001],[1.37342339300005,57.620193628],[1.33870024100003,57.6201932060001],[1.33870041700004,57.6160263890001],[1.31925545100006,57.6160261530001],[1.31925527600004,57.6201929700001],[1.31508849800002,57.6201929200001],[1.31508797100003,57.6326933730001],[1.29842085800004,57.63269317],[1.29841980200007,57.657694077]]],"type":"Polygon"},"properties":{"determination_status":"CURRENT","field_no":"353","match_method":"normalized","matched_pprs_field":"HOWE","matched_pprs_slug":"howe","polygon_field_name":"Howe"},"type":"Feature"},{"geometry":{"coordinates":[[[0.698228036000046,61.2828234410001],[0.748229511000034,61.282824077],[0.748231340000075,61.2494894390001],[0.756564919000027,61.2494895450001],[0.756565376000026,61.2411558850001],[0.764898955000035,61.241155991],[0.764900323000063,61.216155013],[0.739899586000035,61.2161546950001],[0.739899131000072,61.2244883540001],[0.714898394000045,61.2244880360001],[0.714897938000036,61.232821695],[0.698230780000074,61.2328214830001],[0.698228036000046,61.2828234410001]]],"type":"Polygon"},"properties":{"determination_status":"CURRENT","field_no":"166","match_method":"normalized","matched_pprs_field":"HUDSON","matched_pprs_slug":"hudson","polygon_field_name":"Hudson"},"type":"Feature"},{"geometry":{"coordinates":[[[1.59842908300004,57.628529987],[1.61092941900006,57.628530138],[1.61092959400003,57.62436332],[1.62342993000004,57.624363471],[1.62343010500007,57.6201966530001],[1.64843077800003,57.6201969540001],[1.64843165000002,57.599362866],[1.67759910200004,57.5993632170001],[1.67759962500003,57.586862764],[1.62343150100003,57.5868621110001],[1.62343132700005,57.5910289290001],[1.59843065500007,57.5910286270001],[1.59842908300004,57.628529987]]],"type":"Polygon"},"properties":{"determination_status":"CURRENT","field_no":"494","match_method":"normalized","matched_pprs_field":"HUNTINGTON","matched_pprs_slug":"huntington","polygon_field_name":"Huntington"},"type":"Feature"},{"geometry":{"coordinates":[[[0.990223221000065,53.8075574640001],[0.990223083000046,53.811724267],[0.981889547000037,53.81172417],[0.981889501000069,53.8131131040001],[0.981889223000053,53.82144671],[0.976333534000048,53.821446645],[0.976333349000072,53.827002383],[0.959666279000032,53.827002189],[0.959666094000056,53.832557926],[0.926331957000059,53.8325575360001],[0.926331585000071,53.843669011],[0.904108827000073,53.8436687510001],[0.90410808300004,53.865891703],[0.926330842000027,53.865891962],[0.926330935000067,53.863114093],[0.937442314000066,53.8631142230001],[0.937442500000031,53.857558485],[0.948553879000031,53.8575586150001],[0.948554065000053,53.8520028780001],[0.998555273000022,53.852003462],[0.998555922000037,53.8325583800001],[1.03466790600004,53.8325588010001],[1.03466827600005,53.8214473260001],[1.04300181000002,53.8214474230001],[1.04300199500005,53.815891686],[1.05133553100006,53.815891784],[1.05133571600004,53.810336046],[1.06244709500004,53.810336175],[1.06244746500005,53.7992247000001],[1.07078099900002,53.7992247980001],[1.07078136900003,53.7881133230001],[1.05411430000004,53.7881131280001],[1.03883615300003,53.78811295],[1.03883601500007,53.792279754],[1.03050247900006,53.7922796570001],[1.03050234100004,53.796446459],[1.02216880700007,53.796446362],[1.02216866800006,53.8006131650001],[1.01800190000006,53.8006131170001],[1.01800180800007,53.8033909850001],[1.00966827400003,53.8033908880001],[1.00966813500003,53.8075576910001],[0.990223221000065,53.8075574640001]]],"type":"Polygon"},"properties":{"determination_status":"CURRENT","field_no":"149","match_method":"normalized","matched_pprs_field":"HYDE","matched_pprs_slug":"hyde","polygon_field_name":"Hyde"},"type":"Feature"},{"geometry":{"coordinates":[[[2.43193716900004,53.4325617910001],[2.53193962400007,53.432562923],[2.53194015200006,53.4158957130001],[2.54860722800004,53.415895902],[2.54860749200003,53.407562296],[2.56527456800006,53.407562484],[2.56527483200006,53.3992288800001],[2.59027544600002,53.399229162],[2.59027597200003,53.3825619520001],[2.59860951000007,53.382562046],[2.59861318000003,53.2658915860001],[2.55000087800005,53.2658910380001],[2.55000079100006,53.268668905],[2.54444509900003,53.2686688430001],[2.54444496800005,53.272835645],[2.54027820000005,53.272835598],[2.54027807000006,53.2770024000001],[2.52916668700004,53.277002275],[2.52916659900006,53.279780143],[2.51527737000004,53.2797799860001],[2.51527728300005,53.2825578540001],[2.50694374500006,53.28255776],[2.50694348300004,53.2908913640001],[2.49860994600004,53.29089127],[2.49860968400003,53.2992248740001],[2.48194260900004,53.2992246850001],[2.48194234700003,53.307558289],[2.47360881000003,53.3075581950001],[2.47360854700003,53.3158918],[2.46527501000003,53.3158917060001],[2.46527474800007,53.324225309],[2.45694121000002,53.3242252150001],[2.45694094700002,53.332558819],[2.48194155900006,53.3325591020001],[2.48194103300006,53.3492263110001],[2.44860688400007,53.3492259340001],[2.44860635700007,53.3658931430001],[2.43193928200003,53.3658929540001],[2.43193901800004,53.374226558],[2.42360548100004,53.3742264640001],[2.42360389600003,53.4242280920001],[2.43193743400008,53.424228187],[2.43193716900004,53.4325617910001]]],"type":"Polygon"},"properties":{"determination_status":"CURRENT","field_no":"4","match_method":null,"matched_pprs_field":null,"matched_pprs_slug":null,"polygon_field_name":"Indefatigable"},"type":"Feature"},{"geometry":{"coordinates":[[[2.41527483800007,53.2825567240001],[2.41527431300005,53.2992239320001],[2.40694077500007,53.299223838],[2.39860723800007,53.299223743],[2.39860618700004,53.332558159],[2.45694094700002,53.332558819],[2.45694121000002,53.3242252150001],[2.46527474800007,53.324225309],[2.46527501000003,53.3158917060001],[2.47360854700003,53.3158918],[2.47360881000003,53.3075581950001],[2.48194234700003,53.307558289],[2.48194260900004,53.2992246850001],[2.49860968400003,53.2992248740001],[2.49860994600004,53.29089127],[2.50555456000006,53.2908913480001],[2.50555490900007,53.2797798770001],[2.50555517100003,53.271446272],[2.50555534600005,53.2658905370001],[2.44860950900005,53.2658898940001],[2.44860898500002,53.2825571010001],[2.41527483800007,53.2825567240001]]],"type":"Polygon"},"properties":{"determination_status":"CURRENT","field_no":"094","match_method":"normalized","matched_pprs_field":"INDEFATIGABLE SOUTH WEST","matched_pprs_slug":"indefatigable-south-west","polygon_field_name":"Indefatigable South West"},"type":"Feature"},{"geometry":{"coordinates":[[[1.92608024400005,60.5605885360001],[1.93163597400007,60.5605886050001],[1.93163569000006,60.5661443380001],[1.94665035800006,60.566144519],[1.95099299400005,60.5439214890001],[1.93441472100005,60.5439212840001],[1.93441500400007,60.538365513],[1.92330386400005,60.5383659930001],[1.92330478100007,60.5328107880001],[1.90941333200004,60.5328102570001],[1.90941398200005,60.543921052],[1.91358065000003,60.5439210110001],[1.91358055300003,60.5466990150001],[1.91774738100003,60.5466990910001],[1.91774719000006,60.5494767600001],[1.92052502000007,60.549476864],[1.92052479600005,60.5578104320001],[1.92608043100006,60.557810513],[1.92608024400005,60.5605885360001]]],"type":"Polygon"},"properties":{"determination_status":"CURRENT","field_no":"485","match_method":"normalized","matched_pprs_field":"ISLAY","matched_pprs_slug":"islay","polygon_field_name":"Islay"},"type":"Feature"},{"geometry":{"coordinates":[[[2.34847756000005,56.9326805480001],[2.44014668000005,56.932681631],[2.44014799500007,56.8993471060001],[2.45681510700007,56.8993473030001],[2.45681543600006,56.891013672],[2.46915958500006,56.891013817],[2.48127570600008,56.866013067],[2.30681241400004,56.8660110060001],[2.30681142700007,56.891011899],[2.32347853900006,56.8910120960001],[2.32347722200007,56.924346621],[2.34847789000003,56.924346917],[2.34847756000005,56.9326805480001]]],"type":"Polygon"},"properties":{"determination_status":"CURRENT","field_no":"577","match_method":null,"matched_pprs_field":null,"matched_pprs_slug":null,"polygon_field_name":"Jackdaw"},"type":"Feature"},{"geometry":{"coordinates":[[[-3.00171592499993,58.1993260570001],[-2.95171467099993,58.1993267120001],[-2.95171369299993,58.178492626],[-2.98504786199993,58.1784921890001],[-2.98504805699997,58.1826590060001],[-3.00171514199997,58.1826587880001],[-3.00171592499993,58.1993260570001]]],"type":"Polygon"},"properties":{"determination_status":"CURRENT","field_no":"450","match_method":"normalized","matched_pprs_field":"JACKY","matched_pprs_slug":"jacky","polygon_field_name":"Jacky"},"type":"Feature"},{"geometry":{"coordinates":[[[2.29847885900006,56.8660109080001],[2.29847929700003,56.8548994000001],[2.30959070400007,56.8548995310001],[2.30959136000007,56.8382322690001],[2.29847995300003,56.8382321380001],[2.29848017200004,56.8326763840001],[2.28181306100004,56.8326761870001],[2.28181338900004,56.824342556],[2.27625768600006,56.824342491],[2.27625845000006,56.8048973530001],[2.25959134000004,56.804897156],[2.25959112100003,56.810452909],[2.25403541900005,56.8104528430001],[2.25403487200003,56.824342228],[2.25681272300005,56.824342261],[2.25681239500005,56.8326758910001],[2.22070032300007,56.832675463],[2.22070010400006,56.838231218],[2.22625580800008,56.838231283],[2.22625537000005,56.849342791],[2.23181107300007,56.8493428570001],[2.23181096300004,56.852120734],[2.24014451900007,56.8521208320001],[2.24014430000005,56.8576765860001],[2.25403355900005,56.8576767500001],[2.25403344900008,56.8604546270001],[2.25681130000004,56.8604546600001],[2.25681108100002,56.8660104150001],[2.29847885900006,56.8660109080001]]],"type":"Polygon"},"properties":{"determination_status":"CURRENT","field_no":"296","match_method":"normalized","matched_pprs_field":"JADE","matched_pprs_slug":"jade","polygon_field_name":"Jade"},"type":"Feature"},{"geometry":{"coordinates":[[[2.28183147400006,56.3576593390001],[2.30266535600003,56.357659584],[2.30266551500006,56.353492771],[2.30683229100003,56.35349282],[2.30683260900003,56.345159192],[2.29849905700007,56.3451590940001],[2.29849921600004,56.3409922810001],[2.27349855800003,56.3409919870001],[2.27349824000004,56.3493256140001],[2.28183179200005,56.3493257120001],[2.28183147400006,56.3576593390001]]],"type":"Polygon"},"properties":{"determination_status":"CURRENT","field_no":"383","match_method":"normalized","matched_pprs_field":"JAMES","matched_pprs_slug":"james","polygon_field_name":"James"},"type":"Feature"},{"geometry":{"coordinates":[[[2.23182824600002,56.407660514],[2.25266212900004,56.4076607590001],[2.25266228800007,56.4034939460001],[2.27766294600002,56.403494241],[2.27766310600003,56.3993274270001],[2.28182988200007,56.3993274760001],[2.28183083800008,56.374326593],[2.25266340400003,56.3743262500001],[2.25266324500006,56.3784930640001],[2.23599614000005,56.3784928680001],[2.23599550200004,56.395160122],[2.23182872500007,56.3951600730001],[2.23182824600002,56.407660514]]],"type":"Polygon"},"properties":{"determination_status":"CURRENT","field_no":"258","match_method":"normalized","matched_pprs_field":"JANICE","matched_pprs_slug":"janice","polygon_field_name":"Janice"},"type":"Feature"},{"geometry":{"coordinates":[[[2.09847518100003,56.824340384],[2.19847783800003,56.8243415700001],[2.19847980500003,56.7743397880001],[2.22348046900004,56.7743400840001],[2.22348079600005,56.766006454],[2.24848146000005,56.76600675],[2.24848244000003,56.74100586],[2.25681599400002,56.7410059580001],[2.25681664600006,56.7243386980001],[2.24848309200007,56.7243386000001],[2.24848439400006,56.6910040810001],[2.22348373200003,56.6910037860001],[2.22348405700006,56.682670156],[2.19014984100005,56.6826697610001],[2.19014951500003,56.691003392],[2.17348240700005,56.6910031940001],[2.17348175500007,56.707670453],[2.15681464600004,56.707670255],[2.15681399400006,56.7243375150001],[2.14014688600003,56.724337318],[2.14014557800004,56.757671837],[2.12347847000007,56.7576716390001],[2.12347683000007,56.79933979],[2.11097649900006,56.7993396420001],[2.11097617000007,56.807673272],[2.09847583900006,56.807673123],[2.09847518100003,56.824340384]]],"type":"Polygon"},"properties":{"determination_status":"CURRENT","field_no":"436","match_method":"normalized","matched_pprs_field":"JASMINE","matched_pprs_slug":"jasmine","polygon_field_name":"Jasmine"},"type":"Feature"},{"geometry":{"coordinates":[[[2.14014525100004,56.7660054670001],[2.16514591400005,56.7660057640001],[2.16514558700004,56.774339393],[2.18181269500008,56.7743395910001],[2.18181204000007,56.791006854],[2.24848047900002,56.791007644],[2.24848260300007,56.7368390450001],[2.28181682100006,56.7368394390001],[2.28181616900002,56.7535066990001],[2.35681816400006,56.7535075850001],[2.35681865300006,56.741007139],[2.36515220800004,56.7410072380001],[2.36515253400006,56.732673607],[2.39848675400003,56.732674],[2.39848935000003,56.666004962],[2.43182356900007,56.666005355],[2.43182488600007,56.632670836],[2.39849064400005,56.632670444],[2.39849097300004,56.624347974],[2.31515542400007,56.624335833],[2.31515477600004,56.6410030920001],[2.28182055900004,56.6410026980001],[2.28182023500005,56.6493363270001],[2.24848601800005,56.6493359340001],[2.24848569400007,56.6576695630001],[2.21515147800005,56.657669169],[2.21515115300002,56.6660027990001],[2.19015049100005,56.6660025030001],[2.19014984100005,56.6826697610001],[2.17348273200002,56.682669564],[2.17348240700005,56.6910031940001],[2.15681529800003,56.6910029970001],[2.15681464600004,56.707670255],[2.14014753900005,56.7076700580001],[2.14014525100004,56.7660054670001]]],"type":"Polygon"},"properties":{"determination_status":"CURRENT","field_no":"162","match_method":"normalized","matched_pprs_field":"JOANNE","matched_pprs_slug":"joanne","polygon_field_name":"Joanne"},"type":"Feature"},{"geometry":{"coordinates":[[[1.16521880300007,54.0659013330001],[1.23744278500004,54.0659021760001],[1.23744297200005,54.0603464370001],[1.25411004600005,54.0603466310001],[1.25411042000007,54.049235153],[1.26522180200004,54.049235283],[1.26522208200004,54.040901675],[1.27355561900004,54.040901772],[1.27355571200007,54.0381239020001],[1.28188924800003,54.038123999],[1.28188943500004,54.0325682600001],[1.30133435500005,54.0325684860001],[1.30133454100007,54.0270127480001],[1.31244592300004,54.0270128770001],[1.31244620300004,54.018679268],[1.31522404900005,54.0186793010001],[1.31522414200003,54.0159014320001],[1.32355767800004,54.0159015290001],[1.32355795800004,54.00756792],[1.32633580400005,54.007567953],[1.32633608300006,53.999234345],[1.31522470100003,53.999234216],[1.31522460800005,54.002012085],[1.30689107100005,54.002011988],[1.30689097700002,54.004789858],[1.29855744100007,54.004789761],[1.29855734800003,54.0075676290001],[1.29022381200002,54.0075675320001],[1.29022371900004,54.010345402],[1.28189018100005,54.010345305],[1.28188999500003,54.015901044],[1.27077861300006,54.015900915],[1.27077852000002,54.018678783],[1.26105606100003,54.01867867],[1.26105592100004,54.0228454740001],[1.25272238500003,54.0228453770001],[1.25272224500003,54.0270121820001],[1.24855547600004,54.027012133],[1.24855528900002,54.0325678720001],[1.23188821600007,54.032567677],[1.23188812300003,54.0353455470001],[1.21938781800003,54.035345401],[1.21938772400006,54.0381232710001],[1.20688742000004,54.038123125],[1.20688737300003,54.03951206],[1.19438706900007,54.0395119140001],[1.19438692800003,54.0436787180001],[1.18605339200008,54.04367862],[1.18605325200002,54.047845425],[1.17771971600007,54.0478453280001],[1.17771962200004,54.050623197],[1.16521931800003,54.0506230510001],[1.16521880300007,54.0659013330001]]],"type":"Polygon"},"properties":{"determination_status":"CURRENT","field_no":"163","match_method":"normalized","matched_pprs_field":"JOHNSTON","matched_pprs_slug":"johnston","polygon_field_name":"Johnston"},"type":"Feature"},{"geometry":{"coordinates":[[[2.25681599400002,56.7410059580001],[2.28181665800003,56.7410062540001],[2.28181616900002,56.7535066990001],[2.29848327900004,56.753506896],[2.29848279000004,56.766007341],[2.33181700900008,56.7660077350001],[2.33181733600003,56.757674104],[2.34848444600004,56.7576743010001],[2.34848509800003,56.741007041],[2.36515220800004,56.7410072380001],[2.36515253400006,56.732673607],[2.39848675400003,56.732674],[2.39849032100005,56.6410040740001],[2.37348965700005,56.6410037790001],[2.37348998000004,56.632670149],[2.29848799100006,56.6326692650001],[2.29848766800006,56.641002895],[2.27348700500005,56.6410026],[2.27348635700002,56.6576698580001],[2.23181858500004,56.6576693660001],[2.23181793600003,56.6743366250001],[2.22348438200004,56.674336526],[2.22348373200003,56.6910037860001],[2.24848439400006,56.6910040810001],[2.24848309200007,56.7243386000001],[2.25681664600006,56.7243386980001],[2.25681599400002,56.7410059580001]]],"type":"Polygon"},"properties":{"determination_status":"CURRENT","field_no":"165","match_method":"normalized","matched_pprs_field":"JUDY","matched_pprs_slug":"judy","polygon_field_name":"Judy"},"type":"Feature"},{"geometry":{"coordinates":[[[1.86496624400007,60.5828108200001],[1.88718912100006,60.5828110950001],[1.88718926300004,60.5800332100001],[1.89552284200005,60.580033314],[1.89552298400002,60.5772554280001],[1.91496800200002,60.5772556690001],[1.91496857000004,60.566144127],[1.93163572700007,60.5661443330001],[1.93163601100002,60.5605885620001],[1.92608029200005,60.5605884930001],[1.92608043400003,60.5578106080001],[1.92052471400007,60.5578105390001],[1.92052514000005,60.5494768830001],[1.91774728000007,60.549476849],[1.91774742200005,60.546698963],[1.91358063300004,60.5466989110001],[1.91358077500007,60.5439210260001],[1.90941398500007,60.5439209740001],[1.90941426800003,60.5383652040001],[1.88441353300004,60.538364894],[1.88441324900003,60.543920665],[1.88163538900005,60.5439206300001],[1.88163510600003,60.549476401],[1.87746831700002,60.5494763500001],[1.87746789100004,60.5578100060001],[1.87052324200005,60.5578099200001],[1.87052295800004,60.5633656910001],[1.86496723900007,60.563365622],[1.86496624400007,60.5828108200001]]],"type":"Polygon"},"properties":{"determination_status":"CURRENT","field_no":"440","match_method":"normalized","matched_pprs_field":"JURA","matched_pprs_slug":"jura","polygon_field_name":"Jura"},"type":"Feature"},{"geometry":{"coordinates":[[[1.58444743000007,59.6661055010001],[1.54555708800007,59.6661050210001],[1.54555771600008,59.67443867],[1.54833557300003,59.6744387050001],[1.54833496900005,59.6869391800001],[1.55389068400007,59.686939248],[1.55389061600005,59.68832819],[1.55527954400003,59.688328207],[1.55527947700006,59.689717149],[1.55666840600003,59.689717166],[1.55666833800007,59.691106108],[1.55805726700004,59.691106125],[1.55805713300003,59.6938840080001],[1.55944606100007,59.693884025],[1.55944592700007,59.6966619090001],[1.56222378400003,59.696661943],[1.56222365000002,59.6994398260001],[1.56500150700003,59.699439861],[1.58444650600006,59.6994401010001],[1.58444743000007,59.6661055010001]]],"type":"Polygon"},"properties":{"determination_status":"CURRENT","field_no":"300","match_method":"normalized","matched_pprs_field":"KEITH","matched_pprs_slug":"keith","polygon_field_name":"Keith"},"type":"Feature"},{"geometry":{"coordinates":[[[1.07323822400002,61.299495521],[1.06490464300003,61.2994954160001],[1.06490509900004,61.2911617560001],[1.00657003300006,61.291161017],[1.00656866400004,61.316161998],[1.02323582600008,61.3161622090001],[1.02323536900002,61.324495869],[1.04823611200004,61.324496186],[1.04823656800005,61.316162526],[1.06490373100007,61.3161627370001],[1.06490418700002,61.3078290760001],[1.07323776800007,61.307829181],[1.07323822400002,61.299495521]]],"type":"Polygon"},"properties":{"determination_status":"CURRENT","field_no":"272","match_method":"normalized","matched_pprs_field":"KESTREL","matched_pprs_slug":"kestrel","polygon_field_name":"Kestrel"},"type":"Feature"},{"geometry":{"coordinates":[[[2.74859369500007,53.990917073],[2.79859494500005,53.9909176400001],[2.79859521600002,53.9825840300001],[2.80692875800003,53.982584124],[2.80692957200006,53.9575832950001],[2.81526311500005,53.9575833900001],[2.81526374700007,53.938138301],[2.82359728800003,53.9381383960001],[2.82359755900006,53.929804786],[2.83193110000002,53.9298048800001],[2.83193155100003,53.915915532],[2.81526446900006,53.9159153430001],[2.81526437900004,53.9186932120001],[2.80970868400004,53.918693149],[2.80970859400003,53.9214710190001],[2.80415290000002,53.9214709570001],[2.80415272000005,53.927026697],[2.80137487200005,53.927026665],[2.80137478200004,53.9298045350001],[2.79581908700004,53.9298044720001],[2.79581899700003,53.9325823410001],[2.79026330300007,53.932582278],[2.79026312300005,53.9381380180001],[2.78470742800005,53.9381379550001],[2.78470715700007,53.946471564],[2.78192930900002,53.9464715330001],[2.78192921900006,53.9492494030001],[2.77915137300005,53.9492493710001],[2.77915128200004,53.952027242],[2.77637343500004,53.95202721],[2.77637334400004,53.95480508],[2.77359549700003,53.9548050490001],[2.77359540600003,53.9575829180001],[2.77081755900002,53.9575828860001],[2.77081746900006,53.9603607560001],[2.76526177500006,53.960360693],[2.76526168400005,53.963138563],[2.75970599000004,53.9631385000001],[2.75970589900004,53.9659163700001],[2.75692805200003,53.965916339],[2.75692796100003,53.968694208],[2.75137226700002,53.968694145],[2.75137208600006,53.9742498850001],[2.74859423900006,53.974249854],[2.74859369500007,53.990917073]]],"type":"Polygon"},"properties":{"determination_status":"CURRENT","field_no":"524","match_method":"normalized","matched_pprs_field":"KEW","matched_pprs_slug":"kew","polygon_field_name":"Kew"},"type":"Feature"},{"geometry":{"coordinates":[[[1.24854492800006,54.3325767680001],[1.32354747700003,54.332577486],[1.32354723600002,54.3242450770001],[1.33743654100005,54.324245239],[1.33743692100006,54.3131329990001],[1.35132570000007,54.31313435],[1.35132717500005,54.304801201],[1.35688275800004,54.3048000750001],[1.35688304200005,54.2964650220001],[1.37077217800004,54.2964675640001],[1.37077117800004,54.290910744],[1.38188353400005,54.290910873],[1.38188381800006,54.2825781990001],[1.39855187600006,54.2825772050001],[1.39855125300005,54.2659098350001],[1.36521680300007,54.2659094460001],[1.36521551900006,54.268687797],[1.34577222800004,54.2686875700001],[1.34577203800006,54.274244272],[1.32632767700005,54.274244045],[1.32632748700007,54.2797992010001],[1.31521465600002,54.2797990710001],[1.31521575100004,54.282576707],[1.30132685300003,54.282576545],[1.30132547400007,54.288132058],[1.29021300000005,54.288131928],[1.29021528400006,54.2909111110001],[1.28188089800005,54.290909825],[1.28187942500006,54.2992426170001],[1.26521362800003,54.2992436120001],[1.26521305800003,54.3159101480001],[1.24854549900004,54.315910945],[1.24854492800006,54.3325767680001]]],"type":"Polygon"},"properties":{"determination_status":"CURRENT","field_no":"397","match_method":"normalized","matched_pprs_field":"KILMAR","matched_pprs_slug":"kilmar","polygon_field_name":"Kilmar"},"type":"Feature"},{"geometry":{"coordinates":[[[1.54698921700003,58.764682242],[1.54698940600002,58.76051542],[1.55671189800006,58.760515538],[1.55671340700007,58.7271809650001],[1.51504558600004,58.7271804550001],[1.51504514600003,58.7369030390001],[1.49837801700005,58.736902834],[1.49837745100007,58.7494033],[1.48171032200003,58.749403096],[1.48171013300004,58.753569918],[1.45393158700006,58.7535695770001],[1.45393120800003,58.7619032200001],[1.44837549800008,58.7619031520001],[1.44837530900003,58.7660699750001],[1.44281959900007,58.766069906],[1.44281941000003,58.770236728],[1.43726370100006,58.770236659],[1.43726351200007,58.7744034820001],[1.43726237400006,58.799404413],[1.49837518000004,58.799405162],[1.49837555900007,58.7910715180001],[1.50948697800004,58.7910716550001],[1.50948723100004,58.785515892],[1.51504295000007,58.78551602],[1.51504306700002,58.7827380780001],[1.51782092300004,58.7827381130001],[1.51782104800003,58.7799602320001],[1.52476568500003,58.7799603170001],[1.52476593700004,58.7744045540001],[1.53171057400004,58.7744046390001],[1.53171082600005,58.768848876],[1.54004439100004,58.7688489780001],[1.54004458000003,58.764682157],[1.54698921700003,58.764682242]]],"type":"Polygon"},"properties":{"determination_status":"CURRENT","field_no":"219","match_method":"normalized","matched_pprs_field":"KINGFISHER","matched_pprs_slug":"kingfisher","polygon_field_name":"Kingfisher"},"type":"Feature"},{"geometry":{"coordinates":[[[1.54840001200006,58.274386323],[1.62562150900004,58.2743872620001],[1.65253646500003,58.245219848],[1.63173690300005,58.245219595],[1.63173708500005,58.2410527760001],[1.61506996300005,58.241052573],[1.61507014500006,58.2368857530001],[1.59840302200007,58.2368855500001],[1.59840465900004,58.1993841710001],[1.51506905000002,58.1993831570001],[1.51506722800002,58.2410513570001],[1.54840147200002,58.241051763],[1.54840001200006,58.274386323]]],"type":"Polygon"},"properties":{"determination_status":"CURRENT","field_no":"482","match_method":"normalized","matched_pprs_field":"KINNOULL","matched_pprs_slug":"kinnoull","polygon_field_name":"Kinnoull"},"type":"Feature"},{"geometry":{"coordinates":[[[0.431738274000054,57.4660098910001],[0.431737568000074,57.4826771570001],[0.481738880000023,57.482677772],[0.481738527000061,57.491011406],[0.515072737000025,57.4910118160001],[0.515073090000044,57.482678181],[0.556740852000075,57.4826786930001],[0.556741557000066,57.4660114270001],[0.531740900000045,57.4660111200001],[0.531741252000074,57.4576774860001],[0.498407044000032,57.457677077],[0.498406691000071,57.4660107110001],[0.431738274000054,57.4660098910001]]],"type":"Polygon"},"properties":{"determination_status":"CURRENT","field_no":"082","match_method":"normalized","matched_pprs_field":"KITTIWAKE","matched_pprs_slug":"kittiwake","polygon_field_name":"Kittiwake"},"type":"Feature"},{"geometry":{"coordinates":[[[1.24831343000005,59.9522233430001],[1.29831486000006,59.952223965],[1.29831595800005,59.930000894],[1.28720453000005,59.930000756],[1.28720507800006,59.91888922],[1.27609365000006,59.9188890820001],[1.27609433500004,59.9049996640001],[1.27053862000002,59.904999595],[1.27053903100006,59.8966659430001],[1.26498331700003,59.8966658740001],[1.26498359100003,59.891110107],[1.25109430600003,59.891109934],[1.25109458000003,59.8855541660001],[1.24276100800006,59.885554063],[1.24276114500003,59.8827761790001],[1.22609400300007,59.8827759710001],[1.22609441400004,59.8744423210001],[1.20109370100005,59.8744420090001],[1.20109301700006,59.8883314280001],[1.20942658700005,59.8883315320001],[1.20942603900005,59.8994430660001],[1.21498175400006,59.8994431350001],[1.21498148000006,59.904998903],[1.22053719300004,59.904998972],[1.22053664400005,59.916110507],[1.23164807300003,59.916110646],[1.23164697400006,59.938333716],[1.23998054600003,59.9383338200001],[1.23997999700003,59.9494453550001],[1.24831356800007,59.9494454580001],[1.24831343000005,59.9522233430001]]],"type":"Polygon"},"properties":{"determination_status":"CURRENT","field_no":"538","match_method":"normalized","matched_pprs_field":"KRAKEN","matched_pprs_slug":"kraken","polygon_field_name":"Kraken"},"type":"Feature"},{"geometry":{"coordinates":[[[1.28164641000006,59.9786136540001],[1.28164661600005,59.9744468280001],[1.28998018900006,59.974446932],[1.28998122000007,59.9536128030001],[1.25664693300007,59.9536123880001],[1.25664590100007,59.974446517],[1.26497947300004,59.974446621],[1.26497926700006,59.978613447],[1.28164641000006,59.9786136540001]]],"type":"Polygon"},"properties":{"determination_status":"CURRENT","field_no":"546","match_method":"normalized","matched_pprs_field":"KRAKEN NORTH","matched_pprs_slug":"kraken-north","polygon_field_name":"Kraken North"},"type":"Feature"},{"geometry":{"coordinates":[[[1.21928334200004,56.8743316470001],[1.21928300700006,56.8826652770001],[1.19844912800005,56.8826650250001],[1.19844778500004,56.9159995460001],[1.26511620000002,56.91600035],[1.26511787600003,56.8743322],[1.21928334200004,56.8743316470001]]],"type":"Polygon"},"properties":{"determination_status":"CURRENT","field_no":"286","match_method":"normalized","matched_pprs_field":"KYLE","matched_pprs_slug":"kyle","polygon_field_name":"Kyle"},"type":"Feature"},{"geometry":{"coordinates":[[[-2.90185691899995,60.9744309860001],[-2.88518979699995,60.97443121],[-2.88519027199993,60.9827648630001],[-2.86018958899996,60.9827652000001],[-2.86019006399994,60.991098854],[-2.82685581999993,60.9910993020001],[-2.82685344999993,60.9494310320001],[-2.83518701099996,60.9494309200001],[-2.83518606499996,60.932763612],[-2.86852030799997,60.9327631640001],[-2.86851983499997,60.92442951],[-2.90185407599995,60.9244290620001],[-2.90185313099994,60.9077617550001],[-3.00185584999997,60.907760409],[-3.00185561399996,60.903593583],[-3.03518985199997,60.9035931350001],[-3.03519150999995,60.9327609210001],[-3.01852439099997,60.9327611460001],[-3.01852533899995,60.9494284530001],[-3.00185821899993,60.9494286780001],[-3.00185869399996,60.9577623310001],[-2.95185733199997,60.9577630050001],[-2.95185780699995,60.9660966590001],[-2.90185644399997,60.9660973320001],[-2.90185691899995,60.9744309860001]]],"type":"Polygon"},"properties":{"determination_status":"CURRENT","field_no":"474","match_method":"normalized","matched_pprs_field":"LAGGAN","matched_pprs_slug":"laggan","polygon_field_name":"Laggan"},"type":"Feature"},{"geometry":{"coordinates":[[[-3.87128445299993,60.2077220140001],[-3.82406099699995,60.2077226540001],[-3.82406054199993,60.199389006],[-3.76850353399993,60.1993897580001],[-3.76850277599993,60.185500345],[-3.79628127999996,60.185499969],[-3.79628082499994,60.1771663220001],[-3.84072643099995,60.1771657200001],[-3.84072612799997,60.1716099550001],[-3.89350528299997,60.1716092400001],[-3.89350634499993,60.1910544180001],[-3.88517279299998,60.1910545310001],[-3.88517294499997,60.1938324130001],[-3.87128369299995,60.1938326010001],[-3.87128445299993,60.2077220140001]]],"type":"Polygon"},"properties":{"determination_status":"CURRENT","field_no":"572","match_method":"normalized","matched_pprs_field":"LANCASTER","matched_pprs_slug":"lancaster","polygon_field_name":"Lancaster"},"type":"Feature"},{"geometry":{"coordinates":[[[1.33191151900007,53.3992147960001],[1.31524445300005,53.3992146040001],[1.31524337400003,53.432549018],[1.34718858700006,53.4325493870001],[1.36524457800004,53.4325495950001],[1.36524484700004,53.424215992],[1.38191191500005,53.424216184],[1.38191218400004,53.4158825810001],[1.40691278600002,53.415882869],[1.40691305500008,53.4075492650001],[1.42358012400007,53.4075494570001],[1.42358084100005,53.385326515],[1.33191196800004,53.3853254570001],[1.33191151900007,53.3992147960001]]],"type":"Polygon"},"properties":{"determination_status":"CURRENT","field_no":"146","match_method":"normalized","matched_pprs_field":"LANCELOT","matched_pprs_slug":"lancelot","polygon_field_name":"Lancelot"},"type":"Feature"},{"geometry":{"coordinates":[[[1.28448918700002,58.6049508670001],[1.28171133300003,58.604950833],[1.28171189600005,58.5924503700001],[1.26921155200006,58.5924502170001],[1.24004408500002,58.5924498580001],[1.24004364700005,58.6021724410001],[1.23726579200007,58.6021724070001],[1.23726466400007,58.6271733340001],[1.23448681000002,58.627173299],[1.23448643300003,58.6355069410001],[1.26226497500005,58.635507283],[1.26226485000007,58.6382851640001],[1.29837695400005,58.6382856070001],[1.29837745600003,58.627174084],[1.29004389400006,58.627173982],[1.29004414400003,58.6216182200001],[1.28726629000005,58.621618186],[1.28726654100006,58.6160624240001],[1.28448868600003,58.6160623900001],[1.28448918700002,58.6049508670001]]],"type":"Polygon"},"properties":{"determination_status":"CURRENT","field_no":"259","match_method":"normalized","matched_pprs_field":"LARCH","matched_pprs_slug":"larch","polygon_field_name":"Larch"},"type":"Feature"},{"geometry":{"coordinates":[[[0.640102941000066,56.840990112],[0.652603265000039,56.840990264],[0.652603096000064,56.8451570780001],[0.690104068000039,56.8451575350001],[0.690103899000064,56.849324349],[0.731771646000027,56.8493248560001],[0.731771477000052,56.853491671],[0.752605351000057,56.8534919240001],[0.752605689000063,56.845158294],[0.765106013000036,56.845158446],[0.765106519000028,56.8326580030001],[0.740105870000036,56.832657699],[0.740106039000068,56.8284908850001],[0.698438292000048,56.8284903790001],[0.698438123000074,56.8326571920001],[0.640103279000073,56.8326564830001],[0.640102941000066,56.840990112]]],"type":"Polygon"},"properties":{"determination_status":"CURRENT","field_no":"598","match_method":null,"matched_pprs_field":null,"matched_pprs_slug":null,"polygon_field_name":"Laverda"},"type":"Feature"},{"geometry":{"coordinates":[[[2.14861055700004,52.999211223],[2.11527641900005,52.9992108450001],[2.11527590000003,53.015878048],[2.08194176100005,53.0158776700001],[2.08194072100002,53.0492120750001],[2.03193951300005,53.049211508],[2.03193847000006,53.082545914],[2.01527140100006,53.082545725],[2.01527087900007,53.099212929],[1.99860380900003,53.0992127390001],[1.99860223800005,53.1492143510001],[2.01526930800003,53.149214541],[2.01526878400006,53.1658817460001],[2.11527120600005,53.1658828820001],[2.11527173000007,53.149215677],[2.18194001200004,53.149216433],[2.18194053500002,53.1325492280001],[2.24860881900003,53.132549983],[2.24860934100008,53.1158827790001],[2.28194348300002,53.1158831560001],[2.28194400300004,53.0992159510001],[2.29861107500005,53.0992161400001],[2.29861159500007,53.082548935],[2.36527988100005,53.082549688],[2.36528040000007,53.065882485],[2.41528161500003,53.065883049],[2.41528213200007,53.0492158440001],[2.43194920300004,53.0492160320001],[2.43195075300002,52.9992144220001],[2.39861661100002,52.9992140460001],[2.39861712600003,52.9825468430001],[2.33194884300002,52.9825460910001],[2.33194875700002,52.985323959],[2.30417030700005,52.9853236450001],[2.30417022100005,52.9881015130001],[2.29861453100006,52.98810145],[2.29861444500006,52.9908793170001],[2.29305875400007,52.990879255],[2.29305866800007,52.9936571210001],[2.28472513300005,52.993657027],[2.28472504700005,52.9964348940001],[2.27916935700006,52.996434831],[2.27916944300006,52.9936569640001],[2.27639159800003,52.9936569330001],[2.27639168400003,52.990879066],[2.24861323400006,52.9908787530001],[2.24861349300005,52.9825451510001],[2.20416797400003,52.982544648],[2.14861107500008,52.98254402],[2.14861055700004,52.999211223]]],"type":"Polygon"},"properties":{"determination_status":"CURRENT","field_no":"002","match_method":null,"matched_pprs_field":null,"matched_pprs_slug":null,"polygon_field_name":"Leman"},"type":"Feature"},{"geometry":{"coordinates":[[[2.27361383900006,52.990879035],[2.27639168400003,52.990879066],[2.27639159800003,52.9936569330001],[2.27916944300006,52.9936569640001],[2.27916935700006,52.996434831],[2.28472504700005,52.9964348940001],[2.28472513300005,52.993657027],[2.29305866800007,52.9936571210001],[2.29305875400007,52.990879255],[2.29861444500006,52.9908793170001],[2.29861453100006,52.98810145],[2.30417022100005,52.9881015130001],[2.30417030700005,52.9853236450001],[2.33194875700002,52.985323959],[2.33194884300002,52.9825460910001],[2.34861591400005,52.9825462790001],[2.34861643000005,52.9658790780001],[2.30972659900004,52.965878639],[2.30972642700004,52.9714443730001],[2.29861504700006,52.971434247],[2.29861487500006,52.9769899820001],[2.29583703000003,52.9769899500001],[2.29583694400003,52.979767818],[2.28750340900007,52.9797677240001],[2.28750332300007,52.98254559],[2.27916978800005,52.9825454960001],[2.27916970200005,52.9853233630001],[2.27361401100006,52.9853233000001],[2.27361383900006,52.990879035]]],"type":"Polygon"},"properties":{"determination_status":"CURRENT","field_no":"532","match_method":"normalized","matched_pprs_field":"LEMAN SOUTH","matched_pprs_slug":"leman-south","polygon_field_name":"Leman South"},"type":"Feature"},{"geometry":{"coordinates":[[[-3.20153531699998,53.6533352070001],[-3.15986772499997,53.6533357260001],[-3.15986757799993,53.6491689260001],[-3.15153405899997,53.6491690300001],[-3.15153391199993,53.64500223],[-3.14320039399996,53.645002333],[-3.14320024699992,53.6408355340001],[-3.13903348799994,53.640835586],[-3.13903319399998,53.6325019860001],[-3.13486643399995,53.632502038],[-3.13486570099997,53.6116680390001],[-3.15153273799996,53.6116678320001],[-3.15153268899996,53.610278899],[-3.18486676199996,53.610278484],[-3.18486681099995,53.611667417],[-3.20153384799994,53.6116672100001],[-3.20153428799995,53.624167609],[-3.20986780599998,53.6241675050001],[-3.20986839399995,53.640834704],[-3.20153487599993,53.6408348080001],[-3.20153531699998,53.6533352070001]]],"type":"Polygon"},"properties":{"determination_status":"CURRENT","field_no":"185","match_method":"normalized","matched_pprs_field":"LENNOX","matched_pprs_slug":"lennox","polygon_field_name":"Lennox"},"type":"Feature"},{"geometry":{"coordinates":[[[2.24293623300002,56.496552675],[2.25404763800003,56.4965528060001],[2.25404795900005,56.4882191780001],[2.26515936400006,56.488219309],[2.26515957700002,56.4826635570001],[2.27904883300005,56.4826637200001],[2.27904904700006,56.477107969],[2.27349334400003,56.477107903],[2.27349345100004,56.4743300270001],[2.26515989800004,56.4743299290001],[2.26520549300005,56.4715907870001],[2.25682645100005,56.4715519540001],[2.25682655800006,56.4687740780001],[2.25404870800003,56.4687740460001],[2.25404881500003,56.46599617],[2.24571526100004,56.4659960720001],[2.24571536800005,56.4632181960001],[2.23460396400003,56.463218065],[2.23460407100004,56.4604401890001],[2.22904836900005,56.4604401230001],[2.22904847600006,56.457662247],[2.22071492300006,56.457662149],[2.22071513600002,56.4521063980001],[2.19293662700005,56.4521060700001],[2.19293630600004,56.460439697],[2.18738060500004,56.460439632],[2.18738039100003,56.4659953840001],[2.19015824200005,56.465995417],[2.19015802800004,56.4715511680001],[2.19571372900003,56.4715512340001],[2.19571340800007,56.4798848620001],[2.20404696200006,56.479884961],[2.20404685500006,56.482662836],[2.21515825900002,56.4826629670001],[2.21515815200007,56.485440843],[2.22071385300006,56.485440909],[2.22071363900005,56.4909966610001],[2.23182504300007,56.490996792],[2.23182493600007,56.4937746680001],[2.24293634000003,56.4937747990001],[2.24293623300002,56.496552675]]],"type":"Polygon"},"properties":{"determination_status":"CURRENT","field_no":"171","match_method":"normalized","matched_pprs_field":"LEVEN","matched_pprs_slug":"leven","polygon_field_name":"Leven"},"type":"Feature"},{"geometry":{"coordinates":[[[0.931711243000052,58.393827614],[0.998379722000038,58.393828435],[0.998382445000061,58.332715073],[0.965048207000052,58.332714663],[0.965047465000055,58.3493819430001],[0.931713227000046,58.349381533],[0.931712484000059,58.3660488130001],[0.90948965900003,58.3660485400001],[0.909489163000046,58.3771600600001],[0.923378428000035,58.3771602310001],[0.923378304000039,58.3799381110001],[0.931711864000022,58.379938214],[0.931711243000052,58.393827614]]],"type":"Polygon"},"properties":{"determination_status":"CURRENT","field_no":"458","match_method":"normalized","matched_pprs_field":"LOCHRANZA","matched_pprs_slug":"lochranza","polygon_field_name":"Lochranza"},"type":"Feature"},{"geometry":{"coordinates":[[[1.45667058200007,59.5855453090001],[1.47055986500004,59.5855454810001],[1.47056039900002,59.5744339490001],[1.47333825600003,59.5744339830001],[1.47333878900002,59.563322451],[1.43861558200007,59.5633220220001],[1.43861477000007,59.5799893500001],[1.44417049400005,59.579989389],[1.44417036100003,59.5827672720001],[1.45667071500003,59.582767426],[1.45667058200007,59.5855453090001]]],"type":"Polygon"},"properties":{"determination_status":"CURRENT","field_no":"431","match_method":"normalized","matched_pprs_field":"LOIRSTON","matched_pprs_slug":"loirston","polygon_field_name":"Loirston"},"type":"Feature"},{"geometry":{"coordinates":[[[2.19845781300006,57.3243595100001],[2.19846085900002,57.249356805],[2.13179240000005,57.249356011],[2.13179172300005,57.266023278],[2.11512460900002,57.2660230800001],[2.11512325400003,57.299357614],[2.09845613900006,57.2993574160001],[2.09845580000007,57.307691049],[2.08178868400006,57.30769085],[2.08178834500006,57.3160244850001],[2.07345478800005,57.316024385],[2.07345410800002,57.332691653],[2.06512055000007,57.3326915530001],[2.06511850600003,57.382693359],[2.09845273700006,57.382693757],[2.09845341900007,57.366026489],[2.10678697600002,57.3660265880001],[2.10678765700004,57.349359319],[2.11512121600003,57.3493594190001],[2.11512189600006,57.3326921500001],[2.14845612600004,57.3326925480001],[2.14845646600003,57.3243589140001],[2.19845781300006,57.3243595100001]]],"type":"Polygon"},"properties":{"determination_status":"CURRENT","field_no":"127","match_method":"normalized","matched_pprs_field":"LOMOND","matched_pprs_slug":"lomond","polygon_field_name":"Lomond"},"type":"Feature"},{"geometry":{"coordinates":[[[-3.30172697199993,58.2743248290001],[-3.24339218199998,58.274325597],[-3.24339099799994,58.2493246930001],[-3.30172578699995,58.2493239250001],[-3.30172697199993,58.2743248290001]]],"type":"Polygon"},"properties":{"determination_status":"CURRENT","field_no":"451","match_method":"normalized","matched_pprs_field":"LYBSTER","matched_pprs_slug":"lybster","polygon_field_name":"Lybster"},"type":"Feature"},{"geometry":{"coordinates":[[[1.23993223300005,60.882814673],[1.19826434100003,60.8828141490001],[1.19825813700004,60.999485362],[1.22325887500006,60.9994856770001],[1.25659319200003,60.9994860960001],[1.25659585400007,60.949484146],[1.27326301300008,60.949484356],[1.27326478200007,60.916149724],[1.28159836000003,60.9161498280001],[1.28159924300007,60.8994825120001],[1.30659997900005,60.8994828260001],[1.30660042000005,60.8911491690001],[1.33160115600003,60.8911494820001],[1.33160335500003,60.849481193],[1.27326830700002,60.849480461],[1.27326698700006,60.8744814340001],[1.23993267400004,60.8744810150001],[1.23993223300005,60.882814673]]],"type":"Polygon"},"properties":{"determination_status":"CURRENT","field_no":"098","match_method":"normalized","matched_pprs_field":"LYELL","matched_pprs_slug":"lyell","polygon_field_name":"Lyell"},"type":"Feature"},{"geometry":{"coordinates":[[[2.04429594600003,57.1035163920001],[2.11929795200007,57.1035172850001],[2.11929828600006,57.0951836520001],[2.13179862100003,57.0951838010001],[2.13179962400005,57.070182904],[2.12763284600004,57.0701828540001],[2.12763318000003,57.061849222],[2.11929962300007,57.0618491230001],[2.11929979000007,57.0576823070001],[2.11096623500003,57.0576822080001],[2.11096640200003,57.0535153920001],[2.07346540000003,57.0535149460001],[2.07346523300004,57.057681761],[2.06096489900006,57.0576816130001],[2.06096473200006,57.0618484290001],[2.05263117700002,57.06184833],[2.05263101000003,57.066015146],[2.04846423100003,57.066015097],[2.04846356200005,57.08268236],[2.04013000600003,57.0826822610001],[2.04012950400005,57.095182709],[2.04429628100007,57.0951827590001],[2.04429594600003,57.1035163920001]]],"type":"Polygon"},"properties":{"determination_status":"CURRENT","field_no":"191","match_method":"normalized","matched_pprs_field":"MACHAR","matched_pprs_slug":"machar","polygon_field_name":"Machar"},"type":"Feature"},{"geometry":{"coordinates":[[[1.60251771300005,59.382761658],[1.64001877400005,59.3827621190001],[1.64002073900002,59.3410938800001],[1.61085324800007,59.3410935210001],[1.61085305200004,59.3452603440001],[1.60668626700004,59.3452602930001],[1.60668607000002,59.3494271170001],[1.60251928700006,59.349427066],[1.60251895900007,59.356371772],[1.61085252800007,59.356371875],[1.61085206900003,59.3660944650001],[1.60946314100005,59.3660944480001],[1.60946274700007,59.374428095],[1.60251810700004,59.37442801],[1.60251771300005,59.382761658]]],"type":"Polygon"},"properties":{"determination_status":"CURRENT","field_no":"255","match_method":"normalized","matched_pprs_field":"MACLURE","matched_pprs_slug":"maclure","polygon_field_name":"Maclure"},"type":"Feature"},{"geometry":{"coordinates":[[[1.39844578400005,57.185464605],[1.43177631100002,57.185456097],[1.43177689800007,57.182679566],[1.46510971100003,57.1826791600001],[1.46511043100003,57.174345363],[1.48177780800006,57.1743455640001],[1.48177916700007,57.1410104990001],[1.43177814600006,57.14101035],[1.43177780600007,57.149344033],[1.39844359100005,57.1493436310001],[1.39844307300007,57.1660109530001],[1.39844578400005,57.185464605]]],"type":"Polygon"},"properties":{"determination_status":"CURRENT","field_no":"337","match_method":"normalized","matched_pprs_field":"MADOES","matched_pprs_slug":"madoes","polygon_field_name":"Madoes"},"type":"Feature"},{"geometry":{"coordinates":[[[1.22322660200007,61.5911755650001],[1.22322567200007,61.607842889],[1.21489208900005,61.6078427830001],[1.21489022600002,61.641177434],[1.22322381000004,61.6411775400001],[1.22322311000005,61.6536780340001],[1.23155669400006,61.6536781390001],[1.23155622700006,61.6620118020001],[1.23988981300005,61.6620119070001],[1.23988934600004,61.6703455700001],[1.26489010000006,61.6703458860001],[1.26488893100003,61.6911800440001],[1.29822327100004,61.691180466],[1.29822303700007,61.6953472970001],[1.31489020800007,61.6953475070001],[1.31488997400004,61.6995143390001],[1.34822431500004,61.699514761],[1.34822408100007,61.7036815930001],[1.35655766600007,61.7036816980001],[1.35655743300003,61.707848529],[1.36489101900003,61.7078486340001],[1.36489055100003,61.716182298],[1.39822489300002,61.7161827190001],[1.39822815800005,61.657847077],[1.38156098700006,61.657846867],[1.38156238300007,61.6328458780001],[1.36489521400006,61.6328456680001],[1.36489614300007,61.6161783430001],[1.34822897300006,61.6161781330001],[1.34822990100002,61.5995108070001],[1.33156273200007,61.5995105970001],[1.33156458500002,61.5661759480001],[1.29823024900003,61.566175527],[1.29823071200002,61.5578418640001],[1.27739675200007,61.5578416000001],[1.27739652100007,61.562008432],[1.26489614500002,61.562008274],[1.26489591400002,61.5661751050001],[1.24822874500006,61.5661748950001],[1.24822828200007,61.5745085560001],[1.23989469800006,61.574508451],[1.23989423400008,61.5828421130001],[1.23156065000006,61.5828420070001],[1.23156018500003,61.59117567],[1.22322660200007,61.5911755650001]]],"type":"Polygon"},"properties":{"determination_status":"CURRENT","field_no":"032","match_method":"normalized","matched_pprs_field":"MAGNUS","matched_pprs_slug":"magnus","polygon_field_name":"Magnus"},"type":"Feature"},{"geometry":{"coordinates":[[[0.731747570000039,57.4326790380001],[0.798415994000038,57.4326798530001],[0.798417394000069,57.3993453210001],[0.734526821000031,57.3993445400001],[0.734526238000058,57.4132339280001],[0.731748387000039,57.413233894],[0.731747570000039,57.4326790380001]]],"type":"Polygon"},"properties":{"determination_status":"CURRENT","field_no":"239","match_method":"normalized","matched_pprs_field":"MALLARD","matched_pprs_slug":"mallard","polygon_field_name":"Mallard"},"type":"Feature"},{"geometry":{"coordinates":[[[1.21384847500002,53.5422736310001],[1.21384838500006,53.5450514980001],[1.20551485000004,53.5450514020001],[1.20551475900004,53.5478292700001],[1.19857014800004,53.5478291900001],[1.19856951200006,53.5672742670001],[1.22634795900007,53.5672745890001],[1.22634805000007,53.5644967210001],[1.23190373900007,53.5644967850001],[1.23190383000002,53.5617189170001],[1.23745952000007,53.5617189810001],[1.23745970100003,53.5561632440001],[1.24162646900004,53.5561632930001],[1.24162656000004,53.553385425],[1.24579332600007,53.553385474],[1.24579346200005,53.5492186710001],[1.24857130700002,53.5492187030001],[1.24857135200006,53.547829769],[1.25273812000006,53.547829817],[1.25273821000008,53.545051949],[1.26107174400005,53.545052045],[1.26107183500005,53.5422741780001],[1.26523860200007,53.5422742260001],[1.26523882900005,53.535329555],[1.24023822700002,53.5353292660001],[1.24023813600007,53.538107134],[1.23190460100005,53.5381070380001],[1.23190451100004,53.540884906],[1.22912666700006,53.540884874],[1.22912662100003,53.5422738080001],[1.21384847500002,53.5422736310001]]],"type":"Polygon"},"properties":{"determination_status":"CURRENT","field_no":"260","match_method":"normalized","matched_pprs_field":"MALORY","matched_pprs_slug":"malory","polygon_field_name":"Malory"},"type":"Feature"},{"geometry":{"coordinates":[[[1.67341409000005,58.060491563],[1.70674674300005,58.0604906740001],[1.70674686200005,58.057713618],[1.71230148700005,58.0577113030001],[1.71230160700003,58.0549357830001],[1.72063777300002,58.054935884],[1.72063789300006,58.0521603060001],[1.72619110700003,58.052160374],[1.72619122700007,58.0493801470001],[1.72896949900007,58.049379554],[1.72896973800005,58.043823666],[1.73174890500007,58.0438248890001],[1.73175028300005,57.9993784490001],[1.67341643700007,57.999377924],[1.67341409000005,58.060491563]]],"type":"Polygon"},"properties":{"determination_status":"CURRENT","field_no":"410","match_method":"normalized","matched_pprs_field":"MARIA","matched_pprs_slug":"maria","polygon_field_name":"Maria"},"type":"Feature"},{"geometry":{"coordinates":[[[1.04832442400004,59.6119301320001],[1.15666081500007,59.6119314800001],[1.15666101700003,59.607764655],[1.16082780100004,59.6077647070001],[1.16082901000004,59.58276376],[1.19833006900006,59.5827642260001],[1.19833247800005,59.5327623330001],[1.11499679700006,59.5327612980001],[1.11499559100002,59.5577622440001],[1.08166131800004,59.5577618290001],[1.08166172000006,59.5494281810001],[0.998326042000031,59.549427144],[0.998325236000028,59.5660944410001],[1.00665880400004,59.5660945450001],[1.00665718900007,59.59942914],[1.01499075800007,59.5994292440001],[1.01499055600004,59.6035960680001],[1.02332412400006,59.603596172],[1.02332392200003,59.6077629960001],[1.04832462600007,59.607763307],[1.04832442400004,59.6119301320001]]],"type":"Polygon"},"properties":{"determination_status":"CURRENT","field_no":"497","match_method":"normalized","matched_pprs_field":"MARINER","matched_pprs_slug":"mariner","polygon_field_name":"Mariner"},"type":"Feature"},{"geometry":{"coordinates":[[[2.86110236000007,53.8103568160001],[2.85554666600007,53.8103567530001],[2.85554657600005,53.8131346230001],[2.84860195900006,53.813134544],[2.84860187000004,53.8159124140001],[2.83193478700002,53.8159122260001],[2.83193465300008,53.8200790290001],[2.82499003600003,53.820078951],[2.82498990100004,53.824245755],[2.81526743700005,53.8242456460001],[2.81526730200005,53.82841245],[2.80415591500002,53.828412325],[2.80415578000003,53.8325791280001],[2.79860008600002,53.8325790650001],[2.79859914200006,53.8617466960001],[2.81943299500006,53.8617469320001],[2.81943272500007,53.8700805400001],[2.83193303700006,53.870080681],[2.83193240700007,53.88952577],[2.84859949000003,53.889525958],[2.84859935500003,53.8936927620001],[2.88193352100006,53.893693139],[2.88193370100004,53.8881374000001],[2.89026724300004,53.888137494],[2.94304786400005,53.8409143060001],[2.94443705600003,53.832580712],[2.95277064300006,53.831191871],[2.98193888700007,53.8048024400001],[2.98193946700007,53.7867462880001],[2.94860543600004,53.782579108],[2.91804876100002,53.793690241],[2.89860383200005,53.7936900220001],[2.89860374200003,53.7964678910001],[2.88193666000006,53.7964677030001],[2.88193648100003,53.8020234430001],[2.86526940000005,53.8020232550001],[2.86526922100006,53.807578993],[2.86110245000003,53.807578946],[2.86110236000007,53.8103568160001]]],"type":"Polygon"},"properties":{"determination_status":"CURRENT","field_no":"148","match_method":"normalized","matched_pprs_field":"MARKHAM","matched_pprs_slug":"markham","polygon_field_name":"Markham"},"type":"Feature"},{"geometry":{"coordinates":[[[1.59983122100004,57.3104629520001],[1.63177651700005,57.3104633360001],[1.63177674600007,57.3049075810001],[1.71511230400006,57.304908583],[1.71511253200003,57.2993528270001],[1.74844675600002,57.299353227],[1.74844743800003,57.28268596],[1.69844610300004,57.2826853600001],[1.69844655800006,57.271573849],[1.65955663200003,57.2715733810001],[1.65955754100003,57.2493503600001],[1.68178035500006,57.2493506270001],[1.68178137700005,57.224349728],[1.67344782200007,57.224349628],[1.67344816200006,57.2160159960001],[1.65678105100005,57.2160157960001],[1.65678139100004,57.2076821620001],[1.60678006100005,57.2076815610001],[1.60677903900006,57.232682459],[1.62344615000006,57.2326826600001],[1.62344546800006,57.249349926],[1.63177902300004,57.2493500260001],[1.63177834100003,57.2660172930001],[1.62066693300005,57.2660171590001],[1.62066670600007,57.271572914],[1.61511100300004,57.2715728470001],[1.61511077500006,57.2771286030001],[1.60955507100005,57.2771285360001],[1.60955484300007,57.2826842910001],[1.60399914000004,57.282684224],[1.60399891200007,57.2882399800001],[1.59983213400005,57.28823993],[1.59983122100004,57.3104629520001]]],"type":"Polygon"},"properties":{"determination_status":"CURRENT","field_no":"124","match_method":null,"matched_pprs_field":null,"matched_pprs_slug":null,"polygon_field_name":"Marnock-Skua"},"type":"Feature"},{"geometry":{"coordinates":[[[0.973407391000023,57.7451932910001],[0.998408059000042,57.745193596],[0.998409482000056,57.7118590540001],[0.981742370000063,57.7118588500001],[0.981742193000059,57.716025668],[0.973408637000034,57.716025566],[0.973407391000023,57.7451932910001]]],"type":"Polygon"},"properties":{"determination_status":"CURRENT","field_no":"487","match_method":"normalized","matched_pprs_field":"MAULE","matched_pprs_slug":"maule","polygon_field_name":"Maule"},"type":"Feature"},{"geometry":{"coordinates":[[[2.32905090000003,56.463219177],[2.34849585800004,56.4632194060001],[2.34849596400005,56.4604415300001],[2.37349662400004,56.460441824],[2.37349694400007,56.452108196],[2.38183049700007,56.452108294],[2.38183060400007,56.449330418],[2.39016415800006,56.449330516],[2.39016437100003,56.4437747640001],[2.39572007200007,56.4437748290001],[2.39572081700004,56.4243296980001],[2.36794230600003,56.4243293710001],[2.36794251800006,56.418773619],[2.35127541300005,56.4187734230001],[2.35127488100005,56.432662803],[2.34849702900004,56.43266277],[2.34849692300003,56.4354406460001],[2.33738551900007,56.435440516],[2.33738530600004,56.440996268],[2.32071819900005,56.4409960720001],[2.32071777300007,56.4521075760001],[2.32349562400003,56.4521076080001],[2.32349551700003,56.454885484],[2.32905122000005,56.45488555],[2.32905090000003,56.463219177]]],"type":"Polygon"},"properties":{"determination_status":"CURRENT","field_no":"187","match_method":"normalized","matched_pprs_field":"MEDWIN","matched_pprs_slug":"medwin","polygon_field_name":"Medwin"},"type":"Feature"},{"geometry":{"coordinates":[[[0.598547599000028,53.7936635340001],[0.631881731000021,53.793663925],[0.631882103000066,53.7825524510001],[0.642993481000076,53.7825525820001],[0.642993573000069,53.779774714],[0.659660640000027,53.7797749090001],[0.659660826000049,53.7742191720001],[0.676327893000064,53.774219368],[0.67632807800004,53.76866363],[0.690217300000029,53.768663793],[0.690217393000069,53.7658859250001],[0.695773081000027,53.7658859900001],[0.695773174000067,53.7631081220001],[0.712440241000024,53.763108317],[0.712440334000064,53.760330448],[0.723551711000027,53.760330579],[0.723551804000067,53.75755271],[0.736052104000066,53.7575528560001],[0.736052197000049,53.7547749890001],[0.748552497000048,53.754775135],[0.748552589000042,53.751997266],[0.763830734000067,53.751997445],[0.763831058000051,53.742274906],[0.758275369000046,53.742274841],[0.758275415000071,53.7408859070001],[0.754108649000045,53.7408858580001],[0.75410869500007,53.739496923],[0.749941928000055,53.739496875],[0.749942067000063,53.7353300720001],[0.723552545000075,53.735329763],[0.723552453000025,53.738107631],[0.715218920000041,53.7381075340001],[0.715218827000058,53.7408854020001],[0.706885293000028,53.7408853050001],[0.706885201000034,53.743663172],[0.69855166800005,53.743663074],[0.698551575000067,53.746440943],[0.690218042000026,53.7464408450001],[0.690217950000033,53.7492187140001],[0.670773039000039,53.7492184860001],[0.670772946000056,53.7519963550001],[0.645772347000047,53.7519960610001],[0.645772254000065,53.7547739300001],[0.631883032000076,53.7547737670001],[0.631882939000036,53.757551635],[0.598548808000032,53.7575512430001],[0.598547599000028,53.7936635340001]]],"type":"Polygon"},"properties":{"determination_status":"CURRENT","field_no":"283","match_method":"normalized","matched_pprs_field":"MERCURY","matched_pprs_slug":"mercury","polygon_field_name":"Mercury"},"type":"Feature"},{"geometry":{"coordinates":[[[1.88595552300006,57.174350378],[1.95262397100004,57.174351175],[1.95262430800005,57.1660175430001],[1.96095786400002,57.166017642],[1.96095870700003,57.1451835600001],[1.95401407700007,57.145183477],[1.95401424500005,57.141016661],[1.91095754000003,57.1410161470001],[1.91095737100005,57.1451829630001],[1.89845703800006,57.1451828130001],[1.89845686900003,57.1493496300001],[1.89012331400005,57.1493495300001],[1.89012297700003,57.1576831620001],[1.88595619800003,57.1576831130001],[1.88595552300006,57.174350378]]],"type":"Polygon"},"properties":{"determination_status":"CURRENT","field_no":"408","match_method":"normalized","matched_pprs_field":"MERGANSER","matched_pprs_slug":"merganser","polygon_field_name":"Merganser"},"type":"Feature"},{"geometry":{"coordinates":[[[-3.73489286399996,53.9991729480001],[-3.73489165399997,53.965838542],[-3.76822572599997,53.965838121],[-3.76822633099994,53.982505324],[-3.80156040099996,53.9825049030001],[-3.80156100699998,53.9991721060001],[-3.88489618099993,53.9991710530001],[-3.88489678799993,54.015838257],[-3.90156382299995,54.0158380460001],[-3.90156564899996,54.065839657],[-3.85156454299994,54.0658402890001],[-3.85156393399996,54.0491730850001],[-3.83489689899994,54.049173296],[-3.83489629099995,54.0325060920001],[-3.71822704099998,54.0325075650001],[-3.71822582899995,53.9991731580001],[-3.73489286399996,53.9991729480001]]],"type":"Polygon"},"properties":{"determination_status":"CURRENT","field_no":"290","match_method":"normalized","matched_pprs_field":"MILLOM","matched_pprs_slug":"millom","polygon_field_name":"Millom"},"type":"Feature"},{"geometry":{"coordinates":[[[0.567986728000051,53.9297787410001],[0.567986634000022,53.9325566090001],[0.563819868000053,53.9325565600001],[0.563819727000066,53.936723364],[0.556875115000025,53.9367232820001],[0.556875021000053,53.9395011510001],[0.554097177000074,53.9395011190001],[0.554097083000045,53.9422789880001],[0.54854139400004,53.9422789220001],[0.548541018000037,53.9533903980001],[0.56937485100002,53.953390643],[0.569374569000047,53.96172425],[0.586041637000051,53.9617244460001],[0.58604135500002,53.9700580530001],[0.565207521000048,53.970057807],[0.565207238000028,53.978391415],[0.556873704000054,53.978391317],[0.556873138000071,53.9950585300001],[0.598540808000052,53.995059021],[0.598541232000059,53.9825586100001],[0.606874765000043,53.9825587080001],[0.606875048000063,53.974225102],[0.611041815000021,53.974225151],[0.611042238000039,53.9617247400001],[0.619375772000069,53.9617248380001],[0.619376195000029,53.949224428],[0.62770972900006,53.9492245260001],[0.62771015200002,53.9367241160001],[0.640210453000066,53.936724263],[0.640211016000023,53.920057049],[0.648544549000064,53.9200571470001],[0.648545252000019,53.899223131],[0.623544651000032,53.8992228370001],[0.623544370000047,53.9075564440001],[0.611044069000059,53.9075562960001],[0.611043647000031,53.9200567060001],[0.577709513000059,53.9200563140001],[0.577709372000072,53.924223118],[0.572153683000067,53.9242230520001],[0.572153542000024,53.9283898560001],[0.569375697000055,53.928389823],[0.56937565000004,53.9297787580001],[0.567986728000051,53.9297787410001]]],"type":"Polygon"},"properties":{"determination_status":"CURRENT","field_no":"325","match_method":"normalized","matched_pprs_field":"MINERVA","matched_pprs_slug":"minerva","polygon_field_name":"Minerva"},"type":"Feature"},{"geometry":{"coordinates":[[[1.92345064600005,57.31880047],[1.92345212100003,57.282688057],[1.85678366800005,57.2826872590001],[1.85678219100004,57.3187996710001],[1.92345064600005,57.31880047]]],"type":"Polygon"},"properties":{"determination_status":"CURRENT","field_no":"335","match_method":"normalized","matched_pprs_field":"MIRREN","matched_pprs_slug":"mirren","polygon_field_name":"Mirren"},"type":"Feature"},{"geometry":{"coordinates":[[[1.66507929100004,58.057713112],[1.67341285100002,58.0577132130001],[1.67341297000007,58.054935334],[1.68174653100004,58.0549354350001],[1.68174677000007,58.0493796750001],[1.69008033100005,58.0493797760001],[1.69008045100003,58.0466018970001],[1.69841401100007,58.046601997],[1.69841478900003,58.028545781],[1.66508054800005,58.0285453770001],[1.66507929100004,58.057713112]]],"type":"Polygon"},"properties":{"determination_status":"CURRENT","field_no":"111","match_method":"normalized","matched_pprs_field":"MOIRA","matched_pprs_slug":"moira","polygon_field_name":"Moira"},"type":"Feature"},{"geometry":{"coordinates":[[[1.91511504100004,57.3688021740001],[1.91511606600005,57.3438012720001],[1.86511472500007,57.343800673],[1.86511369900006,57.3688015750001],[1.91511504100004,57.3688021740001]]],"type":"Polygon"},"properties":{"determination_status":"CURRENT","field_no":"198","match_method":"normalized","matched_pprs_field":"MONAN","matched_pprs_slug":"monan","polygon_field_name":"Monan"},"type":"Feature"},{"geometry":{"coordinates":[[[1.31509392100003,57.4910215800001],[1.41509659000008,57.491022791],[1.41509693800003,57.482689156],[1.42343049400006,57.4826892570001],[1.42343136200003,57.4618551720001],[1.43176491700007,57.461855272],[1.43176509100005,57.457688455],[1.44148757300007,57.4576885720001],[1.44148774700005,57.453521756],[1.45259915400004,57.45352189],[1.45259932800008,57.449355073],[1.46509966200006,57.449355224],[1.46510018100003,57.4368547730001],[1.46926695800005,57.436854823],[1.46926799600004,57.411853921],[1.41926666300003,57.4118533170001],[1.41926683600002,57.4076864990001],[1.40259972500007,57.407686298],[1.40259955200003,57.411853115],[1.39148814500004,57.411852981],[1.39148808800007,57.4132419200001],[1.38732131000006,57.413241869],[1.38732125200005,57.414630808],[1.38454340000004,57.414630775],[1.38454334200003,57.4160197140001],[1.37898763900006,57.416019647],[1.37898752400002,57.4187975240001],[1.36926504200005,57.4187974060001],[1.36926498400004,57.420186345],[1.35676465100005,57.4201861940001],[1.35676430400002,57.428519829],[1.34843074900004,57.428519728],[1.34843040300007,57.4368533620001],[1.33593007000007,57.43685321],[1.33592937500003,57.4535204790001],[1.31926226400003,57.4535202770001],[1.31926191600007,57.461853911],[1.31092836100004,57.46185381],[1.31092801400007,57.470187443],[1.30259445900003,57.470187342],[1.30259393600005,57.4826877940001],[1.31509427000003,57.4826879450001],[1.31509392100003,57.4910215800001]]],"type":"Polygon"},"properties":{"determination_status":"CURRENT","field_no":"014","match_method":"normalized","matched_pprs_field":"MONTROSE","matched_pprs_slug":"montrose","polygon_field_name":"Montrose"},"type":"Feature"},{"geometry":{"coordinates":[[[1.50668808600005,59.2466442360001],[1.52057736500007,59.2466444070001],[1.52057723500008,59.2494222890001],[1.52891080400002,59.249422392],[1.52891054300005,59.254978157],[1.54557767800003,59.254978362],[1.54557832900002,59.2410889500001],[1.54280047300006,59.2410889160001],[1.54280151300003,59.2188658570001],[1.52057866700005,59.2188655830001],[1.52057827700003,59.227199231],[1.50668899700003,59.22719906],[1.50668808600005,59.2466442360001]]],"type":"Polygon"},"properties":{"determination_status":"CURRENT","field_no":"507","match_method":null,"matched_pprs_field":null,"matched_pprs_slug":null,"polygon_field_name":"Morrone"},"type":"Feature"},{"geometry":{"coordinates":[[[1.97178183900007,57.402692965],[1.99678251100005,57.402693264],[1.99678268200006,57.398526448],[2.02178335500003,57.3985267470001],[2.02178352600004,57.3943599290001],[2.03011708500003,57.394360029],[2.03011725600004,57.3901932110001],[2.03845081300005,57.3901933110001],[2.03845183700003,57.365192408],[2.02734042700007,57.365192275],[2.02734056400004,57.361858822],[2.02178485800005,57.3618587550001],[2.02178506300004,57.356858575],[1.98011727700003,57.356858077],[1.98011710600002,57.3610248940001],[1.97178354800008,57.3610247940001],[1.97178337700007,57.3651916110001],[1.96344982000005,57.365191511],[1.96344965000003,57.369358328],[1.95511609300007,57.3693582290001],[1.95511506700007,57.394359132],[1.96344862400002,57.3943592310001],[1.96344845300007,57.3985260490001],[1.97178201000003,57.3985261490001],[1.97178183900007,57.402692965]]],"type":"Polygon"},"properties":{"determination_status":"CURRENT","field_no":"197","match_method":"normalized","matched_pprs_field":"MUNGO","matched_pprs_slug":"mungo","polygon_field_name":"Mungo"},"type":"Feature"},{"geometry":{"coordinates":[[[1.69825327900003,61.3661726760001],[1.69825237300006,61.3828399980001],[1.68158520400004,61.3828397890001],[1.68158338600006,61.4161744360001],[1.69825055600006,61.4161746450001],[1.69824964600002,61.432841968],[1.74184616300005,61.43284465],[1.78220317500006,61.3661737300001],[1.69825327900003,61.3661726760001]]],"type":"Polygon"},"properties":{"determination_status":"CURRENT","field_no":"026","match_method":"normalized","matched_pprs_field":"MURCHISON","matched_pprs_slug":"murchison","polygon_field_name":"Murchison"},"type":"Feature"},{"geometry":{"coordinates":[[[1.08174486300004,57.716026889],[1.12757942200005,57.716027448],[1.12757959900006,57.71186063],[1.14424671100005,57.7118608330001],[1.14424688800005,57.7076940150001],[1.15674722300002,57.7076941670001],[1.15674740000003,57.7035273500001],[1.16508095700004,57.7035274520001],[1.16508113400005,57.699360633],[1.17341469000007,57.699360735],[1.17341486700002,57.695193917],[1.19008198000006,57.6951941200001],[1.19008233300002,57.6868604840001],[1.19841588900005,57.6868605860001],[1.19841606600005,57.682693768],[1.23175029100003,57.6826941730001],[1.23175082100005,57.67019372],[1.22341726500002,57.670193619],[1.22341797100006,57.6535263480001],[1.23175152700003,57.6535264500001],[1.23175240800003,57.6326923600001],[1.21925207400005,57.632692208],[1.21925295400007,57.6118581210001],[1.23175328800005,57.6118582730001],[1.23175434200004,57.5868573670001],[1.18175300700005,57.58685676],[1.18175212800003,57.6076908470001],[1.17341857300005,57.6076907450001],[1.17341839700003,57.6118575630001],[1.16508484100007,57.611857462],[1.16508466500005,57.61602428],[1.11508333200004,57.6160236710001],[1.11508297900002,57.624357306],[1.09841586700003,57.6243571030001],[1.09841551500006,57.6326907370001],[1.09008195900003,57.6326906360001],[1.09008178300007,57.6368574540001],[1.07341467100002,57.636857251],[1.07341414100006,57.6493577030001],[1.06508058600002,57.6493576020001],[1.06507987900005,57.666024873],[1.06924665600008,57.6660249240001],[1.06924647900007,57.6701917410001],[1.07758003500004,57.6701918420001],[1.07757950400003,57.682692295],[1.08174628100005,57.6826923460001],[1.08174486300004,57.716026889]]],"type":"Polygon"},"properties":{"determination_status":"CURRENT","field_no":"095","match_method":"normalized","matched_pprs_field":"NELSON","matched_pprs_slug":"nelson","polygon_field_name":"Nelson"},"type":"Feature"},{"geometry":{"coordinates":[[[0.748544001000027,54.007561197],[0.781878139000071,54.007561588],[0.781878421000044,53.999227981],[0.792989801000033,53.999228112],[0.792989895000062,53.996450242],[0.798545585000056,53.9964503080001],[0.79854586700003,53.9881167],[0.812435091000054,53.9881168640001],[0.812435279000056,53.9825611250001],[0.817990968000061,53.9825611900001],[0.817991250000034,53.9742275830001],[0.823546940000028,53.9742276480001],[0.823547502000054,53.957560433],[0.798546898000041,53.9575601400001],[0.798546617000056,53.965893748],[0.773546014000033,53.9658934550001],[0.773545732000059,53.9742270610001],[0.756878663000066,53.974226866],[0.756878381000035,53.982560473],[0.748544847000062,53.982560375],[0.748544001000027,54.007561197]]],"type":"Polygon"},"properties":{"determination_status":"CURRENT","field_no":"278","match_method":"normalized","matched_pprs_field":"NEPTUNE","matched_pprs_slug":"neptune","polygon_field_name":"Neptune"},"type":"Feature"},{"geometry":{"coordinates":[[[1.45667298100005,59.5355434150001],[1.45667311400007,59.532765532],[1.46222882700005,59.5327656000001],[1.46222909300008,59.5272098350001],[1.46500695000003,59.527209869],[1.46500761500005,59.513320455],[1.45528511600003,59.5133203340001],[1.45528498300007,59.5160982180001],[1.45250712800004,59.5160981830001],[1.45250706100006,59.5174871250001],[1.44972920500004,59.5174870910001],[1.44972913800007,59.518876031],[1.44556235300007,59.5188759800001],[1.44556228700003,59.520264921],[1.44139550300002,59.5202648700001],[1.44139543600005,59.5216538110001],[1.44000650800007,59.521653794],[1.44000644100004,59.523042736],[1.43722858500007,59.5230427010001],[1.43722851800004,59.5244316430001],[1.43583959000006,59.5244316260001],[1.43583952300003,59.525820567],[1.43167273800003,59.5258205160001],[1.43167260500007,59.528598399],[1.43028367700003,59.528598382],[1.43028354400002,59.5313762640001],[1.42333890300006,59.5313761780001],[1.42333897000003,59.529987238],[1.41778325700005,59.529987169],[1.41778299000003,59.535542934],[1.41639406300004,59.535542917],[1.41639366400005,59.5438765660001],[1.41222687900006,59.543876514],[1.41222681200003,59.545265456],[1.40806002700003,59.5452654040001],[1.40805989400008,59.548043287],[1.41083775000004,59.5480433220001],[1.41083768400006,59.549432263],[1.41222661200004,59.5494322810001],[1.41222647900003,59.552210164],[1.41361540700007,59.5522101810001],[1.41361520700002,59.5563770050001],[1.41500413500006,59.556377022],[1.41500400200005,59.5591549050001],[1.41639293000003,59.5591549220001],[1.41639279700007,59.5619328060001],[1.41778172400006,59.5619328230001],[1.41778145800004,59.567488589],[1.41917038600008,59.567488606],[1.41917031900005,59.5688775470001],[1.42055924800007,59.568877564],[1.42055918100004,59.5702665060001],[1.42194810900003,59.570266523],[1.42194804200005,59.571655465],[1.42333697100003,59.571655482],[1.42333690400005,59.573044424],[1.42472583200004,59.573044441],[1.42472576600005,59.5744333820001],[1.42611469400003,59.5744334],[1.42611462700006,59.575822341],[1.42750355600003,59.575822358],[1.42750348900006,59.5772113],[1.42889241700004,59.577211317],[1.42889235100006,59.578600259],[1.43167020600004,59.5786002930001],[1.43167014000005,59.579989235],[1.43722585300003,59.579989303],[1.43722592000006,59.578600362],[1.43861484800004,59.5786003790001],[1.43861584900003,59.557766256],[1.43722692000006,59.5577662380001],[1.43722712000005,59.5535994150001],[1.43583819200006,59.553599397],[1.43583839200005,59.5494325720001],[1.43444946400007,59.5494325550001],[1.43444979700007,59.5424878480001],[1.43722765300004,59.542487883],[1.43722772000007,59.541098941],[1.44278343200006,59.54109901],[1.44278349900003,59.539710068],[1.44556135500005,59.5397101020001],[1.44556142200003,59.5383211610001],[1.44833927900004,59.538321195],[1.44833934500002,59.5369322540001],[1.45111720200003,59.5369322880001],[1.45111726900006,59.5355433460001],[1.45667298100005,59.5355434150001]]],"type":"Polygon"},"properties":{"determination_status":"CURRENT","field_no":"080","match_method":"normalized","matched_pprs_field":"NESS","matched_pprs_slug":"ness","polygon_field_name":"Ness"},"type":"Feature"},{"geometry":{"coordinates":[[[2.31238517900005,56.4271065940001],[2.32349658300006,56.427106725],[2.32349668900002,56.4243288490001],[2.32905239200005,56.4243289140001],[2.32905271100003,56.415995287],[2.32071915700004,56.4159951890001],[2.32071905100003,56.418773064],[2.31238549800003,56.4187729660001],[2.31238517900005,56.4271065940001]]],"type":"Polygon"},"properties":{"determination_status":"CURRENT","field_no":"390","match_method":"normalized","matched_pprs_field":"NETHAN","matched_pprs_slug":"nethan","polygon_field_name":"Nethan"},"type":"Feature"},{"geometry":{"coordinates":[[[1.41083775000004,59.5480433220001],[1.40805989400008,59.548043287],[1.40806002700003,59.5452654040001],[1.41222681200003,59.545265456],[1.41222687900006,59.543876514],[1.41639366400005,59.5438765660001],[1.41639406300004,59.535542917],[1.41778299000003,59.535542934],[1.41778325700005,59.529987169],[1.42333897000003,59.529987238],[1.42333943600005,59.520264647],[1.42750622100004,59.5202646980001],[1.42750642000004,59.5160978740001],[1.43583998900004,59.5160979770001],[1.43584078600003,59.49943068],[1.37333901800002,59.499429907],[1.37333782100006,59.5244308530001],[1.36500425300005,59.5244307500001],[1.36500405300006,59.528597575],[1.34833691400007,59.5285973680001],[1.34833671500007,59.5327641920001],[1.33166957600002,59.5327639860001],[1.33166917600005,59.541097635],[1.31500203900003,59.541097429],[1.31500083700007,59.5660983750001],[1.35666868200002,59.5660988910001],[1.35666908300004,59.5577652420001],[1.37750300700003,59.5577655000001],[1.37750200500005,59.5785996230001],[1.39833592800005,59.5785998810001],[1.39833572800006,59.582766705],[1.43166866600006,59.5827684910001],[1.43166960500002,59.5911007670001],[1.44000317600006,59.59110087],[1.44000277500004,59.5994345190001],[1.45666991400003,59.599434725],[1.45667058200007,59.5855453090001],[1.45667071500003,59.582767426],[1.44417036100003,59.5827672720001],[1.44417049400005,59.579989389],[1.43722585300003,59.579989303],[1.43167014000005,59.579989235],[1.43167020600004,59.5786002930001],[1.42889235100006,59.578600259],[1.42889241700004,59.577211317],[1.42750348900006,59.5772113],[1.42750355600003,59.575822358],[1.42611462700006,59.575822341],[1.42611469400003,59.5744334],[1.42472576600005,59.5744333820001],[1.42472583200004,59.573044441],[1.42333690400005,59.573044424],[1.42333697100003,59.571655482],[1.42194804200005,59.571655465],[1.42194810900003,59.570266523],[1.42055918100004,59.5702665060001],[1.42055924800007,59.568877564],[1.41917031900005,59.5688775470001],[1.41917038600008,59.567488606],[1.41778145800004,59.567488589],[1.41778172400006,59.5619328230001],[1.41639279700007,59.5619328060001],[1.41639293000003,59.5591549220001],[1.41500400200005,59.5591549050001],[1.41500413500006,59.556377022],[1.41361520700002,59.5563770050001],[1.41361540700007,59.5522101810001],[1.41222647900003,59.552210164],[1.41222661200004,59.5494322810001],[1.41083768400006,59.549432263],[1.41083775000004,59.5480433220001]]],"type":"Polygon"},"properties":{"determination_status":"CURRENT","field_no":"217","match_method":"normalized","matched_pprs_field":"NEVIS","matched_pprs_slug":"nevis","polygon_field_name":"Nevis"},"type":"Feature"},{"geometry":{"coordinates":[[[1.30690058200003,53.7158914830001],[1.31523411700005,53.7158915790001],[1.31523475800003,53.696446499],[1.29856768700006,53.6964463050001],[1.29856787000006,53.690890569],[1.26523373100002,53.690890182],[1.26523354800003,53.696445919],[1.24856647800004,53.696445725],[1.24856638600005,53.699223594],[1.24301069600006,53.69922353],[1.24301060400006,53.702001398],[1.23189922400007,53.702001269],[1.23189913300007,53.704779138],[1.22078775300002,53.704779009],[1.22078766200002,53.7075568770001],[1.21800981600006,53.7075568450001],[1.21800963300007,53.7131125820001],[1.21523178900003,53.7131125500001],[1.21523169700004,53.7158904190001],[1.21245385200007,53.7158903870001],[1.21245376000007,53.7186682540001],[1.20412022600004,53.7186681580001],[1.20412013400005,53.7214460260001],[1.20134228900002,53.7214459940001],[1.20134219700003,53.7242238630001],[1.19300866200007,53.7242237660001],[1.19300811100004,53.740890978],[1.19023026700006,53.740890946],[1.19023017500007,53.743668814],[1.18467448400003,53.7436687490001],[1.18467439300002,53.746446618],[1.17911870300003,53.7464465530001],[1.17911787500003,53.7714473710001],[1.19856279000004,53.7714475970001],[1.19856297400003,53.7658918610001],[1.20411866400002,53.7658919250001],[1.20411875600007,53.7631140560001],[1.21523013600006,53.7631141850001],[1.21523032000005,53.7575584480001],[1.22634170000003,53.7575585770001],[1.22634197600007,53.749224971],[1.23745335600006,53.7492251],[1.23745353900006,53.743669362],[1.24578707400002,53.743669459],[1.24578744100006,53.732557985],[1.25412097700007,53.732558081],[1.25412106900006,53.729780213],[1.26245460300004,53.7297803100001],[1.26245469500003,53.7270024410001],[1.27356607500008,53.7270025700001],[1.27356616700007,53.7242247010001],[1.28189970100004,53.7242247980001],[1.28189979300004,53.7214469290001],[1.30690039800004,53.721447219],[1.30690058200003,53.7158914830001]]],"type":"Polygon"},"properties":{"determination_status":"CURRENT","field_no":"218","match_method":"normalized","matched_pprs_field":"NEWSHAM","matched_pprs_slug":"newsham","polygon_field_name":"Newsham"},"type":"Feature"},{"geometry":{"coordinates":[[[0.812269627000035,58.2577100240001],[0.873382389000028,58.2577107770001],[0.873382881000055,58.2465992580001],[0.856715764000057,58.2465990530001],[0.856715887000064,58.2438211730001],[0.837270918000058,58.2438209330001],[0.837271041000065,58.241043054],[0.812270366000064,58.2410427460001],[0.812269627000035,58.2577100240001]]],"type":"Polygon"},"properties":{"determination_status":"CURRENT","field_no":"423","match_method":"normalized","matched_pprs_field":"NICOL","matched_pprs_slug":"nicol","polygon_field_name":"Nicol"},"type":"Feature"},{"geometry":{"coordinates":[[[1.38159884800007,60.966154368],[1.43160034600004,60.966154155],[1.43160078800003,60.9578204760001],[1.46493569900002,60.9578209810001],[1.46493604200003,60.941152591],[1.48993705400005,60.941152694],[1.48993774100006,60.9244874600001],[1.50660323800003,60.924487437],[1.50660492500003,60.907819008],[1.53160698600004,60.907818553],[1.53160664900003,60.899486643],[1.54827514900006,60.899486525],[1.54827469500003,60.8828190400001],[1.56494317700003,60.8828191690001],[1.56494308400005,60.8661517080001],[1.58161021000006,60.8661524340001],[1.58161238700006,60.8328177320001],[1.54827798400004,60.8328167500001],[1.54827913900004,60.816149808],[1.53161238500007,60.8161496800001],[1.53161365300002,60.7828154810001],[1.51494643200004,60.782814869],[1.51494917300005,60.7328131720001],[1.49828178800004,60.7328128340001],[1.49828252500004,60.7161459480001],[1.43994686000002,60.7161440350001],[1.43994642500007,60.7244776920001],[1.39827853500003,60.7244771700001],[1.39827930100006,60.732811397],[1.36494378900005,60.7328104100001],[1.36494291800005,60.749477724],[1.33160860600003,60.7494773060001],[1.33160642300004,60.7911455920001],[1.35660715700004,60.7911459050001],[1.35660274800006,60.866149771],[1.38160435800006,60.866150272],[1.38159884800007,60.966154368]]],"type":"Polygon"},"properties":{"determination_status":"CURRENT","field_no":"020","match_method":"normalized","matched_pprs_field":"NINIAN","matched_pprs_slug":"ninian","polygon_field_name":"Ninian"},"type":"Feature"},{"geometry":{"coordinates":[[[2.80417947400002,53.0825546230001],[2.80417938800002,53.08533249],[2.79862369600005,53.0853324280001],[2.79862292300004,53.110333236],[2.80695646000004,53.1103333300001],[2.80695654600004,53.1075554620001],[2.80973439200005,53.1075554930001],[2.80973447800005,53.104777626],[2.81251232400007,53.1047776570001],[2.81251241000007,53.10199979],[2.81529025600003,53.101999821],[2.81529042800003,53.096444085],[2.81806827300005,53.096444116],[2.81806835900005,53.093666248],[2.82084620500007,53.093666279],[2.82084637600002,53.0881105450001],[2.82362422200003,53.0881105760001],[2.82362439400003,53.0825548400001],[2.82640224000005,53.0825548710001],[2.82640241200005,53.076999137],[2.81806887400006,53.076999044],[2.81806878800006,53.0797769110001],[2.80695740500005,53.0797767870001],[2.80695731900005,53.082554654],[2.80417947400002,53.0825546230001]]],"type":"Polygon"},"properties":{"determination_status":"CURRENT","field_no":"317","match_method":"normalized","matched_pprs_field":"NORTH DAVY","matched_pprs_slug":"north-davy","polygon_field_name":"North Davy"},"type":"Feature"},{"geometry":{"coordinates":[[[-3.64322175199993,53.9325052900001],[-3.67655582299994,53.932504871],[-3.67655552199994,53.92417127],[-3.70155607499993,53.9241709550001],[-3.70155637599993,53.932504556],[-3.71266773299993,53.932504416],[-3.71822341199993,53.932504346],[-3.71822461899995,53.9658387520001],[-3.73489165399997,53.965838542],[-3.73489286399996,53.9991729480001],[-3.71822582899995,53.9991731580001],[-3.60155657499996,53.999174628],[-3.60155536699995,53.9658402210001],[-3.60155446299996,53.9408394170001],[-3.64322205299993,53.940838892],[-3.64322175199993,53.9325052900001]]],"type":"Polygon"},"properties":{"determination_status":"CURRENT","field_no":"135","match_method":"normalized","matched_pprs_field":"NORTH MORECAMBE","matched_pprs_slug":"north-morecambe","polygon_field_name":"North Morecambe"},"type":"Feature"},{"geometry":{"coordinates":[[[2.74861776200004,53.249225225],[2.73195030400007,53.2492258780001],[2.73194978300006,53.2658930870001],[2.79861811900003,53.265894152],[2.79861870200006,53.2575596900001],[2.82361984000005,53.257559707],[2.82362026800007,53.249227723],[2.82778599200003,53.2492269540001],[2.82778625200007,53.2408933510001],[2.84028655900005,53.2408934910001],[2.84028707800007,53.2242262830001],[2.84862061600006,53.224226376],[2.84862087500005,53.2158927730001],[2.85695441300004,53.215892866],[2.85695467200003,53.2075592620001],[2.80695344400004,53.207558701],[2.80695318400006,53.2158923050001],[2.76528450800004,53.2158916340001],[2.76528420500006,53.232552158],[2.74861828200005,53.2325600670001],[2.74861776200004,53.249225225]]],"type":"Polygon"},"properties":{"determination_status":"CURRENT","field_no":"041","match_method":"normalized","matched_pprs_field":"NORTH SEAN","matched_pprs_slug":"north-sean","polygon_field_name":"North Sean"},"type":"Feature"},{"geometry":{"coordinates":[[[1.71219151900004,60.4355810150001],[1.71219123700007,60.4411367850001],[1.69830194200006,60.4411366130001],[1.69830067000004,60.4661375790001],[1.73163497800005,60.4661379930001],[1.73163455400004,60.4744716480001],[1.75663528600006,60.474471958],[1.75663486200006,60.482805613],[1.85108207700006,60.482806784],[1.85108094600002,60.5050298670001],[1.88163739900006,60.5050302450001],[1.88163923500002,60.468917736],[1.85941636100006,60.468917461],[1.85941777000005,60.4411386100001],[1.81774988200004,60.4411380940001],[1.81775016400007,60.4355823230001],[1.78168735000003,60.4356059520001],[1.78168791500002,60.4245455230001],[1.73719281500007,60.424469785],[1.73719253300004,60.430025555],[1.72330323700004,60.430025383],[1.72330295500007,60.435581153],[1.71219151900004,60.4355810150001]]],"type":"Polygon"},"properties":{"determination_status":"CURRENT","field_no":"308","match_method":"normalized","matched_pprs_field":"NUGGETS N1","matched_pprs_slug":"nuggets-n1","polygon_field_name":"Nuggets N1"},"type":"Feature"},{"geometry":{"coordinates":[[[1.59830449000003,60.332797848],[1.59830336600004,60.355020928],[1.63163766900004,60.355021342],[1.63163795000003,60.349465572],[1.64830510300004,60.3494657790001],[1.64830594500006,60.3327984690001],[1.59830449000003,60.332797848]]],"type":"Polygon"},"properties":{"determination_status":"CURRENT","field_no":"315","match_method":null,"matched_pprs_field":null,"matched_pprs_slug":null,"polygon_field_name":"Nuggets N2"},"type":"Feature"},{"geometry":{"coordinates":[[[1.72608514800004,60.349466744],[1.72608598900007,60.332799434],[1.68164024900005,60.3327988830001],[1.68163940700003,60.3494661920001],[1.72608514800004,60.349466744]]],"type":"Polygon"},"properties":{"determination_status":"CURRENT","field_no":"316","match_method":null,"matched_pprs_field":null,"matched_pprs_slug":null,"polygon_field_name":"Nuggets N3"},"type":"Feature"},{"geometry":{"coordinates":[[[1.76220414700003,60.2133508380001],[1.76220331400003,60.2300181460001],[1.76775903100003,60.230018215],[1.76775889200007,60.232796099],[1.78164818500005,60.232796271],[1.78164707200006,60.2550193490001],[1.83164852900006,60.2550199670001],[1.83164880700002,60.2494641970001],[1.84276024200005,60.249464335],[1.84276121400006,60.2300191420001],[1.82887192100003,60.230018971],[1.82887303100006,60.2077958930001],[1.79276086800007,60.207795446],[1.79276045200004,60.216129101],[1.78164901800005,60.2161289630001],[1.78164915700006,60.2133510790001],[1.76220414700003,60.2133508380001]]],"type":"Polygon"},"properties":{"determination_status":"CURRENT","field_no":"364","match_method":null,"matched_pprs_field":null,"matched_pprs_slug":null,"polygon_field_name":"Nuggets N4"},"type":"Feature"},{"geometry":{"coordinates":[[[2.40683094500002,56.4576643400001],[2.45683226700004,56.4576649270001],[2.45683258600008,56.4493312990001],[2.51516746300007,56.4493319840001],[2.51516714400003,56.457665612],[2.56516846900007,56.457666198],[2.56516878700006,56.4493325700001],[2.58183589500004,56.4493327650001],[2.58183621300003,56.4409991370001],[2.59850332200006,56.440999333],[2.59850459200004,56.40766482],[2.58183748400006,56.4076646250001],[2.58183827700003,56.3868305560001],[2.56933794600008,56.386830409],[2.56933810500004,56.3826635950001],[2.54017066800003,56.3826632540001],[2.54017050900006,56.3868300680001],[2.46516852700006,56.3868291890001],[2.46516805100003,56.3993296300001],[2.44850094400005,56.399329434],[2.44850030700007,56.41599669],[2.43183320000003,56.4159964950001],[2.43183256300006,56.4326637500001],[2.41516545600007,56.432663554],[2.41516529700004,56.4368303680001],[2.40683174300005,56.43683027],[2.40683094500002,56.4576643400001]]],"type":"Polygon"},"properties":{"determination_status":"CURRENT","field_no":"287","match_method":"normalized","matched_pprs_field":"ORION","matched_pprs_slug":"orion","polygon_field_name":"Orion"},"type":"Feature"},{"geometry":{"coordinates":[[[1.54826981800005,60.9744887790001],[1.54827025900005,60.966155121],[1.55660383900005,60.9661552250001],[1.55660472100004,60.949487908],[1.56493830200003,60.9494880120001],[1.56493918300004,60.932820695],[1.53160486200005,60.9328202780001],[1.53160398000006,60.9494875950001],[1.51493682100005,60.949487387],[1.51493549700007,60.974488362],[1.54826981800005,60.9744887790001]]],"type":"Polygon"},"properties":{"determination_status":"CURRENT","field_no":"539","match_method":"normalized","matched_pprs_field":"ORLANDO","matched_pprs_slug":"orlando","polygon_field_name":"Orlando"},"type":"Feature"},{"geometry":{"coordinates":[[[0.967666638000026,61.5328366900001],[0.967668494000065,61.4995020440001],[0.945445609000046,61.4995017620001],[0.945445763000066,61.4967238740001],[0.942667902000039,61.4967238390001],[0.942668211000068,61.4911680650001],[0.928778909000073,61.4911678890001],[0.928776743000071,61.5300583090001],[0.931554603000052,61.530058345],[0.931554448000043,61.532836231],[0.937110170000039,61.5328363020001],[0.93711001500003,61.5356141890001],[0.939887876000057,61.535614224],[0.939887721000048,61.5383921120001],[0.942665581000028,61.5383921470001],[0.942665426000076,61.5411700350001],[0.945443287000046,61.5411700700001],[0.945443132000037,61.5439479560001],[0.956554575000041,61.543948098],[0.956555195000021,61.5328365490001],[0.967666638000026,61.5328366900001]]],"type":"Polygon"},"properties":{"determination_status":"CURRENT","field_no":"313","match_method":"normalized","matched_pprs_field":"OTTER","matched_pprs_slug":"otter","polygon_field_name":"Otter"},"type":"Feature"},{"geometry":{"coordinates":[[[1.10242153400003,61.0078186000001],[1.08158855200003,61.0078170510001],[1.08158013000002,61.0828218790001],[1.06491674900002,61.0828221730001],[1.06491631400007,61.091155342],[1.08991697400006,61.091156373],[1.08991755000005,61.0939339340001],[1.09825018000004,61.0939340940001],[1.09825055100004,61.0994895220001],[1.11491293400007,61.0994901670001],[1.11491608300003,61.1161563210001],[1.14825170200004,61.1161573360001],[1.14825398600004,61.04948747],[1.16492299900005,61.0494885460001],[1.16492424300003,60.9994856660001],[1.16909059200003,60.9994847250001],[1.16909095300002,60.9911510050001],[1.12325637200007,60.991151545],[1.12325614900004,60.9953183750001],[1.10242220300006,60.9953181120001],[1.10242153400003,61.0078186000001]]],"type":"Polygon"},"properties":{"determination_status":"CURRENT","field_no":"175","match_method":"normalized","matched_pprs_field":"PELICAN","matched_pprs_slug":"pelican","polygon_field_name":"Pelican"},"type":"Feature"},{"geometry":{"coordinates":[[[1.56489801200007,61.691183831],[1.58576379900006,61.6911840940001],[1.60656784100007,61.6571090790001],[1.60656919000007,61.632848713],[1.61490277600006,61.6328488180001],[1.61490416300006,61.6078478300001],[1.63157133400006,61.607848039],[1.63157179600006,61.599514377],[1.63990538200005,61.599514481],[1.63990630400002,61.5828471560001],[1.64823989000007,61.5828472600001],[1.64824081100005,61.5661799360001],[1.65657439600005,61.5661800400001],[1.65657485600002,61.557846377],[1.66490844200007,61.5578464820001],[1.66490982000005,61.5328454940001],[1.67324340500005,61.532845599],[1.67324523900004,61.4995109500001],[1.61491014400002,61.4995102180001],[1.61490830900004,61.5328448670001],[1.58157396800004,61.532844448],[1.58157212700007,61.5661790980001],[1.56490495700007,61.5661788880001],[1.56490449600005,61.5745125510001],[1.55657091000006,61.574512446],[1.55657044900005,61.5828461080001],[1.53990327900004,61.5828458980001],[1.53990281700004,61.591179561],[1.53156923100005,61.5911794570001],[1.53156691800007,61.6328477700001],[1.53990050400006,61.632847874],[1.53990004000002,61.6411815380001],[1.54823362600007,61.641181643],[1.54823316200003,61.6495153060001],[1.55656674800002,61.649515411],[1.55656489000006,61.682850063],[1.56489847700004,61.6828501680001],[1.56489801200007,61.691183831]]],"type":"Polygon"},"properties":{"determination_status":"CURRENT","field_no":"323","match_method":"normalized","matched_pprs_field":"PENGUIN EAST","matched_pprs_slug":"penguin-east","polygon_field_name":"Penguin East"},"type":"Feature"},{"geometry":{"coordinates":[[[1.52322821600006,61.7245179600001],[1.54822897500003,61.724518275],[1.54823037400007,61.6995172850001],[1.53989678800002,61.69951718],[1.53989957700003,61.649515201],[1.53156599000005,61.6495150960001],[1.53156645400003,61.641181433],[1.52323286900003,61.6411813280001],[1.52323333200007,61.632847665],[1.51489974700007,61.6328475600001],[1.51490021100005,61.624513897],[1.52323379600006,61.6245140020001],[1.52323564600005,61.591179352],[1.51490206200003,61.5911792470001],[1.51490252400004,61.5828455830001],[1.44823384300003,61.5828447440001],[1.44823245500004,61.6078457310001],[1.45656604000004,61.6078458360001],[1.45656232500005,61.6745151390001],[1.44822874000005,61.6745150340001],[1.44822827400003,61.6828486970001],[1.43989468900003,61.682848592],[1.43989375600006,61.6995159190001],[1.45656092700006,61.6995161290001],[1.45656046100004,61.707849792],[1.50656197600006,61.707850422],[1.50656151000004,61.7161840860001],[1.52322868300007,61.716184297],[1.52322821600006,61.7245179600001]]],"type":"Polygon"},"properties":{"determination_status":"CURRENT","field_no":"322","match_method":"normalized","matched_pprs_field":"PENGUIN WEST","matched_pprs_slug":"penguin-west","polygon_field_name":"Penguin West"},"type":"Feature"},{"geometry":{"coordinates":[[[-0.884981806999974,57.9048982],[-0.912760304999949,57.9048978490001],[-0.91276092399994,57.91878724],[-0.904427374999955,57.9187873450001],[-0.904427498999951,57.9215652230001],[-0.884982549999961,57.921565469],[-0.884981806999974,57.9048982]]],"type":"Polygon"},"properties":{"determination_status":"CURRENT","field_no":"505","match_method":"normalized","matched_pprs_field":"PEREGRINE","matched_pprs_slug":"peregrine","polygon_field_name":"Peregrine"},"type":"Feature"},{"geometry":{"coordinates":[[[-0.134981344999971,58.3327009980001],[-0.134981721999964,58.3410346370001],[-0.10998105699997,58.341034951],[-0.109981434999952,58.3493685890001],[-0.0766472139999337,58.3493690070001],[-0.07664645899996,58.3327017290001],[-0.134981344999971,58.3327009980001]]],"type":"Polygon"},"properties":{"determination_status":"CURRENT","field_no":"074","match_method":"normalized","matched_pprs_field":"PETRONELLA","matched_pprs_slug":"petronella","polygon_field_name":"Petronella"},"type":"Feature"},{"geometry":{"coordinates":[[[0.515080819000048,57.2993382650001],[0.515082213000028,57.2660037380001],[0.465080907000072,57.2660031240001],[0.465079512000045,57.2993376520001],[0.515080819000048,57.2993382650001]]],"type":"Polygon"},"properties":{"determination_status":"CURRENT","field_no":"375","match_method":"normalized","matched_pprs_field":"PICT","matched_pprs_slug":"pict","polygon_field_name":"Pict"},"type":"Feature"},{"geometry":{"coordinates":[[[2.20512976100002,57.1985217210001],[2.26346466200005,57.1985224140001],[2.26346533300006,57.1818551470001],[2.31346667800005,57.181855741],[2.31346868700007,57.1318539430001],[2.23568882100005,57.1318530190001],[2.23568815100003,57.1485202850001],[2.23013244700007,57.148520219],[2.23013200000003,57.1596317300001],[2.20513132900004,57.1596314330001],[2.20512976100002,57.1985217210001]]],"type":"Polygon"},"properties":{"determination_status":"CURRENT","field_no":"240","match_method":"normalized","matched_pprs_field":"PIERCE","matched_pprs_slug":"pierce","polygon_field_name":"Pierce"},"type":"Feature"},{"geometry":{"coordinates":[[[0.256688229000019,58.4993786900001],[0.315023134000057,58.4993794170001],[0.315025783000067,58.441043935],[0.273357995000026,58.4410434160001],[0.273358524000059,58.429932438],[0.273358752000036,58.424376136],[0.256691642000021,58.4243786380001],[0.215023855000027,58.4243754080001],[0.215023472000041,58.432709048],[0.198356359000059,58.43270884],[0.198353706000034,58.4910443210001],[0.256688608000047,58.4910450500001],[0.256688229000019,58.4993786900001]]],"type":"Polygon"},"properties":{"determination_status":"CURRENT","field_no":"013","match_method":"normalized","matched_pprs_field":"PIPER","matched_pprs_slug":"piper","polygon_field_name":"Piper"},"type":"Feature"},{"geometry":{"coordinates":[[[1.70241621100007,61.437008851],[1.70241522300006,61.455065119],[1.72047132400007,61.455065345],[1.72047109600004,61.4592321760001],[1.72587331200003,61.4592322400001],[1.73344001500004,61.4467318380001],[1.73158322600005,61.4467318220001],[1.73158375700007,61.4370092170001],[1.70241621100007,61.437008851]]],"type":"Polygon"},"properties":{"determination_status":"CURRENT","field_no":"380","match_method":"normalized","matched_pprs_field":"PLAYFAIR","matched_pprs_slug":"playfair","polygon_field_name":"Playfair"},"type":"Feature"},{"geometry":{"coordinates":[[[0.748539752000056,54.1325653160001],[0.96521167700007,54.132567861],[0.965212809000036,54.0992334270001],[1.04021463200007,54.099234306],[1.04021477300006,54.0950675010001],[1.04854830900007,54.0950675990001],[1.04854845000006,54.090900795],[1.05688198600006,54.0909008930001],[1.05688212700005,54.0867340880001],[1.06521566400005,54.0867341860001],[1.06521580500004,54.082567381],[1.08188287600007,54.082567576],[1.08188301700005,54.0784007720001],[1.09855009000006,54.0784009670001],[1.09855037200003,54.0700673580001],[1.11521744400005,54.0700675530001],[1.11521758500004,54.065900749],[1.13188465700006,54.0659009440001],[1.13188521900003,54.0492337270001],[1.14021875600002,54.049233825],[1.14021885000005,54.0464559550001],[1.14855238600006,54.0464560520001],[1.14855247900005,54.0436781830001],[1.15410817000003,54.0436782470001],[1.15410826400006,54.040900379],[1.15688610900003,54.0409004110001],[1.15688620200007,54.0381225420001],[1.15966404800002,54.0381225740001],[1.15966414100006,54.0353447040001],[1.16521983300004,54.0353447690001],[1.16521992600002,54.0325669000001],[1.17355346200003,54.0325669970001],[1.17355360200003,54.028400194],[1.17772037100002,54.028400242],[1.17772051100008,54.0242334380001],[1.19855435100004,54.0242336810001],[1.19855519200007,53.999232857],[0.91521498000003,53.999229545],[0.915214417000072,54.0158967610001],[0.898547347000033,54.015896565],[0.898546783000029,54.03256378],[0.865212643000064,54.0325633890001],[0.86521207800007,54.049230605],[0.798543797000036,54.0492298230001],[0.798543232000043,54.065897039],[0.765209092000021,54.065896647],[0.765208526000038,54.082563862],[0.748541455000066,54.0825636660001],[0.748539752000056,54.1325653160001]]],"type":"Polygon"},"properties":{"determination_status":"CURRENT","field_no":"57","match_method":null,"matched_pprs_field":null,"matched_pprs_slug":null,"polygon_field_name":"Ravenspurn"},"type":"Feature"},{"geometry":{"coordinates":[[[1.76498767400005,60.0994576090001],[1.76498849900003,60.082790302],[1.68165275400003,60.0827892720001],[1.68164861000002,60.166125804],[1.71498291100005,60.1661262170001],[1.71498208000003,60.182793523],[1.79831783300006,60.1827945540001],[1.79832073300003,60.12445898],[1.76498643400004,60.1244585680001],[1.76498767400005,60.0994576090001]]],"type":"Polygon"},"properties":{"determination_status":"CURRENT","field_no":"347","match_method":"normalized","matched_pprs_field":"RHUM","matched_pprs_slug":"rhum","polygon_field_name":"Rhum"},"type":"Feature"},{"geometry":{"coordinates":[[[-3.71822947299995,54.099176383],[-3.66822836199998,54.0991770140001],[-3.66822613499994,54.0380639300001],[-3.69044884999994,54.03806365],[-3.69044864699993,54.0325079150001],[-3.71822704099998,54.0325075650001],[-3.71822774999993,54.0519526370001],[-3.71267206999994,54.0519527070001],[-3.71267348899994,54.090842851],[-3.71822916899993,54.090842781],[-3.71822947299995,54.099176383]]],"type":"Polygon"},"properties":{"determination_status":"CURRENT","field_no":"523","match_method":"normalized","matched_pprs_field":"RHYL","matched_pprs_slug":"rhyl","polygon_field_name":"Rhyl"},"type":"Feature"},{"geometry":{"coordinates":[[[-3.75188811799995,61.116091591],[-3.75189103799994,61.166093517],[-3.63522121999995,61.166095107],[-3.63521636899998,61.0827585640001],[-3.65188348599997,61.082758337],[-3.65188155299995,61.049423722],[-3.66854866899996,61.049423495],[-3.66854770399993,61.0327561880001],[-3.68521481799996,61.0327559610001],[-3.68521289199992,60.9994213470001],[-3.73521423399995,60.999420666],[-3.73521327199995,60.9827533600001],[-3.91855151399994,60.9827508590001],[-3.91855344499993,61.016085472],[-3.88521921899996,61.0160859280001],[-3.88522018599997,61.032753234],[-3.85188595999995,61.0327536890001],[-3.85188692699995,61.049420996],[-3.80188558599997,61.049421678],[-3.80188655299997,61.0660889860001],[-3.76855232499997,61.066089441],[-3.76855329399996,61.0827567470001],[-3.73521906299993,61.082757202],[-3.73522100299994,61.116091818],[-3.75188811799995,61.116091591]]],"type":"Polygon"},"properties":{"determination_status":"CURRENT","field_no":"543","match_method":null,"matched_pprs_field":null,"matched_pprs_slug":null,"polygon_field_name":"Rosebank"},"type":"Feature"},{"geometry":{"coordinates":[[[-1.42000683699996,58.1526781630001],[-1.37833909399995,58.1526786960001],[-1.37833814299995,58.1318446060001],[-1.36167104499998,58.131844819],[-1.36167066499996,58.1235111830001],[-1.34500356799992,58.123511396],[-1.34500299799993,58.1110109420001],[-1.33666944999993,58.1110110480001],[-1.33666888099998,58.0985105940001],[-1.32000178299995,58.0985108070001],[-1.32000159399996,58.094343989],[-1.28666739899995,58.094344413],[-1.28666720999996,58.0901775950001],[-1.25333301499995,58.0901780200001],[-1.25333263599993,58.0818443840001],[-1.22805420499998,58.081844706],[-1.22805401599993,58.077677888],[-1.20305336899997,58.077678206],[-1.20305280199995,58.0651777520001],[-1.26972119299995,58.0651769040001],[-1.26972138199994,58.069343722],[-1.30333336099994,58.0693432940001],[-1.30333355099998,58.0735101120001],[-1.35333484199992,58.073509475],[-1.35333521999996,58.0818431100001],[-1.50333908699997,58.081841195],[-1.50333984699995,58.0985084660001],[-1.53667403799994,58.0985080400001],[-1.53667479899997,58.11517531],[-1.52000770299998,58.1151755240001],[-1.52000789299996,58.119342342],[-1.52000808299994,58.1235091600001],[-1.50334098799993,58.123509373],[-1.50334117799997,58.12767619],[-1.48667408199998,58.1276764030001],[-1.48667427199996,58.131843222],[-1.47000717499998,58.1318434350001],[-1.47000736599995,58.1360102530001],[-1.46167381799995,58.1360103600001],[-1.46167400799993,58.1401771770001],[-1.44500691099995,58.1401773900001],[-1.44500710199998,58.1443442080001],[-1.42834000499994,58.144344421],[-1.42834019599997,58.1485112400001],[-1.42000664599993,58.1485113460001],[-1.42000683699996,58.1526781630001]]],"type":"Polygon"},"properties":{"determination_status":"CURRENT","field_no":"248","match_method":"normalized","matched_pprs_field":"ROSS","matched_pprs_slug":"ross","polygon_field_name":"Ross"},"type":"Feature"},{"geometry":{"coordinates":[[[0.42354266500007,53.8158844230001],[0.423542384000029,53.8242180280001],[0.398541787000056,53.8242177330001],[0.398540569000033,53.8603300250001],[0.40131841300007,53.860330058],[0.401318507000042,53.857552189],[0.404096351000021,53.857552221],[0.40409644500005,53.854774354],[0.406874289000029,53.854774386],[0.406874382000069,53.8519965180001],[0.409652227000038,53.8519965500001],[0.409652321000067,53.8492186820001],[0.415208009000025,53.8492187470001],[0.41520805600004,53.847829813],[0.423541589000024,53.8478299110001],[0.423541635000049,53.846440977],[0.481876364000072,53.8464416640001],[0.481876832000069,53.832552321],[0.515210964000062,53.832552713],[0.515211524000051,53.8158855030001],[0.53187858900003,53.815885699],[0.531879149000019,53.7992184870001],[0.473544421000042,53.7992178010001],[0.473544141000048,53.8075514060001],[0.448543543000028,53.8075511110001],[0.448543262000044,53.8158847180001],[0.42354266500007,53.8158844230001]]],"type":"Polygon"},"properties":{"determination_status":"CURRENT","field_no":"008","match_method":"normalized","matched_pprs_field":"ROUGH","matched_pprs_slug":"rough","polygon_field_name":"Rough"},"type":"Feature"},{"geometry":{"coordinates":[[[0.465080898000053,57.2660031200001],[0.515082204000066,57.266003734],[0.515082899000049,57.2493364700001],[0.465081594000026,57.2493358570001],[0.465080898000053,57.2660031200001]]],"type":"Polygon"},"properties":{"determination_status":"CURRENT","field_no":"417","match_method":"normalized","matched_pprs_field":"SAXON","matched_pprs_slug":"saxon","polygon_field_name":"Saxon"},"type":"Feature"},{"geometry":{"coordinates":[[[-0.351657563999936,58.416034666],[-0.351657817999978,58.421590425],[-0.426659808999943,58.421588693],[-0.426660317999961,58.432700998],[-0.401659654999946,58.432701314],[-0.401660036999942,58.441034954],[-0.384992926999928,58.441035164],[-0.384993117999954,58.4452019830001],[-0.359992453999951,58.445202298],[-0.334991789999947,58.445202613],[-0.334991470999967,58.4382579140001],[-0.309990806999963,58.4382582280001],[-0.309990679999942,58.4354803480001],[-0.293323569999927,58.4354805580001],[-0.293323442999963,58.4327026780001],[-0.276656332999949,58.4327028880001],[-0.276656205999927,58.429925009],[-0.25998909499998,58.4299252180001],[-0.259988968999949,58.4271473380001],[-0.234988868999949,58.4271476530001],[-0.234988263999981,58.420202169],[-0.30165660199998,58.4202017970001],[-0.301655981999943,58.410479535],[-0.33499150199998,58.410478637],[-0.334990453999978,58.4160348760001],[-0.351657563999936,58.416034666]]],"type":"Polygon"},"properties":{"determination_status":"CURRENT","field_no":"034","match_method":"normalized","matched_pprs_field":"SCAPA","matched_pprs_slug":"scapa","polygon_field_name":"Scapa"},"type":"Feature"},{"geometry":{"coordinates":[[[-3.98518734499993,60.407728031],[-3.98518387999997,60.345225665],[-3.96018322599997,60.345226004],[-3.96018138499994,60.31189141],[-4.15185305399996,60.3118888050001],[-4.15185420699993,60.332722925],[-4.16852130799998,60.3327226980001],[-4.16852223199993,60.3493899950001],[-4.19352288399995,60.349389655],[-4.19352380899994,60.3660569520001],[-4.16852315699992,60.366057293],[-4.16852338899997,60.370224116],[-4.10185498199996,60.370225024],[-4.10185729799997,60.411893268],[-4.13519150199994,60.4118928140001],[-4.13519312799997,60.441060586],[-4.03519050999995,60.4410619480001],[-4.03519004599997,60.432728298],[-4.00185583899997,60.4327287510001],[-4.00185444899995,60.407727804],[-3.98518734499993,60.407728031]]],"type":"Polygon"},"properties":{"determination_status":"CURRENT","field_no":"232","match_method":"normalized","matched_pprs_field":"SCHIEHALLION","matched_pprs_slug":"schiehallion","polygon_field_name":"Schiehallion"},"type":"Feature"},{"geometry":{"coordinates":[[[0.398394635000045,57.686850781],[0.423395295000034,57.6868510890001],[0.423395653000057,57.6785174550001],[0.427562430000023,57.678517506],[0.427562609000063,57.6743506880001],[0.43172938500004,57.6743507400001],[0.431729743000062,57.666017105],[0.406729084000062,57.6660167970001],[0.406728905000023,57.6701836140001],[0.398395352000023,57.6701835110001],[0.398394635000045,57.686850781]]],"type":"Polygon"},"properties":{"determination_status":"CURRENT","field_no":"552","match_method":"normalized","matched_pprs_field":"SCOLTY","matched_pprs_slug":"scolty","polygon_field_name":"Scolty"},"type":"Feature"},{"geometry":{"coordinates":[[[1.96929203800005,57.150739415],[1.98179237200003,57.150739564],[1.98179242800006,57.1493506250001],[1.99429276200004,57.149350774],[1.99429293000003,57.1451839580001],[2.01512682100002,57.1451842060001],[2.01512766200005,57.124350125],[2.01096088300005,57.1243500750001],[2.01096105100004,57.120183259],[2.00679427300003,57.1201832090001],[2.00679444100007,57.116016394],[1.97346021800007,57.116015996],[1.97346005000003,57.1201828110001],[1.96095971600005,57.120182662],[1.96095954800006,57.124349479],[1.95679277000005,57.1243494290001],[1.95679260100007,57.1285162460001],[1.95262582400005,57.1285161960001],[1.95262531900005,57.141016645],[1.95401424500005,57.141016661],[1.95401407700007,57.145183477],[1.96095870700003,57.1451835600001],[1.96095853800006,57.149350376],[1.96929209400002,57.1493504760001],[1.96929203800005,57.150739415]]],"type":"Polygon"},"properties":{"determination_status":"CURRENT","field_no":"338","match_method":"normalized","matched_pprs_field":"SCOTER","matched_pprs_slug":"scoter","polygon_field_name":"Scoter"},"type":"Feature"},{"geometry":{"coordinates":[[[0.140029550000065,58.2535348700001],[0.141418477000059,58.2535348870001],[0.141418227000031,58.2590906450001],[0.14419607800005,58.25909068],[0.144195766000053,58.2660353790001],[0.148362545000055,58.266035431],[0.148361421000061,58.291036348],[0.152528199000074,58.2910364000001],[0.152528012000062,58.295203218],[0.16086156700004,58.2952033220001],[0.160861380000028,58.299370142],[0.165028158000041,58.2993701940001],[0.165027971000029,58.303537014],[0.173361527000054,58.3035371180001],[0.173361339000053,58.307703937],[0.198362007000071,58.3077042480001],[0.198361945000045,58.3090931880001],[0.215029058000027,58.309093396],[0.215028933000042,58.311871276],[0.223362489000067,58.3118713800001],[0.223362301000066,58.3160382],[0.281697196000039,58.316038926],[0.281698693000067,58.282704369],[0.298365806000049,58.2827045770001],[0.298366926000028,58.2577036600001],[0.248365589000059,58.257703038],[0.248366522000026,58.2368689420001],[0.235866188000045,58.2368687860001],[0.235866126000076,58.238257726],[0.231699348000063,58.2382576740001],[0.231699286000037,58.239646614],[0.227532508000024,58.2396465620001],[0.227532446000055,58.241035502],[0.215032112000074,58.241035346],[0.215032050000048,58.2424242860001],[0.206698494000022,58.242424182],[0.206698431000063,58.2438131210001],[0.198364876000028,58.2438130180001],[0.198364814000058,58.2452019570001],[0.173364147000029,58.2452016460001],[0.17336408400007,58.2465905860001],[0.149752343000046,58.2465902920001],[0.149752281000076,58.247979231],[0.140029800000036,58.2479791100001],[0.140029550000065,58.2535348700001]]],"type":"Polygon"},"properties":{"determination_status":"CURRENT","field_no":"125","match_method":"normalized","matched_pprs_field":"SCOTT","matched_pprs_slug":"scott","polygon_field_name":"Scott"},"type":"Feature"},{"geometry":{"coordinates":[[[1.63047215600005,57.1451807030001],[1.61511616100006,57.1451794180001],[1.61511599300007,57.1493462350001],[1.59844894300005,57.1493460340001],[1.59844888300006,57.1493460340001],[1.59844839500005,57.161846483],[1.61928226100002,57.1618467330001],[1.61928209200005,57.1660135500001],[1.64011611500007,57.1660179500001],[1.66511664400002,57.1660141],[1.68627141500002,57.16601538],[1.69011730900007,57.1660144000001],[1.69011815400006,57.1451803190001],[1.69428493200007,57.1451803690001],[1.69428510100005,57.1410135530001],[1.70678543500003,57.1410137030001],[1.70678577200005,57.13268007],[1.66511799700004,57.1326795700001],[1.66511782800006,57.136846387],[1.64845071800005,57.1368461870001],[1.64845040100005,57.1447005690001],[1.64845038100003,57.1451798190001],[1.64635130000005,57.145180054],[1.63622111800004,57.1451807000001],[1.63047215600005,57.1451807030001]]],"type":"Polygon"},"properties":{"determination_status":"CURRENT","field_no":"590","match_method":"normalized","matched_pprs_field":"SEAGULL","matched_pprs_slug":"seagull","polygon_field_name":"Seagull"},"type":"Feature"},{"geometry":{"coordinates":[[[1.33189953800007,53.7658934090001],[1.35134445400007,53.7658936340001],[1.35134463800006,53.7603378960001],[1.35967817300002,53.7603379930001],[1.35967835600007,53.7547822560001],[1.36801189200003,53.7547823530001],[1.36801207500002,53.7492266150001],[1.37634561100003,53.7492267110001],[1.37634579400003,53.7436709730001],[1.38467933000004,53.7436710700001],[1.38467951300004,53.7381153330001],[1.41801365500004,53.7381157190001],[1.41801392900004,53.7297821130001],[1.42634746500005,53.7297822100001],[1.42634764800005,53.7242264720001],[1.44579256400004,53.7242266970001],[1.44579265600004,53.7214488280001],[1.45134834700002,53.7214488920001],[1.45134843800002,53.7186710230001],[1.45968197300004,53.7186711200001],[1.45968233800005,53.7075596450001],[1.44301526700002,53.7075594520001],[1.44301517600007,53.7103373210001],[1.43745948600002,53.710337257],[1.43745939400003,53.713115126],[1.42634801400004,53.713114997],[1.42634791900002,53.716003981],[1.39856946700007,53.7160036590001],[1.39856937900004,53.718670413],[1.38745799800006,53.718670284],[1.38745790700006,53.721448153],[1.37912437200004,53.721448056],[1.37912418900004,53.727003794],[1.37356849800005,53.72700373],[1.37356840700005,53.729781599],[1.36523487200003,53.729781502],[1.36523478000004,53.73255937],[1.35412340000005,53.732559241],[1.35412330800006,53.73533711],[1.34578977200005,53.735337014],[1.34578958900005,53.740892751],[1.34023389900005,53.740892687],[1.34023353200007,53.752004162],[1.33189999600006,53.7520040650001],[1.33189953800007,53.7658934090001]]],"type":"Polygon"},"properties":{"determination_status":"CURRENT","field_no":"477","match_method":"normalized","matched_pprs_field":"SEVEN SEAS","matched_pprs_slug":"seven-seas","polygon_field_name":"Seven Seas"},"type":"Feature"},{"geometry":{"coordinates":[[[1.85397809600005,57.946600216],[1.85258916900005,57.946600199],[1.84842238800007,57.9466001490001],[1.84842215100002,57.9521559080001],[1.84286644400004,57.952155841],[1.84286513800004,57.9827125150001],[1.84425406400004,57.9827125310001],[1.84842084500002,57.982712582],[1.84842054800004,57.9896572810001],[1.88453264500004,57.9896577170001],[1.88453270400004,57.988268777],[1.88592163100003,57.9882687940001],[1.88592169000003,57.9868798540001],[1.88731061700003,57.986879871],[1.88731067700007,57.9854909310001],[1.88869960400007,57.9854909480001],[1.88869966300007,57.984102008],[1.89008859000006,57.984102024],[1.89008864900006,57.9827130850001],[1.89147757600006,57.9827131010001],[1.89147763600005,57.981324161],[1.89286656100006,57.9813241780001],[1.89286662100005,57.979935239],[1.89425554800005,57.979935256],[1.89425566700004,57.977157376],[1.89703352000004,57.9771574100001],[1.89703363900003,57.9743795300001],[1.89842256600002,57.9743795470001],[1.89842280300007,57.9688237880001],[1.90120065700006,57.9688238210001],[1.90120113100005,57.9577123030001],[1.90675683800004,57.9577123700001],[1.90675707500003,57.9521566120001],[1.91231278300006,57.952156679],[1.91231302000006,57.94660092],[1.91509087300005,57.946600953],[1.91509111000005,57.9410451950001],[1.91786896300005,57.9410452280001],[1.91786908100005,57.9382673490001],[1.92620264300007,57.9382674490001],[1.92620305700007,57.928544871],[1.89009096100006,57.928544436],[1.87342384000004,57.9285442350001],[1.87342366200005,57.932711053],[1.86509010200007,57.9327109530001],[1.86231224800002,57.932710919],[1.86231189300003,57.941044558],[1.85397833300004,57.9410444580001],[1.85397809600005,57.946600216]]],"type":"Polygon"},"properties":{"determination_status":"CURRENT","field_no":"366","match_method":"normalized","matched_pprs_field":"SEYMOUR","matched_pprs_slug":"seymour","polygon_field_name":"Seymour"},"type":"Feature"},{"geometry":{"coordinates":[[[2.89861295900005,53.507569506],[2.91944680800003,53.5075697410001],[2.91944707200003,53.499236135],[2.92361384200007,53.4992361820001],[2.92361410500007,53.4909025760001],[2.93194764500004,53.490902669],[2.93194790800004,53.482569063],[2.94028144800006,53.4825691560001],[2.94028171100007,53.474235551],[2.94861525000005,53.474235644],[2.94861551300005,53.4659020390001],[2.99861675100004,53.4659026],[2.99861780000003,53.4325681760001],[2.98195072000004,53.4325679890001],[2.98195124400007,53.415900779],[2.94861708700006,53.4159004050001],[2.94861656300003,53.432567615],[2.94028302400005,53.4325675220001],[2.94028276100005,53.4409011280001],[2.93194922100002,53.440901034],[2.93194882700004,53.4534014430001],[2.92361528800006,53.453401349],[2.92361502600005,53.4617349550001],[2.91528148600003,53.4617348610001],[2.91528096100006,53.478402073],[2.90694742000005,53.4784019800001],[2.90694715700005,53.4867355850001],[2.90278038800005,53.4867355380001],[2.90278025600003,53.490902342],[2.89861348600004,53.4909022950001],[2.89861295900005,53.507569506]]],"type":"Polygon"},"properties":{"determination_status":"CURRENT","field_no":"437","match_method":"normalized","matched_pprs_field":"SHAMROCK","matched_pprs_slug":"shamrock","polygon_field_name":"Shamrock"},"type":"Feature"},{"geometry":{"coordinates":[[[1.33176967900005,57.2826809410001],[1.33176847600004,57.3118486560001],[1.37343624900006,57.3118491600001],[1.37343607700006,57.3160159770001],[1.39843674200006,57.3160162790001],[1.39843811600002,57.282681746],[1.39010456100004,57.2826816460001],[1.39010490500004,57.2743480130001],[1.36510424100004,57.2743477110001],[1.36510389800003,57.2826813440001],[1.33176967900005,57.2826809410001]]],"type":"Polygon"},"properties":{"determination_status":"CURRENT","field_no":"528","match_method":"normalized","matched_pprs_field":"SHAW","matched_pprs_slug":"shaw","polygon_field_name":"Shaw"},"type":"Feature"},{"geometry":{"coordinates":[[[1.88595939600003,57.0785136060001],[1.91512684000003,57.0785139550001],[1.91512700700002,57.0743471380001],[1.92762734000007,57.0743472880001],[1.92762801100002,57.057680023],[1.94846189900005,57.057680272],[1.94846240100003,57.0451798240001],[1.96512951200003,57.0451800230001],[1.96513001300002,57.032679575],[1.98179712300004,57.032679774],[1.98179829200006,57.0035120640001],[1.94013051700006,57.003511567],[1.94013035000006,57.0076783820001],[1.93179679400004,57.0076782830001],[1.93179662700004,57.011845099],[1.92346307300005,57.0118449990001],[1.92346295700003,57.0160118150001],[1.91929612800004,57.0160117660001],[1.91929596100005,57.020178581],[1.91096240600007,57.0201784810001],[1.91096223900007,57.0243452980001],[1.90262868400004,57.024345198],[1.90262851700004,57.0285120140001],[1.89846173900003,57.0285119650001],[1.89847849700004,57.0493609170001],[1.89012734700003,57.049345944],[1.89012701200005,57.0576795760001],[1.88596023400004,57.0576795260001],[1.88595939600003,57.0785136060001]]],"type":"Polygon"},"properties":{"determination_status":"CURRENT","field_no":"247","match_method":"normalized","matched_pprs_field":"SHEARWATER","matched_pprs_slug":"shearwater","polygon_field_name":"Shearwater"},"type":"Feature"},{"geometry":{"coordinates":[[[2.79317882800007,54.4353768610001],[2.77310387500006,54.399264332],[2.76524728000004,54.3992642170001],[2.76524700100003,54.40759783],[2.76108022900007,54.407597782],[2.76107995000007,54.4159313960001],[2.75691317800005,54.4159313480001],[2.75691271200003,54.4298207040001],[2.75274594100006,54.4298206560001],[2.75274570800002,54.436765333],[2.78746880700004,54.4367657290001],[2.78746885400005,54.435376793],[2.79317882800007,54.4353768610001]]],"type":"Polygon"},"properties":{"determination_status":"CURRENT","field_no":"581","match_method":"normalized","matched_pprs_field":"SILLIMANITE","matched_pprs_slug":"sillimanite","polygon_field_name":"Sillimanite"},"type":"Feature"},{"geometry":{"coordinates":[[[1.68168267400006,59.4660991160001],[1.74418444900004,59.4660998840001],[1.74418681600002,59.4160979920001],[1.74002003200007,59.416097941],[1.74002160600003,59.382763347],[1.71502089700004,59.38276304],[1.71502011000007,59.3994303370001],[1.69835297100002,59.3994301320001],[1.69835257700004,59.40776378],[1.63168402200006,59.4077629610001],[1.63168283700003,59.432763906],[1.66501711600006,59.432764316],[1.66501672100003,59.441097965],[1.68168386000002,59.44109817],[1.68168267400006,59.4660991160001]]],"type":"Polygon"},"properties":{"determination_status":"CURRENT","field_no":"294","match_method":"normalized","matched_pprs_field":"SKENE","matched_pprs_slug":"skene","polygon_field_name":"Skene"},"type":"Feature"},{"geometry":{"coordinates":[[[1.81247586900002,53.4575555500001],[1.85970017800003,53.4575560900001],[1.85970035600008,53.4520003550001],[1.86803389200003,53.4520004500001],[1.86803402500004,53.447833647],[1.88470109700006,53.4478338380001],[1.88470114200004,53.446444904],[1.88747898700007,53.446444936],[1.88747903200004,53.4450560020001],[1.90275718100003,53.445056176],[1.90275722600006,53.4436672420001],[1.90692399300002,53.4436672900001],[1.90692403800006,53.4422783570001],[1.91109080600006,53.442278404],[1.91109085100004,53.4408894700001],[1.91525761900004,53.4408895180001],[1.91525766400002,53.439500583],[1.91803550800006,53.439500615],[1.91803555300004,53.4381116810001],[1.92081339800006,53.4381117130001],[1.92081344300004,53.436722779],[1.92359128800007,53.43672281],[1.92359137700004,53.433944942],[1.92636922300005,53.433944974],[1.92636940100004,53.4283892380001],[1.92775832400002,53.4283892540001],[1.92775859100004,53.4200556490001],[1.93470320300003,53.4200557280001],[1.93470324800006,53.418666794],[1.93609217100004,53.41866681],[1.93609270400003,53.4020007460001],[1.89581470300004,53.401999097],[1.89581323800007,53.410333779],[1.88470166300004,53.4103319810001],[1.88470168200007,53.415888845],[1.87359138500005,53.415889603],[1.87359022400005,53.4214435200001],[1.84303543400006,53.42144317],[1.84303337900008,53.424220866],[1.83469996800005,53.4242219490001],[1.83470077300007,53.4297772420001],[1.82358870800005,53.429777115],[1.82358754600006,53.4353328980001],[1.81247626600003,53.43533395],[1.81247586900002,53.4575555500001]]],"type":"Polygon"},"properties":{"determination_status":"CURRENT","field_no":"280","match_method":"normalized","matched_pprs_field":"SKIFF","matched_pprs_slug":"skiff","polygon_field_name":"Skiff"},"type":"Feature"},{"geometry":{"coordinates":[[[-3.97405648399996,60.0743830230001],[-3.94350118199998,60.074383809],[-3.94349789799998,60.0577152010001],[-3.91850077299995,60.057715183],[-3.91849975799994,60.0521605980001],[-3.89072073299997,60.052159546],[-3.89072013299995,60.0410489500001],[-3.91294388999995,60.0410479330001],[-3.91294219499997,60.035492279],[-3.99628116899993,60.0354923410001],[-3.99627925599998,60.066049338],[-3.97405755199998,60.066048965],[-3.97405648399996,60.0743830230001]]],"type":"Polygon"},"properties":{"determination_status":"CURRENT","field_no":"486","match_method":"normalized","matched_pprs_field":"SOLAN","matched_pprs_slug":"solan","polygon_field_name":"Solan"},"type":"Feature"},{"geometry":{"coordinates":[[[-0.884986778999973,58.0160133370001],[-0.843319028999929,58.0160138640001],[-0.843318655999951,58.007680228],[-0.83498510499993,58.0076803330001],[-0.834984232999943,57.9882351840001],[-0.868318433999946,57.988234762],[-0.868318557999942,57.9910126410001],[-0.879429957999946,57.9910125010001],[-0.879430081999942,57.993790378],[-0.884985781999944,57.993790308],[-0.88498590599994,57.996568187],[-0.890541606999932,57.996568117],[-0.890542229999937,58.010457509],[-0.884986529999935,58.01045758],[-0.885099536999974,58.0161286320001],[-0.884986778999973,58.0160133370001]]],"type":"Polygon"},"properties":{"determination_status":"CURRENT","field_no":"537","match_method":"normalized","matched_pprs_field":"SOLITAIRE","matched_pprs_slug":"solitaire","polygon_field_name":"Solitaire"},"type":"Feature"},{"geometry":{"coordinates":[[[0.998245070000053,61.1328213780001],[1.03991341400007,61.1328219050001],[1.03991331800006,61.124489112],[1.04824699600005,61.1244883520001],[1.04824731900004,61.116155587],[1.05658159500007,61.116154855],[1.05658307200002,61.0994876280001],[1.06491587900007,61.099488201],[1.06491674900002,61.0828213870001],[1.04824948000004,61.0828204220001],[1.04825015200004,61.0744860670001],[0.998248262000061,61.0744863560001],[0.998245070000053,61.1328213780001]]],"type":"Polygon"},"properties":{"determination_status":"CURRENT","field_no":"018a","match_method":"normalized","matched_pprs_field":"SOUTH CORMORANT","matched_pprs_slug":"south-cormorant","polygon_field_name":"South Cormorant"},"type":"Feature"},{"geometry":{"coordinates":[[[-3.70155607499993,53.9241709550001],[-3.67655552199994,53.92417127],[-3.67655582299994,53.932504871],[-3.64322175199993,53.9325052900001],[-3.64322205299993,53.940838892],[-3.60155446299996,53.9408394170001],[-3.60155476399996,53.9491730180001],[-3.55155365499996,53.9491736470001],[-3.55155245099996,53.9158392410001],[-3.53488541499996,53.9158394510001],[-3.53488421399993,53.8825050450001],[-3.51821717899998,53.8825052550001],[-3.51824469999997,53.782550611],[-3.60154876799993,53.7825010020001],[-3.60155056099995,53.8325026040001],[-3.63488463099998,53.8325021850001],[-3.63488522999995,53.849169386],[-3.66821929999998,53.8491689670001],[-3.66821989999994,53.865836169],[-3.70155396999996,53.865835749],[-3.70155607499993,53.9241709550001]]],"type":"Polygon"},"properties":{"determination_status":"CURRENT","field_no":"039","match_method":"normalized","matched_pprs_field":"SOUTH MORECAMBE","matched_pprs_slug":"south-morecambe","polygon_field_name":"South Morecambe"},"type":"Feature"},{"geometry":{"coordinates":[[[2.76528450800004,53.2158916340001],[2.80695318400006,53.2158923050001],[2.80695344400004,53.207558701],[2.86945497900007,53.2075594020001],[2.86945523800006,53.199225798],[2.88195554500004,53.199225938],[2.88195632100008,53.174225128],[2.89028960900004,53.174224834],[2.89029108700004,53.157556893],[2.84028834100008,53.1575567020001],[2.84029584100006,53.1658920720001],[2.78195423700004,53.165891468],[2.78195431900002,53.1825563940001],[2.76528695700006,53.1825583180001],[2.76528450800004,53.2158916340001]]],"type":"Polygon"},"properties":{"determination_status":"CURRENT","field_no":"047","match_method":"normalized","matched_pprs_field":"SOUTH SEAN","matched_pprs_slug":"south-sean","polygon_field_name":"South Sean"},"type":"Feature"},{"geometry":{"coordinates":[[[2.05415782700004,53.190882995],[2.13193749000004,53.1908838790001],[2.13193827600003,53.1658830710001],[2.07638137500004,53.1658824400001],[2.07638128700006,53.168660307],[2.06804775100005,53.1686602120001],[2.06804757600003,53.174215948],[2.06249188700002,53.1742158850001],[2.06249171200005,53.1797716200001],[2.05693602100007,53.179771557],[2.05693584600004,53.1853272920001],[2.05415800200007,53.1853272600001],[2.05415782700004,53.190882995]]],"type":"Polygon"},"properties":{"determination_status":"CURRENT","field_no":"599","match_method":"normalized","matched_pprs_field":"SOUTHWARK","matched_pprs_slug":"southwark","polygon_field_name":"Southwark"},"type":"Feature"},{"geometry":{"coordinates":[[[1.59828441400003,60.7244796690001],[1.58161725700006,60.724479461],[1.58161769000003,60.7161458040001],[1.56495053300006,60.716145596],[1.56495010000003,60.724479253],[1.54828294300006,60.7244790450001],[1.54827990200005,60.782814645],[1.57328063900007,60.782814957],[1.57328020300002,60.7911486150001],[1.59828094100004,60.7911489270001],[1.59828441400003,60.7244796690001]]],"type":"Polygon"},"properties":{"determination_status":"CURRENT","field_no":"131","match_method":"normalized","matched_pprs_field":"STAFFA","matched_pprs_slug":"staffa","polygon_field_name":"Staffa"},"type":"Feature"},{"geometry":{"coordinates":[[[1.38178316100004,56.966002707],[1.45678657000002,56.966004475],[1.45678690500006,56.957667735],[1.47345087500003,56.9576717480001],[1.47345435100004,56.9243357230001],[1.39845265000002,56.9243360770001],[1.39845112500007,56.932669425],[1.38178603500006,56.9326687600001],[1.38178316100004,56.966002707]]],"type":"Polygon"},"properties":{"determination_status":"CURRENT","field_no":"409","match_method":"normalized","matched_pprs_field":"STARLING","matched_pprs_slug":"starling","polygon_field_name":"Starling"},"type":"Feature"},{"geometry":{"coordinates":[[[1.74826557000006,61.166165445],[1.74826378400007,61.1995000850001],[1.76493095000006,61.199500293],[1.76492916000007,61.232834935],[1.78159632600006,61.232835143],[1.78159542900005,61.249502464],[1.79826259700008,61.2495026730001],[1.79826080100003,61.2828373150001],[1.80265847400005,61.2828334180001],[1.82557384300003,61.1661664100001],[1.74826557000006,61.166165445]]],"type":"Polygon"},"properties":{"determination_status":"CURRENT","field_no":"021","match_method":"normalized","matched_pprs_field":"STATFJORD","matched_pprs_slug":"statfjord","polygon_field_name":"Statfjord"},"type":"Feature"},{"geometry":{"coordinates":[[[2.03180641600005,56.832673223],[2.09847485200004,56.8326740140001],[2.09847518100003,56.824340384],[2.11514229100004,56.824340582],[2.11514261900004,56.8160069520001],[2.13180972800006,56.8160071500001],[2.13181104100005,56.7826726280001],[2.05680905200006,56.782671738],[2.05680888800003,56.786838554],[2.04847533400005,56.7868384550001],[2.04847517000007,56.79100527],[2.04014161600003,56.7910051710001],[2.04014128700004,56.799338801],[2.03180773200006,56.7993387020001],[2.03180756800003,56.8035055180001],[2.02347401400004,56.803505419],[2.02347319100005,56.8243394940001],[2.03180674500004,56.824339593],[2.03180641600005,56.832673223]]],"type":"Polygon"},"properties":{"determination_status":"CURRENT","field_no":"522","match_method":"normalized","matched_pprs_field":"STELLA","matched_pprs_slug":"stella","polygon_field_name":"Stella"},"type":"Feature"},{"geometry":{"coordinates":[[[1.15394774900005,58.2077123870001],[1.15394750500008,58.2132681470001],[1.14005823900004,58.213267977],[1.14005811700002,58.216045857],[1.12616885100005,58.216045686],[1.12616848400006,58.2243793260001],[1.11783492400002,58.224379223],[1.11783480200006,58.2271571030001],[1.11227909600007,58.2271570350001],[1.11227897400005,58.2299349150001],[1.09838970800007,58.229934745],[1.09838897300006,58.246602023],[1.14839033000004,58.246602636],[1.14839094200005,58.232713237],[1.15394664900003,58.2327133050001],[1.15394671000007,58.231324365],[1.16228026900006,58.231324467],[1.16228057500007,58.2243797680001],[1.17894769400004,58.2243799720001],[1.17894775500002,58.222991032],[1.18728131500006,58.222991134],[1.18728149800006,58.2188243140001],[1.19839294100007,58.2188246920001],[1.19839418900006,58.196601775],[1.18172676800003,58.1966012080001],[1.18172652400006,58.2021569680001],[1.17617081800006,58.2021569],[1.17617075700002,58.2035458400001],[1.16505934500003,58.2035457040001],[1.16505928400005,58.204934644],[1.15950357700007,58.204934576],[1.15950345500005,58.207712455],[1.15394774900005,58.2077123870001]]],"type":"Polygon"},"properties":{"determination_status":"CURRENT","field_no":"092","match_method":"normalized","matched_pprs_field":"STIRLING","matched_pprs_slug":"stirling","polygon_field_name":"Stirling"},"type":"Feature"},{"geometry":{"coordinates":[[[1.65668512400003,59.39942962],[1.71502011000007,59.3994303370001],[1.71502115900006,59.377207276],[1.69835402000007,59.377207071],[1.69835532900004,59.3494282440001],[1.62335320800003,59.3494273220001],[1.62335163500006,59.3827619140001],[1.65668591100007,59.3827623240001],[1.65668512400003,59.39942962]]],"type":"Polygon"},"properties":{"determination_status":"CURRENT","field_no":"595","match_method":"normalized","matched_pprs_field":"STORR","matched_pprs_slug":"storr","polygon_field_name":"Storr"},"type":"Feature"},{"geometry":{"coordinates":[[[1.68160718300004,60.9731015020001],[1.70660792600006,60.9731018140001],[1.70660851300005,60.9619902690001],[1.73160925600007,60.9619905810001],[1.73161035400005,60.941156435],[1.74827751600003,60.9411566430001],[1.74827795500005,60.9328229830001],[1.76494511700002,60.9328231910001],[1.76494643200004,60.9078222150001],[1.73994568900002,60.9078219040001],[1.73994612700005,60.899488246],[1.71494538500002,60.899487934],[1.71494494700005,60.9078215920001],[1.68994420500007,60.9078212810001],[1.68994376700005,60.9161549400001],[1.68161018600006,60.916154836],[1.68160930800002,60.932822152],[1.67327572800002,60.932822048],[1.67327484900005,60.949489365],[1.68160842900005,60.9494894690001],[1.68160718300004,60.9731015020001]]],"type":"Polygon"},"properties":{"determination_status":"CURRENT","field_no":"141","match_method":"normalized","matched_pprs_field":"STRATHSPEY","matched_pprs_slug":"strathspey","polygon_field_name":"Strathspey"},"type":"Feature"},{"geometry":{"coordinates":[[[1.26365996100003,58.5007800880001],[1.26227103400004,58.5007800710001],[1.26227109600006,58.49939113],[1.26088216900007,58.4993911130001],[1.26088223100004,58.498002173],[1.25949330400005,58.498002156],[1.25949336600007,58.4966132150001],[1.24838195100006,58.496613079],[1.24838182600007,58.49939096],[1.24421504500003,58.4993909090001],[1.24421485900007,58.5035577300001],[1.24004807800003,58.503557679],[1.24004552300005,58.56050423],[1.27754655200005,58.5605046900001],[1.27754779900005,58.5327258840001],[1.27338101800007,58.532725833],[1.27338176500007,58.5160585500001],[1.27754854600005,58.5160586010001],[1.27754892000007,58.507724959],[1.27338213800004,58.5077249080001],[1.27338220100006,58.506335967],[1.27060434600003,58.5063359330001],[1.27060440900004,58.5049469940001],[1.26782655400007,58.50494696],[1.26782661700003,58.5035580190001],[1.26504876300004,58.503557985],[1.26504882600005,58.5021690450001],[1.26365989900006,58.5021690280001],[1.26365996100003,58.5007800880001]]],"type":"Polygon"},"properties":{"determination_status":"CURRENT","field_no":"343","match_method":"normalized","matched_pprs_field":"SYCAMORE","matched_pprs_slug":"sycamore","polygon_field_name":"Sycamore"},"type":"Feature"},{"geometry":{"coordinates":[[[2.39849064400005,56.632670444],[2.46515908200007,56.632671229],[2.46515972700007,56.6160039710001],[2.48182683600004,56.616004167],[2.48182748000005,56.5993369080001],[2.53182880800006,56.599337495],[2.53182945100002,56.5826702370001],[2.54849656100004,56.582670432],[2.54849720300007,56.566003175],[2.56516431300003,56.5660033710001],[2.56516559500005,56.5326688540001],[2.49849715900007,56.532668072],[2.49849651800002,56.5493353300001],[2.43182808300003,56.5493345460001],[2.43182744000006,56.5660018040001],[2.39849322300006,56.566001412],[2.39849193500004,56.5993359280001],[2.36099094100007,56.599335486],[2.36098997200003,56.6243363730001],[2.39849096700004,56.624336815],[2.39849064400005,56.632670444]]],"type":"Polygon"},"properties":{"determination_status":"CURRENT","field_no":"609","match_method":"normalized","matched_pprs_field":"TALBOT","matched_pprs_slug":"talbot","polygon_field_name":"Talbot"},"type":"Feature"},{"geometry":{"coordinates":[[[-0.0016467259999331,58.3827045030001],[0.0150203860000602,58.382704711],[0.0150196300000403,58.3993719900001],[0.0650209670000663,58.3993726160001],[0.065020210000057,58.416039895],[0.115021548000072,58.4160405200001],[0.115024191000032,58.3577050430001],[0.131691303000025,58.357705251],[0.131692432000023,58.332704334],[0.0816910960000428,58.33270371],[0.0816907190000506,58.341037349],[0.0650236080000468,58.3410371410001],[0.0650226660000612,58.361871239],[-0.00164578099997925,58.361870405],[-0.0016467259999331,58.3827045030001]]],"type":"Polygon"},"properties":{"determination_status":"CURRENT","field_no":"24","match_method":"normalized","matched_pprs_field":"TARTAN","matched_pprs_slug":"tartan","polygon_field_name":"Tartan"},"type":"Feature"},{"geometry":{"coordinates":[[[0.827589700000033,57.282674818],[0.810922595000022,57.2826746150001],[0.810922248000054,57.2910082480001],[0.80675547200002,57.2910081970001],[0.806754951000073,57.3035086460001],[0.82758883300005,57.3035089000001],[0.827588486000025,57.3118425320001],[0.852589144000035,57.311842837],[0.852590530000043,57.278508308],[0.827589873000022,57.2785080030001],[0.827589700000033,57.282674818]]],"type":"Polygon"},"properties":{"determination_status":"CURRENT","field_no":"184","match_method":"normalized","matched_pprs_field":"TEAL","matched_pprs_slug":"teal","polygon_field_name":"Teal"},"type":"Feature"},{"geometry":{"coordinates":[[[[0.798424401000034,57.232672936],[0.810924856000042,57.2326735550001],[0.81092471900007,57.2451726420001],[0.840090678000024,57.2451737390001],[0.840092610000056,57.2326744590001],[0.835926468000025,57.2326741090001],[0.835867922000034,57.224309684],[0.823424526000053,57.2243380240001],[0.82342538000006,57.220173856],[0.798425505000068,57.2201721820001],[0.798424401000034,57.232672936]]],[[[0.835841470000048,57.2242980930001],[0.835867922000034,57.224309684],[0.835867922000034,57.2242980930001],[0.835841470000048,57.2242980930001]]]],"type":"MultiPolygon"},"properties":{"determination_status":"CURRENT","field_no":"205","match_method":"normalized","matched_pprs_field":"TEAL SOUTH","matched_pprs_slug":"teal-south","polygon_field_name":"Teal South"},"type":"Feature"},{"geometry":{"coordinates":[[[0.752586861000054,57.3035079840001],[0.806754951000073,57.3035086460001],[0.80675547200002,57.2910081970001],[0.810922248000054,57.2910082480001],[0.810923115000037,57.2701741670001],[0.752588250000031,57.2701734550001],[0.752586861000054,57.3035079840001]]],"type":"Polygon"},"properties":{"determination_status":"CURRENT","field_no":"611","match_method":"normalized","matched_pprs_field":"TEAL WEST","matched_pprs_slug":"teal-west","polygon_field_name":"Teal West"},"type":"Feature"},{"geometry":{"coordinates":[[[0.231700528000033,58.2118678190001],[0.231700342000067,58.2160346380001],[0.227533564000055,58.2160345870001],[0.227533378000032,58.2202014050001],[0.215033045000041,58.2202012500001],[0.215032858000029,58.224368069],[0.194198968000023,58.22436781],[0.194198782000058,58.2285346290001],[0.177531671000054,58.2285344220001],[0.177531547000058,58.2313123000001],[0.169197991000033,58.231312196],[0.169197742000051,58.2368679560001],[0.140030298000056,58.2368675920001],[0.140029800000036,58.2479791100001],[0.149752281000076,58.247979231],[0.149752343000046,58.2465902920001],[0.17336408400007,58.2465905860001],[0.173364147000029,58.2452016460001],[0.198364814000058,58.2452019570001],[0.198364876000028,58.2438130180001],[0.206698431000063,58.2438131210001],[0.206698494000022,58.242424182],[0.215032050000048,58.2424242860001],[0.215032112000074,58.241035346],[0.227532446000055,58.241035502],[0.227532508000024,58.2396465620001],[0.231699286000037,58.239646614],[0.231699348000063,58.2382576740001],[0.235866126000076,58.238257726],[0.235866188000045,58.2368687860001],[0.235866250000072,58.235479846],[0.240033029000074,58.2354798980001],[0.240033215000039,58.2313130790001],[0.244199992000063,58.23131313],[0.244200117000048,58.228535252],[0.248366895000061,58.228535304],[0.248367019000057,58.2257574240001],[0.252533797000069,58.2257574760001],[0.252533859000039,58.224368536],[0.256700637000051,58.2243685880001],[0.256700761000047,58.2215907080001],[0.265034317000072,58.221590812],[0.265034379000042,58.2202018720001],[0.292812898000022,58.2202022170001],[0.292813085000034,58.2160353990001],[0.340036570000052,58.2160359860001],[0.340036756000075,58.211869166],[0.398371649000069,58.2118698900001],[0.398372391000066,58.195202613],[0.344204276000028,58.1952019410001],[0.344204152000032,58.1979798200001],[0.327537041000028,58.197979613],[0.327536979000058,58.1993685530001],[0.310869867000065,58.199368346],[0.310869743000069,58.2021462260001],[0.302536187000044,58.202146122],[0.302536125000074,58.2035350620001],[0.252534790000027,58.2035344400001],[0.252534604000061,58.207701259],[0.244201048000036,58.2077011550001],[0.244200861000024,58.2118679750001],[0.231700528000033,58.2118678190001]]],"type":"Polygon"},"properties":{"determination_status":"CURRENT","field_no":"212","match_method":"normalized","matched_pprs_field":"TELFORD","matched_pprs_slug":"telford","polygon_field_name":"Telford"},"type":"Feature"},{"geometry":{"coordinates":[[[0.948233142000049,61.3244949190001],[0.964900304000025,61.3244951300001],[0.964899846000037,61.3328287900001],[0.981567007000024,61.3328290010001],[0.981568835000076,61.29949436],[0.964901675000021,61.2994941490001],[0.964905319000025,61.2328248690001],[0.848235204000048,61.2328233900001],[0.848233380000067,61.2661580290001],[0.864900540000065,61.266158241],[0.864899627000057,61.28282556],[0.898233946000062,61.2828259830001],[0.898233032000064,61.2994933040001],[0.914900193000051,61.2994935150001],[0.914899278000064,61.3161608360001],[0.948233600000037,61.3161612590001],[0.948233142000049,61.3244949190001]]],"type":"Polygon"},"properties":{"determination_status":"CURRENT","field_no":"055","match_method":"normalized","matched_pprs_field":"TERN","matched_pprs_slug":"tern","polygon_field_name":"Tern"},"type":"Feature"},{"geometry":{"coordinates":[[[1.26505489100003,58.366052908],[1.25672133000006,58.366052806],[1.25672022000003,58.391053728],[1.26505378100006,58.39105383],[1.26505291700005,58.4104989910001],[1.27060862300004,58.4104990590001],[1.28172003800006,58.4104991950001],[1.28172010000003,58.409110255],[1.29560936900003,58.4091104250001],[1.29560943100006,58.4077214850001],[1.30116513900003,58.407721553],[1.30116520000007,58.4063326130001],[1.31505446900007,58.406332783],[1.33172159100008,58.406332987],[1.33172190000005,58.3993882870001],[1.34422224200006,58.3993884390001],[1.34422242700003,58.395221619],[1.36088955000002,58.395221823],[1.36089010400002,58.3827213610001],[1.37339044600003,58.3827215140001],[1.37339118400007,58.3660542330001],[1.35672406200007,58.36605403],[1.35672461500008,58.353553569],[1.34839105400005,58.353553467],[1.34839142300007,58.3452198250001],[1.33172430000008,58.3452196220001],[1.33172466900004,58.3368859820001],[1.26505618400006,58.3368851660001],[1.26505489100003,58.366052908]]],"type":"Polygon"},"properties":{"determination_status":"CURRENT","field_no":"199","match_method":"normalized","matched_pprs_field":"THELMA","matched_pprs_slug":"thelma","polygon_field_name":"Thelma"},"type":"Feature"},{"geometry":{"coordinates":[[[1.55658326100007,61.3495035770001],[1.55658280700004,61.3578372380001],[1.55241601600005,61.357837186],[1.55241556200002,61.366170847],[1.54824877000004,61.3661707950001],[1.54824854300006,61.370337625],[1.54324839300006,61.370337562],[1.54324816600007,61.3745043930001],[1.53991473200006,61.374504351],[1.53991465700005,61.3758932950001],[1.53713679500004,61.3758932600001],[1.53713664400004,61.378671147],[1.53158092100006,61.3786710780001],[1.53158069300002,61.3828379080001],[1.52741390200003,61.382837855],[1.52741344700007,61.391171517],[1.51491307200007,61.39117136],[1.51491170400004,61.4161723440001],[1.55657962300006,61.416172868],[1.55658007900007,61.4078392060001],[1.56491366300003,61.40783931],[1.56491411900004,61.399505649],[1.58991487000003,61.3995059630001],[1.58991578000007,61.38283864],[1.59824936400003,61.3828387450001],[1.59824981800006,61.3745050840001],[1.60658340100002,61.3745051880001],[1.60658385500005,61.3661715270001],[1.62325102300002,61.3661717360001],[1.62325238300002,61.341170753],[1.61491880000005,61.3411706480001],[1.61491925300004,61.3328369870001],[1.59825208500007,61.3328367780001],[1.58158491800003,61.3328365680001],[1.58158469100005,61.3370033990001],[1.57741790000006,61.3370033470001],[1.57741767400006,61.341170178],[1.56908409000005,61.3411700730001],[1.56908386300006,61.345336903],[1.56491707200007,61.3453368510001],[1.56491684500003,61.349503682],[1.55658326100007,61.3495035770001]]],"type":"Polygon"},"properties":{"determination_status":"CURRENT","field_no":"017","match_method":"normalized","matched_pprs_field":"THISTLE","matched_pprs_slug":"thistle","polygon_field_name":"Thistle"},"type":"Feature"},{"geometry":{"coordinates":[[[1.26338227500003,58.4985577800001],[1.28838296000004,58.498558087],[1.28838320800003,58.4930023250001],[1.29671677000005,58.4930024270001],[1.29671782500003,58.4693904430001],[1.28282855500004,58.469390273],[1.28282872900007,58.46550124],[1.25505019100007,58.4655009000001],[1.25505001800002,58.4693899330001],[1.24671645600006,58.4693898300001],[1.24671552400002,58.490223933],[1.25504908600004,58.490224036],[1.25504890000002,58.494390857],[1.26338246100005,58.494390959],[1.26338227500003,58.4985577800001]]],"type":"Polygon"},"properties":{"determination_status":"CURRENT","field_no":"118","match_method":"normalized","matched_pprs_field":"TIFFANY","matched_pprs_slug":"tiffany","polygon_field_name":"Tiffany"},"type":"Feature"},{"geometry":{"coordinates":[[[0.440200398000059,54.0908936390001],[0.498535136000044,54.090894328],[0.498535231000062,54.088116459],[0.537425057000064,54.0881169180001],[0.537425247000044,54.082561179],[0.548536625000054,54.0825613100001],[0.548538046000033,54.0408932730001],[0.531870978000029,54.040893076],[0.531871545000058,54.024225861],[0.50687094400007,54.024225566],[0.506871508000074,54.007641688],[0.46520384300004,54.007557859],[0.465203749000068,54.0103357290001],[0.454092371000058,54.0103355970001],[0.454092182000068,54.015891336],[0.442980803000069,54.0158912050001],[0.442980613000032,54.0214469420001],[0.429091392000032,54.021446778],[0.429091202000052,54.027002517],[0.423535513000047,54.027002451],[0.423535418000029,54.02978032],[0.412424040000076,54.0297801890001],[0.412423851000028,54.0353359260001],[0.404090318000044,54.035335828],[0.404089464000037,54.0603366500001],[0.423534375000031,54.0603368800001],[0.423534185000051,54.0658926190001],[0.440201253000055,54.065892816],[0.440200398000059,54.0908936390001]]],"type":"Polygon"},"properties":{"determination_status":"CURRENT","field_no":"589","match_method":"normalized","matched_pprs_field":"TOLMOUNT","matched_pprs_slug":"tolmount","polygon_field_name":"Tolmount"},"type":"Feature"},{"geometry":{"coordinates":[[[2.83184362600002,56.4205971530001],[2.87952984400005,56.382670438],[2.83184506300006,56.382666661],[2.83184362600002,56.4205971530001]]],"type":"Polygon"},"properties":{"determination_status":"CURRENT","field_no":"608","match_method":"normalized","matched_pprs_field":"TOMMELITEN A","matched_pprs_slug":"tommeliten-a","polygon_field_name":"Tommeliten A"},"type":"Feature"},{"geometry":{"coordinates":[[[1.27060862300004,58.4104990590001],[1.27060713900005,58.443833623],[1.27338499300004,58.443833657],[1.27338462100005,58.4521672990001],[1.29560745200007,58.4521675710001],[1.29560757600007,58.4493896910001],[1.30116328400004,58.449389759],[1.30116340700005,58.4466118780001],[1.30671911500002,58.4466119460001],[1.30671936200002,58.4410561860001],[1.32060863100003,58.441056356],[1.32060887900002,58.4355005950001],[1.32894244100004,58.4355006970001],[1.32894318300004,58.4188334140001],[1.32060962000003,58.4188333120001],[1.32060974400002,58.4160554330001],[1.31505403700004,58.416055365],[1.31505446900007,58.406332783],[1.30116520000007,58.4063326130001],[1.30116513900003,58.407721553],[1.29560943100006,58.4077214850001],[1.29560936900003,58.4091104250001],[1.28172010000003,58.409110255],[1.28172003800006,58.4104991950001],[1.27060862300004,58.4104990590001]]],"type":"Polygon"},"properties":{"determination_status":"CURRENT","field_no":"136","match_method":"normalized","matched_pprs_field":"TONI","matched_pprs_slug":"toni","polygon_field_name":"Toni"},"type":"Feature"},{"geometry":{"coordinates":[[[0.915071967000074,57.757693031],[0.965073301000075,57.757693643],[0.965073479000068,57.7535268250001],[0.981740590000072,57.7535270290001],[0.981740947000048,57.7451933930001],[0.973407391000023,57.7451932910001],[0.973407569000074,57.7410264740001],[0.940073347000066,57.7410260660001],[0.940073169000073,57.7451928830001],[0.915072502000044,57.7451925770001],[0.915071967000074,57.757693031]]],"type":"Polygon"},"properties":{"determination_status":"CURRENT","field_no":"540","match_method":"normalized","matched_pprs_field":"TONTO","matched_pprs_slug":"tonto","polygon_field_name":"Tonto"},"type":"Feature"},{"geometry":{"coordinates":[[[-3.26019570799997,60.899423272],[-3.06852385399998,60.899425858],[-3.06852290799998,60.882758552],[-3.08519002599996,60.882758327],[-3.08518813699993,60.8494237150001],[-3.20185795799995,60.849422142],[-3.20185890399995,60.8660894480001],[-3.26019381199995,60.8660886600001],[-3.26019570799997,60.899423272]]],"type":"Polygon"},"properties":{"determination_status":"CURRENT","field_no":"475","match_method":"normalized","matched_pprs_field":"TORMORE","matched_pprs_slug":"tormore","polygon_field_name":"Tormore"},"type":"Feature"},{"geometry":{"coordinates":[[[1.67077981000006,54.271469585],[1.65966842400007,54.271469456],[1.65966823600007,54.2770251970001],[1.64855685100002,54.2770250680001],[1.64855666200003,54.282580808],[1.59855542800005,54.282580227],[1.59855391800005,54.327026152],[1.63188807400007,54.3270265400001],[1.63188845200006,54.315915058],[1.67911184200005,54.3159156070001],[1.67911203100005,54.3103598660001],[1.68466772300008,54.3103599300001],[1.68466791200007,54.30480419],[1.69855714400006,54.304804351],[1.69855756600003,54.2923594920001],[1.72911387800002,54.2923598460001],[1.72911402100004,54.2881374830001],[1.75689248500004,54.2881378050001],[1.75689257900007,54.285359935],[1.77355965900006,54.285360128],[1.77355975300003,54.282582258],[1.78189329200006,54.2825823540001],[1.78189348000006,54.2770266140001],[1.79022702000003,54.2770267110001],[1.79022739600003,54.2659152300001],[1.69022492300007,54.2659140710001],[1.69022482900004,54.2686919400001],[1.67077990400003,54.268691715],[1.67077981000006,54.271469585]]],"type":"Polygon"},"properties":{"determination_status":"CURRENT","field_no":"208","match_method":"normalized","matched_pprs_field":"TRENT","matched_pprs_slug":"trent","polygon_field_name":"Trent"},"type":"Feature"},{"geometry":{"coordinates":[[[0.131708407000076,57.9743579080001],[0.131707428000027,57.9965809380001],[0.212265118000062,57.9965819400001],[0.212265240000022,57.9938040600001],[0.21504309200003,57.993804095],[0.215043703000049,57.979914701],[0.20671014900006,57.9799145980001],[0.20671027100002,57.977136719],[0.198376717000031,57.9771366150001],[0.198376839000048,57.9743587360001],[0.156709069000044,57.9743582180001],[0.131708407000076,57.9743579080001]]],"type":"Polygon"},"properties":{"determination_status":"CURRENT","field_no":"382","match_method":"normalized","matched_pprs_field":"TWEEDSMUIR","matched_pprs_slug":"tweedsmuir","polygon_field_name":"Tweedsmuir"},"type":"Feature"},{"geometry":{"coordinates":[[[0.198378304000073,57.9410241900001],[0.198378670000068,57.932690553],[0.123376687000075,57.9326896220001],[0.123376443000041,57.9382453800001],[0.112265038000032,57.9382452410001],[0.112264794000055,57.943800998],[0.103931241000055,57.943800895],[0.103930140000045,57.9688018040001],[0.109485842000026,57.9688018730001],[0.109485597000059,57.974357631],[0.131708407000076,57.9743579080001],[0.156709069000044,57.9743582180001],[0.156709313000022,57.9688024600001],[0.170598570000038,57.9688026330001],[0.170598692000056,57.966024755],[0.198377206000032,57.9660251000001],[0.198378304000073,57.9410241900001]]],"type":"Polygon"},"properties":{"determination_status":"CURRENT","field_no":"381","match_method":"normalized","matched_pprs_field":"TWEEDSMUIR SOUTH","matched_pprs_slug":"tweedsmuir-south","polygon_field_name":"Tweedsmuir South"},"type":"Feature"},{"geometry":{"coordinates":[[[1.51077615300005,58.3983360230001],[1.56396211900005,58.3410557610001],[1.51071543600005,58.341082617],[1.51077615300005,58.3983360230001]]],"type":"Polygon"},"properties":{"determination_status":"CURRENT","field_no":"578","match_method":"normalized","matched_pprs_field":"UTGARD","matched_pprs_slug":"utgard","polygon_field_name":"Utgard"},"type":"Feature"},{"geometry":{"coordinates":[[[-1.87683077399993,61.0119461140001],[-1.85599686099994,61.01194639],[-1.85599522299998,60.9827785960001],[-1.86016200499995,60.9827785410001],[-1.86016177199997,60.9786117140001],[-1.87682890299993,60.9786114940001],[-1.87682843499994,60.9702778380001],[-1.88099521799995,60.970277783],[-1.88099451799997,60.9577773],[-1.90182843099996,60.9577770240001],[-1.90182819699993,60.953610197],[-1.95182958699996,60.9536095350001],[-1.95183052199997,60.9702768440001],[-1.94349695699998,60.970276955],[-1.94349742499998,60.97861061],[-1.93516385899994,60.9786107210001],[-1.93516456099997,60.9911112030001],[-1.92266421299996,60.9911113690001],[-1.92266444699993,60.9952781960001],[-1.90599731699996,60.9952784170001],[-1.90599755099993,60.9994452450001],[-1.88516363699995,60.999445521],[-1.88516387099997,61.003612349],[-1.87683030599993,61.0036124590001],[-1.87683077399993,61.0119461140001]]],"type":"Polygon"},"properties":{"determination_status":"CURRENT","field_no":"610","match_method":"exact","matched_pprs_field":"VICTORY","matched_pprs_slug":"victory","polygon_field_name":"VICTORY"},"type":"Feature"},{"geometry":{"coordinates":[[[0.681772035000051,56.8076561030001],[0.731773330000067,56.807656711],[0.731774339000026,56.7826558250001],[0.715107242000045,56.782655623],[0.715107746000058,56.7701551800001],[0.652606129000048,56.77015442],[0.652604951000058,56.7993221200001],[0.681772372000069,56.7993224750001],[0.681772035000051,56.8076561030001]]],"type":"Polygon"},"properties":{"determination_status":"CURRENT","field_no":"548","match_method":"normalized","matched_pprs_field":"VARADERO","matched_pprs_slug":"varadero","polygon_field_name":"Varadero"},"type":"Feature"},{"geometry":{"coordinates":[[[2.01513633400003,56.9076757],[2.08180477200005,56.9076764930001],[2.08180510300002,56.8993428620001],[2.09847221300004,56.89934306],[2.09847485200004,56.8326740140001],[2.03180641600005,56.832673223],[2.03180608600007,56.8410068540001],[2.01513897800004,56.841006656],[2.01513633400003,56.9076757]]],"type":"Polygon"},"properties":{"determination_status":"CURRENT","field_no":"582","match_method":"normalized","matched_pprs_field":"VORLICH","matched_pprs_slug":"vorlich","polygon_field_name":"Vorlich"},"type":"Feature"},{"geometry":{"coordinates":[[[1.24857726200003,53.365879421],[1.31524552900004,53.365880191],[1.31524557400007,53.3644912570001],[1.32774587400007,53.3644914020001],[1.32774609800003,53.3575467320001],[1.33052394200007,53.3575467640001],[1.33052407600007,53.3533799630001],[1.33191299900005,53.3533799790001],[1.33191313300006,53.3492131770001],[1.34024666700003,53.349213273],[1.34024698000007,53.3394907370001],[1.31385745800003,53.339490432],[1.31385732300004,53.343657233],[1.30830163400003,53.343657169],[1.30830154400007,53.346435037],[1.29857908900004,53.346434925],[1.29857904400006,53.3478238590001],[1.28468982200008,53.3478236980001],[1.28468973200006,53.3506015660001],[1.27635619900002,53.3506014700001],[1.27635611000005,53.3533793380001],[1.26941149800007,53.3533792580001],[1.26941145300003,53.3547681920001],[1.24857762000005,53.354767951],[1.24857726200003,53.365879421]]],"type":"Polygon"},"properties":{"determination_status":"CURRENT","field_no":"257","match_method":"normalized","matched_pprs_field":"WAVENEY","matched_pprs_slug":"waveney","polygon_field_name":"Waveney"},"type":"Feature"},{"geometry":{"coordinates":[[[2.23609343400005,53.607565283],[2.25276051100008,53.6075654730001],[2.25276060000004,53.6047876050001],[2.29859505900004,53.6047881270001],[2.29859523700003,53.5992323890001],[2.30276200700007,53.5992324370001],[2.30276227500002,53.5908988310001],[2.30692904300003,53.5908988780001],[2.30692931100003,53.5825652720001],[2.31109608000003,53.5825653190001],[2.31109621400003,53.578398517],[2.31942975100003,53.5783986110001],[2.31942988500003,53.574231808],[2.33609696200006,53.574231997],[2.33609709500007,53.5700651940001],[2.34859740200005,53.570065336],[2.34859793700002,53.5533981250001],[2.34026439900003,53.55339803],[2.34026426500003,53.5575648330001],[2.33193072700004,53.5575647380001],[2.33193059300004,53.561731541],[2.31526351800005,53.561731352],[2.31526338400005,53.5658981550001],[2.30692984600006,53.5658980600001],[2.30692971200006,53.570064863],[2.29442940500007,53.5700647200001],[2.29442927100007,53.574231524],[2.28192896400003,53.5742313820001],[2.28192883100007,53.578398185],[2.26942852400003,53.578398043],[2.26942839000003,53.582564845],[2.26109485200004,53.5825647500001],[2.26109471800004,53.586731553],[2.25276118100004,53.5867314590001],[2.25276104700004,53.5908982620001],[2.24442750800006,53.590898167],[2.24442737400005,53.5950649690001],[2.23609383700006,53.5950648740001],[2.23609343400005,53.607565283]]],"type":"Polygon"},"properties":{"determination_status":"CURRENT","field_no":"428","match_method":"normalized","matched_pprs_field":"WENLOCK","matched_pprs_slug":"wenlock","polygon_field_name":"Wenlock"},"type":"Feature"},{"geometry":{"coordinates":[[[1.19003483600005,58.7660668],[1.19003470900003,58.7688446810001],[1.18170114500003,58.768844578],[1.18170095500005,58.7730114],[1.17336739200005,58.773011297],[1.17336726600007,58.7757891790001],[1.16503370300006,58.7757890760001],[1.16503357600004,58.7785669570001],[1.15670001200004,58.7785668550001],[1.15669969500004,58.7855115570001],[1.14836613200004,58.7855114540001],[1.14836606800003,58.786900395],[1.13586572400004,58.7869002410001],[1.13586527900003,58.796622825],[1.15253240500004,58.79662303],[1.15253246900005,58.7952340890001],[1.16919959500007,58.7952342950001],[1.16919940400004,58.7994011170001],[1.19836687600002,58.7994014760001],[1.19836668600004,58.8035682980001],[1.20670024900005,58.8035684010001],[1.20670005800002,58.8077352220001],[1.23170074900003,58.8077355300001],[1.23170163700007,58.7882903620001],[1.23725734700002,58.7882904310001],[1.23725798100003,58.774401025],[1.24420261600005,58.77440111],[1.24420318600005,58.7619006450001],[1.24975889600006,58.761900713],[1.24975965500005,58.745233426],[1.24003716500005,58.745233307],[1.24003773400005,58.7327328420001],[1.21503704400004,58.7327325350001],[1.21503666500007,58.741066178],[1.20531417400002,58.741066059],[1.20531360400003,58.7535665230001],[1.19836896900006,58.7535664380001],[1.19836839900006,58.7660669030001],[1.19003483600005,58.7660668]]],"type":"Polygon"},"properties":{"determination_status":"CURRENT","field_no":"231","match_method":"normalized","matched_pprs_field":"WEST BRAE","matched_pprs_slug":"west-brae","polygon_field_name":"West Brae"},"type":"Feature"},{"geometry":{"coordinates":[[[1.39823556800008,61.5245089960001],[1.44823780800004,61.5245079750001],[1.44823900200004,61.4995081220001],[1.43990443100006,61.499508017],[1.43990461100003,61.4828406930001],[1.43157220400002,61.482840588],[1.43157312100004,61.4661732650001],[1.39823878700003,61.4661728450001],[1.39823556800008,61.5245089960001]]],"type":"Polygon"},"properties":{"determination_status":"CURRENT","field_no":"454","match_method":"normalized","matched_pprs_field":"WEST DON","matched_pprs_slug":"west-don","polygon_field_name":"West Don"},"type":"Feature"},{"geometry":{"coordinates":[[[0.981889686000045,53.807557366],[1.00966813500003,53.8075576910001],[1.00966827400003,53.8033908880001],[1.01800180800007,53.8033909850001],[1.01800190000006,53.8006131170001],[1.02216866800006,53.8006131650001],[1.02216880700007,53.796446362],[1.03050234100004,53.796446459],[1.03050247900006,53.7922796570001],[1.03883601500007,53.792279754],[1.03883615300003,53.78811295],[1.05411430000004,53.7881131280001],[1.05411448500007,53.7825573910001],[1.09300431200006,53.7825578440001],[1.09300468100002,53.771446369],[1.09856037100008,53.771446434],[1.09856055600005,53.765890697],[1.11522762600003,53.765890891],[1.11522781000002,53.760335153],[1.15133979400002,53.7603355740001],[1.15134007000006,53.7520019680001],[1.16522929400003,53.7520021300001],[1.16523012200003,53.727001312],[1.19023072600004,53.7270016030001],[1.19023090900004,53.7214458650001],[1.19856444400006,53.7214459620001],[1.19856490200004,53.7075566190001],[1.20689843700006,53.7075567160001],[1.20689852800007,53.704778848],[1.21523206400002,53.704778945],[1.21523243000007,53.69366747],[1.22356596500003,53.693667566],[1.22356623900004,53.685333961],[1.24301115300005,53.6853341870001],[1.24301179300005,53.665889108],[1.11523093200003,53.665887624],[1.11523056600004,53.6769990970001],[1.08189642800005,53.6769987100001],[1.08189624500005,53.682554446],[1.07911840100007,53.682554414],[1.07911803400003,53.6936658870001],[1.06522881000006,53.6936657260001],[1.06522862600002,53.6992214630001],[1.05689509100006,53.6992213660001],[1.05689454000003,53.715888577],[1.04856100600006,53.71588848],[1.04856045400004,53.7325556910001],[1.03189338500005,53.7325554970001],[1.03189283200004,53.749222708],[1.01522576400004,53.7492225140001],[1.01522521100003,53.7658897260001],[0.998558142000036,53.7658895320001],[0.99855758800004,53.782556743],[0.981890519000046,53.7825565480001],[0.981889686000045,53.807557366]]],"type":"Polygon"},"properties":{"determination_status":"CURRENT","field_no":"1","match_method":"normalized","matched_pprs_field":"WEST SOLE","matched_pprs_slug":"west-sole","polygon_field_name":"West Sole"},"type":"Feature"},{"geometry":{"coordinates":[[[0.515200874000072,54.1297846960001],[0.52909009800004,54.12978486],[0.52909028800002,54.1242291200001],[0.545757356000024,54.1242293170001],[0.545757546000061,54.118673578],[0.554091081000024,54.1186736760001],[0.554091271000061,54.1131179380001],[0.562424805000035,54.113118037],[0.562424995000072,54.1075622980001],[0.56798068400002,54.1075623630001],[0.567981064000037,54.0964508860001],[0.573536754000031,54.0964509520001],[0.573537133000059,54.0853394740001],[0.551314375000061,54.0853392120001],[0.551313996000033,54.0964506890001],[0.548536151000064,54.0964506560001],[0.548536056000046,54.099228526],[0.542980366000052,54.0992284600001],[0.542980271000033,54.1020063300001],[0.53464673700006,54.1020062320001],[0.534646547000023,54.1075619700001],[0.523535168000024,54.107561838],[0.523534978000043,54.1131175780001],[0.51520144400007,54.113117479],[0.515200874000072,54.1297846960001]]],"type":"Polygon"},"properties":{"determination_status":"CURRENT","field_no":"330","match_method":"normalized","matched_pprs_field":"WHITTLE","matched_pprs_slug":"whittle","polygon_field_name":"Whittle"},"type":"Feature"},{"geometry":{"coordinates":[[[2.59857808900006,54.3492606400001],[2.60691163100006,54.349260735],[2.60691144500004,54.354816477],[2.61524498900008,54.3548165720001],[2.61524489600004,54.357594442],[2.63191198100003,54.3575946330001],[2.63191226000004,54.3492610210001],[2.64024580400007,54.349261116],[2.64024589600007,54.3464832450001],[2.64024608200003,54.340927504],[2.64857962500002,54.3409275990001],[2.64857990300004,54.3325939860001],[2.65413559900003,54.3325940490001],[2.65413569200007,54.329816179],[2.66246923400007,54.3298162740001],[2.66246960500007,54.3187047910001],[2.67913669100005,54.3187049810001],[2.67913687700008,54.31314924],[2.68191472400002,54.313149271],[2.68191527900007,54.296482047],[2.66802604100008,54.2964818890001],[2.66802622600005,54.290926148],[2.66247053100005,54.290926084],[2.66247071600003,54.2853703430001],[2.65691502100003,54.2853702790001],[2.65691520600006,54.279814539],[2.65135951100007,54.2798144750001],[2.65135997300007,54.2659251220001],[2.59858087100002,54.2659245200001],[2.59858114800005,54.2575909080001],[2.58191406300006,54.2575907180001],[2.58191387800002,54.263146459],[2.57358033600002,54.2631463640001],[2.57358015100004,54.268702105],[2.56524660900004,54.26870201],[2.56524642400007,54.2742577510001],[2.55691288100007,54.274257656],[2.55691269600004,54.279813398],[2.54857915400004,54.279813303],[2.54857869000006,54.2937026550001],[2.55135653800005,54.2937026860001],[2.55135588800005,54.3131477810001],[2.55968943100004,54.3131478770001],[2.55968933800006,54.3159257470001],[2.58191211800005,54.315926001],[2.58191165300002,54.3298153550001],[2.58746734900006,54.3298154180001],[2.58746688400004,54.343704771],[2.59857827500002,54.3437048980001],[2.59857808900006,54.3492606400001]]],"type":"Polygon"},"properties":{"determination_status":"CURRENT","field_no":"483","match_method":"normalized","matched_pprs_field":"WINGATE","matched_pprs_slug":"wingate","polygon_field_name":"Wingate"},"type":"Feature"},{"geometry":{"coordinates":[[[0.440198971000029,54.1325616770001],[0.465199573000064,54.1325619730001],[0.465200430000039,54.107561149],[0.454089051000039,54.1075610180001],[0.454089146000058,54.1047831490001],[0.426310700000045,54.1047828210001],[0.426310604000037,54.1075606890001],[0.412421381000058,54.1075605250001],[0.41242128600004,54.1103383940001],[0.404087752000066,54.1103382960001],[0.40408737100006,54.1214497730001],[0.415198750000059,54.121449904],[0.41519865500004,54.1242277740001],[0.431865722000055,54.124227971],[0.431865627000036,54.127005841],[0.440199161000066,54.1270059390001],[0.440198971000029,54.1325616770001]]],"type":"Polygon"},"properties":{"determination_status":"CURRENT","field_no":"331","match_method":"normalized","matched_pprs_field":"WOLLASTON","matched_pprs_slug":"wollaston","polygon_field_name":"Wollaston"},"type":"Feature"},{"geometry":{"coordinates":[[[1.43176803300003,57.3868525660001],[1.48593614400005,57.38685322],[1.48593717800003,57.361852319],[1.44843617900005,57.3618518660001],[1.44843600600007,57.366018684],[1.44010245100003,57.366018583],[1.44010227900003,57.370185399],[1.43176872300006,57.3701852980001],[1.43176803300003,57.3868525660001]]],"type":"Polygon"},"properties":{"determination_status":"CURRENT","field_no":"400","match_method":"normalized","matched_pprs_field":"WOOD","matched_pprs_slug":"wood","polygon_field_name":"Wood"},"type":"Feature"},{"geometry":{"coordinates":[[[-2.14287848799995,50.670154843],[-2.14291073799996,50.6807663920001],[-2.12592582699995,50.6807859130001],[-2.12593546399995,50.684383047],[-2.08346994099998,50.6844210530001],[-2.08348438399997,50.692514628],[-2.00137063299996,50.6925454120001],[-2.00137084599993,50.697041873],[-1.95181415199994,50.697030963],[-1.95181202799995,50.6990864620001],[-1.83335520999998,50.699094647],[-1.83333254899998,50.695015449],[-1.80833820499993,50.6950159470001],[-1.80833603899993,50.678354922],[-1.81389101499997,50.678354826],[-1.81389131999993,50.6672443350001],[-1.82083419999998,50.667244768],[-1.82085398499993,50.665760477],[-1.95141232499998,50.6657589450001],[-1.95141209499997,50.6619588950001],[-1.99429505299997,50.6619692450001],[-1.99429532499994,50.6592713520001],[-2.01693145999997,50.6592701500001],[-2.01693043999995,50.6565722540001],[-2.05795628599998,50.656558772],[-2.05796414199995,50.6628538140001],[-2.06786819799993,50.6628483470001],[-2.06788388499996,50.673639811],[-2.11458500299995,50.6736032760001],[-2.11457667299993,50.67018599],[-2.14287848799995,50.670154843]]],"type":"Polygon"},"properties":{"determination_status":"CURRENT","field_no":"011","match_method":"normalized","matched_pprs_field":"WYTCH FARM","matched_pprs_slug":"wytch-farm","polygon_field_name":"Wytch Farm"},"type":"Feature"},{"geometry":{"coordinates":[[[0.387427030000026,53.9242208740001],[0.415205474000061,53.9242212020001],[0.415205662000062,53.9186654640001],[0.448539793000066,53.9186658570001],[0.448539888000028,53.9158879890001],[0.456873420000022,53.915888088],[0.456873796000025,53.9047766130001],[0.465207330000055,53.9047767110001],[0.465208550000057,53.868664417],[0.448541484000032,53.86866422],[0.448542233000069,53.8464412710001],[0.423541635000049,53.846440977],[0.423541589000024,53.8478299110001],[0.41520805600004,53.847829813],[0.415208009000025,53.8492187470001],[0.409652321000067,53.8492186820001],[0.409652227000038,53.8519965500001],[0.406874382000069,53.8519965180001],[0.406874289000029,53.854774386],[0.40409644500005,53.854774354],[0.404096351000021,53.857552221],[0.401318507000042,53.857552189],[0.40131841300007,53.860330058],[0.398540569000033,53.8603300250001],[0.398540381000032,53.8658857620001],[0.392984692000027,53.8658856970001],[0.392984598000055,53.8686635650001],[0.379095378000045,53.868663401],[0.379095191000033,53.874219139],[0.373539502000028,53.8742190730001],[0.373539408000056,53.8769969420001],[0.37076156300003,53.8769969090001],[0.370761469000058,53.8797747780001],[0.367983625000022,53.8797747450001],[0.367983249000019,53.89088622],[0.36520540600003,53.890886187],[0.365204935000065,53.904775531],[0.387427689000049,53.9047757930001],[0.387427030000026,53.9242208740001]]],"type":"Polygon"},"properties":{"determination_status":"CURRENT","field_no":"368","match_method":"normalized","matched_pprs_field":"YORK","matched_pprs_slug":"york","polygon_field_name":"York"},"type":"Feature"},{"geometry":{"coordinates":[[[1.56907698500004,61.471175192],[1.58157736100003,61.4711753490001],[1.58157727000003,61.4728420810001],[1.58991085500003,61.472842185],[1.58991076400002,61.4745089180001],[1.59824434800004,61.4745090230001],[1.59824480500004,61.4661753610001],[1.59268908200005,61.4661752910001],[1.59268999600005,61.449507967],[1.56324466500007,61.4495075980001],[1.56324397900005,61.46200809],[1.56907748800006,61.4620081640001],[1.56907698500004,61.471175192]]],"type":"Polygon"},"properties":{"determination_status":"CURRENT","field_no":"550","match_method":"normalized","matched_pprs_field":"YTHAN","matched_pprs_slug":"ythan","polygon_field_name":"Ythan"},"type":"Feature"}],"type":"FeatureCollection"}
